listing_uid,first_seen,last_seen,title,make,model,year,price,km,fuel,transmission,power_kw,body_type,color
fdeeb06450ff11ef,2026-03-27T10:24:15.575864,2026-03-27T10:24:15.575864,Opel Tigra - TwinTop 1.8-16V COSMO // LEDER // AIRCO,Opel,Tigra,2005,3950,151829,Benzine,Handgeschakeld,93,Cabriolet,Grijs
58f8557fd36e3f96,2026-03-27T10:25:33.621911,2026-05-14T06:01:54.356628,Renault Twingo - 1.2-16V Dynamique airco dubbele achterstoel ALLINPRIJS,Renault,Twingo,2007,3750,94729,Benzine,Handgeschakeld,56,Hatchback,Zwart
2dd0bf0cff538523,2026-03-27T10:25:33.622413,2026-05-14T06:01:54.373716,Renault Modus - 1.4-16V Privilège Luxe,Renault,Modus,2005,3750,95199,Benzine,Handgeschakeld,72,MPV,Zwart
ca08a2d2399b8c9a,2026-03-27T10:25:33.622824,2026-04-16T06:01:55.366709,Citroën DS3 - Cruise Control | Parkeersensoren | Mistlampen | Radio & CD-s,Citroën,DS3,2014,4000,129089,Benzine,Handgeschakeld,60,Hatchback,Grijs
a4246caf32164f3b,2026-03-27T10:25:33.623206,2026-04-20T06:01:55.700660,Citroën C3 - 1.4 VTi Dynamique,Citroën,C3,2010,3750,157350,Benzine,Handgeschakeld,72,Hatchback,Grijs
f49f477bd980e080,2026-03-27T10:25:33.623573,2026-03-28T19:23:09.493022,Citroën C2 - 1.6i-16V VTR|Automaat|Trekhaak|Cruise,Citroën,C2,2007,3850,139291,Benzine,Automaat,80,Hatchback,Zwart
d8045ef0f21c34e1,2026-03-27T10:25:33.624279,2026-03-28T19:23:09.494512,Renault Twingo - 1.2-16V Dynamique,Renault,Twingo,2010,3950,151553,Benzine,Automaat,56,Hatchback,Blauw
a7e33627824e55e7,2026-03-27T10:25:33.624638,2026-03-27T10:25:33.624638,Citroën C4 Picasso - 1.6 VTI HOGE INSTAP 136.980 KM DEALER ONDERHOUD,Citroën,C4,2009,3748,136980,Benzine,Handgeschakeld,88,MPV,Bruin
e77dfcee4ef7473b,2026-03-27T10:25:33.625005,2026-05-14T06:01:54.362422,Peugeot 107 - 1.0-12V XR | Airco | 5-deurs | Inclusief 6 maanden garantie,Peugeot,107,2012,3950,142930,Benzine,Handgeschakeld,50,Hatchback,Zwart
52f048266fd11a41,2026-03-27T10:25:33.625360,2026-03-28T19:23:09.502023,Peugeot 107 - 1.0 68PK 3D Access Pack Accent AIRCO | Bluetooth bellen | Af,Peugeot,107,2012,3800,122848,Benzine,Handgeschakeld,50,Hatchback,Blauw
cef2c86d9a6639ff,2026-03-27T10:25:33.625733,2026-04-08T06:01:54.700764,Hyundai i10 - 1.1 i-Drive Cool,Hyundai,i10,2011,3950,115032,Benzine,Handgeschakeld,51,Hatchback,Zwart
bd66b596654eeff7,2026-03-27T10:25:33.626113,2026-05-14T06:01:54.368353,Ford Ka - 1.2 Titanium X start/stop,Ford,Ka,2011,3995,110793,Benzine,Handgeschakeld,51,Hatchback,Zwart
ecdd0bfb2a9e61f9,2026-03-27T10:25:33.626477,2026-04-04T06:01:54.822326,Peugeot 206+ - 1.4 XS | NL-AUTO | AIRCO | NIEUWE DISTRIBUTIERIEM |,Peugeot,206+,2009,3750,101003,Benzine,Handgeschakeld,55,Hatchback,Blauw
6fc09bb13231a9b1,2026-03-27T10:25:33.626839,2026-04-17T06:01:55.370909,"Citroën C1 - 1.0 Attraction, AIRCO, ZEER NETTE STAAT, RIJKLAAR",Citroën,C1,2013,3950,154281,Benzine,Handgeschakeld,50,Hatchback,Wit
ca10ee1d5085e461,2026-03-27T10:25:33.627198,2026-05-14T06:01:54.372309,"Opel Meriva - 1.4 Turbo Edition, Cruise control, Clima, Elek pakket, Leder",Opel,Meriva,2011,3940,152973,Benzine,Handgeschakeld,103,MPV,Zwart
35309dd138f95b6e,2026-03-27T10:25:33.627550,2026-04-28T06:01:54.545774,Fiat 500 - 0.9 TwinAir Lounge,Fiat,500,2013,3650,157723,Benzine,Handgeschakeld,63,Hatchback,Paars
b7a5459d8eda8091,2026-03-27T10:25:33.627915,2026-05-14T06:01:54.351243,Daihatsu Cuore - 1.0 Comfort,Daihatsu,Cuore,2011,3950,83843,Benzine,Handgeschakeld,51,Hatchback,Rood
7cb361249eeb63a9,2026-03-27T10:25:33.628272,2026-04-03T06:50:46.118587,"Suzuki Splash - 1.0 VVT Exclusive EASSS, 5-deurs, Airco",Suzuki,Splash,2012,3750,121245,Benzine,Handgeschakeld,50,Hatchback,Grijs
0622fbd2426698f2,2026-03-27T10:25:33.628625,2026-03-28T19:23:09.492651,Citroën C3 Picasso - 1.4 VTi Aura Airco.Cruise.Pdc.Trekhaak,Citroën,C3,2010,3850,146997,Benzine,Handgeschakeld,71,MPV,Zwart
9a969a32367497b4,2026-03-27T10:25:33.628993,2026-05-14T06:01:54.379420,Nissan Micra - 1.2 Connect Edition TEKST LEZEN AUB,Nissan,Micra,2012,3999,154876,Benzine,Automaat,59,Hatchback,Grijs
ed87e086d8eb2d1a,2026-03-27T10:25:33.629346,2026-05-07T06:01:54.126006,Renault Twingo - 1.2 16V Dynamique|Airco|Cruise Control|NAP|APK |,Renault,Twingo,2012,3950,144443,Benzine,Handgeschakeld,55,Hatchback,Grijs
00014f34e374bb61,2026-03-27T10:25:33.629696,2026-03-28T19:23:09.500221,"Suzuki Alto - 1.0 Exclusive Centrale deurvergrendeling, L.M. Velgen, Airco",Suzuki,Alto,2012,3750,136834,Benzine,Handgeschakeld,50,Hatchback,Zwart
a0f91003dfd2fb7a,2026-03-27T10:25:33.630072,2026-05-14T06:01:54.385917,Peugeot 107 - 1.0-12V XS Black/Grey Airco,Peugeot,107,2011,3950,158219,Benzine,Handgeschakeld,50,Hatchback,Grijs
c1d6ecf42641ab08,2026-03-27T10:25:33.630425,2026-05-13T06:01:54.571967,"Citroën C1 - 1.0-12V Ambiance, , Zaterdag 16-5 gesloten, Airco, Electrisc",Citroën,C1,2010,3750,113496,Benzine,Handgeschakeld,50,Hatchback,Grijs
5bf0a07d64f7f4e9,2026-03-27T10:25:33.630785,2026-04-09T06:01:56.127276,Opel Meriva - 1.6-16V Cosmo ZO MEENEEMPRIJS,Opel,Meriva,2010,3945,115323,Benzine,Handgeschakeld,77,MPV,Grijs
0e72d6a51c65b774,2026-03-27T10:25:33.631142,2026-04-04T06:01:54.843117,Renault Twingo - 1.2-16V Dynamique AIRCO / ELEKT RAMEN / ORGINEEL NL / NAP,Renault,Twingo,2008,3995,70191,Benzine,Handgeschakeld,57,Hatchback,Zwart
d233f5c8b5622700,2026-03-27T10:25:33.631505,2026-05-14T06:01:54.355544,Renault Twingo - 1.2 16V Dynamique,Renault,Twingo,2012,3995,99815,Benzine,Handgeschakeld,55,Hatchback,Wit
be2e9acf47a09a71,2026-03-27T10:25:33.631873,2026-05-14T06:01:54.352015,Fiat Panda - 1.2 69pk Active,Fiat,Panda,2011,3945,139083,Benzine,Handgeschakeld,51,Hatchback,Blauw
babcfa1df3c021cd,2026-03-27T10:25:33.632228,2026-05-11T06:01:54.483504,Peugeot 107 - 1.0 XS Airco (APK:Nieuw) Incl.Garantie,Peugeot,107,2012,3745,140000,Benzine,Handgeschakeld,50,Hatchback,Rood
5251173b23f6a5b1,2026-03-27T10:25:33.632577,2026-05-14T06:01:54.384128,"Renault Vel Satis - 2.0 16V turbo , Exception , navigatie",Renault,Vel,2006,3950,147667,Benzine,Handgeschakeld,125,Hatchback,Grijs
0cacf2613dbe4b37,2026-03-27T10:25:33.632937,2026-03-28T19:23:09.502393,Fiat Panda - 0.9 TwinAir Lounge NW Koppeling NW Condensor,Fiat,Panda,2012,3950,158097,Benzine,Handgeschakeld,63,Hatchback,Rood
2c1d6260bce56e43,2026-03-27T10:25:33.633290,2026-05-14T06:01:54.381219,"Opel Corsa - 1.2-16V Silverline, automaat",Opel,Corsa,2006,3750,147177,Benzine,Automaat,59,Hatchback,Grijs
917b420934488b35,2026-03-27T10:25:33.633640,2026-05-14T06:01:54.374426,"Opel Agila - 1.2 Edition , airco , 111.000 km NAP",Opel,Agila,2009,3650,111097,Benzine,Handgeschakeld,63,Hatchback,Zwart
39986470e2a09d50,2026-03-27T10:25:33.634021,2026-04-07T06:01:56.081441,Suzuki Alto - 1.0 Base,Suzuki,Alto,2011,3750,137908,Benzine,Handgeschakeld,50,Hatchback,Zwart
575e79c3e041d516,2026-03-27T10:25:33.634383,2026-03-28T19:23:09.503097,"Suzuki Splash - 1.2 Exclusive Airco, Lichtmetalen Velgen, Elektrische Ramen",Suzuki,Splash,2008,3950,75927,Benzine,Handgeschakeld,63,Hatchback,Oranje
c40e21ea4b2cc6ba,2026-03-27T10:25:33.634742,2026-04-28T06:01:54.561991,Ford Ka - 1.2 Titanium,Ford,Ka,2010,3500,123348,Benzine,Handgeschakeld,51,Hatchback,Wit
a14f5efb3103184c,2026-03-27T10:25:33.635093,2026-05-14T06:01:54.359981,Fiat Panda - 0.9 TwinAir Lounge,Fiat,Panda,2013,3950,128538,Benzine,Handgeschakeld,49,Hatchback,Rood
987f59a6b1394c87,2026-03-27T10:25:33.635443,2026-05-14T06:01:54.353125,Renault Twingo - 1.2-16V Night & Day | SCHUIF-KANTEL | AIRCO |,Renault,Twingo,2009,3750,137770,Benzine,Handgeschakeld,57,Hatchback,Wit
5205ecf5464d4935,2026-03-27T10:25:33.635807,2026-04-08T06:01:54.687331,"Toyota Aygo - 1.0-12V 5-Drs Red Aspiration AIRCO, LEUKE UITVOERING",Toyota,Aygo,2011,3999,158300,Benzine,Handgeschakeld,50,Hatchback,Rood
ae0e081f37495990,2026-03-27T10:25:33.636159,2026-05-14T06:01:54.383412,Suzuki Splash - 1.2 Exclusive Airco Trekhaak,Suzuki,Splash,2008,3950,157091,Benzine,Handgeschakeld,63,Hatchback,Oranje
52ee31895dcbf425,2026-03-27T10:25:33.636508,2026-04-08T06:01:54.702181,Opel Meriva - 1.6-16V Cosmo | CLIMA | CRUISE | PDC | ELEK RAMEN |,Opel,Meriva,2010,3950,154052,Benzine,Handgeschakeld,77,MPV,Grijs
d6c2760ab88fb733,2026-03-27T10:25:33.636888,2026-04-09T06:01:56.118060,Ford Ka - 1.2 Limited|69Pk|Airco|Boekjes,Ford,Ka,2010,3845,131069,Benzine,Handgeschakeld,51,Hatchback,Zwart
2d4ae35e1dfecc1f,2026-03-27T10:25:33.637239,2026-05-14T06:01:54.352388,Suzuki Alto - 1.0 Exclusive Airco (APK:Nieuw) Incl.Garantie,Suzuki,Alto,2009,3595,120000,Benzine,Handgeschakeld,50,Hatchback,Blauw
df1191967dca0889,2026-03-27T10:25:33.637591,2026-03-28T19:23:09.508102,Toyota Aygo - 1.0 VVT-i Aspiration//ONDERHOUDEN /INCL APK EN AFLEVERING,Toyota,Aygo,2013,3995,158945,Benzine,Handgeschakeld,50,Hatchback,Wit
a2acf1eebf6343de,2026-03-27T10:25:33.637980,2026-05-14T06:01:54.387825,Ford Ka - 1.2 Cool &amp; Sound s/s Bovag Garantie 6 maanden,Ford,Ka,2011,3950,130417,Benzine,Handgeschakeld,51,MPV,Wit
2da4b1e24079461f,2026-03-27T10:25:33.638339,2026-05-14T06:01:54.364013,Toyota Aygo - 1.0-12V,Toyota,Aygo,2008,3995,91598,Benzine,Handgeschakeld,50,Hatchback,Grijs
e1d2898e6e0d6f3c,2026-03-27T10:25:33.638692,2026-04-25T06:01:54.351542,Kia Picanto - 1.0 X-TRA AIRCO 71.KM,Kia,Picanto,2008,3750,71096,Benzine,Handgeschakeld,46,Hatchback,Blauw
bc2308fddc4eaaf2,2026-03-27T10:25:33.639051,2026-03-28T19:23:09.510981,Peugeot 107 - 1.0-12V Sublime,Peugeot,107,2010,3950,93910,Benzine,Handgeschakeld,50,Hatchback,Blauw
2892dafa31ef97a0,2026-03-27T10:25:33.639402,2026-03-28T19:23:09.511344,Ford Ka - 1.2 Titanium,Ford,Ka,2010,3750,92228,Benzine,Handgeschakeld,51,Hatchback,Grijs
a35ac8d5d6a8b1c9,2026-03-27T10:25:33.639755,2026-03-28T19:23:09.508470,Renault Twingo - 1.2-16V Collection,Renault,Twingo,2010,3950,116339,Benzine,Handgeschakeld,55,Hatchback,Zilver
53d34598edf23ffd,2026-03-27T10:25:33.640109,2026-05-14T06:01:54.384843,"Ford Ka - 1.2 69pk Metal, AIRCO, STOELVERWARMING, PDC",Ford,Ka,2011,3895,157969,Benzine,Handgeschakeld,51,Hatchback,Grijs
0ac4f4c70633291b,2026-03-27T10:25:33.640458,2026-04-30T06:01:54.585540,Renault Twingo - 1.2 16V Collection,Renault,Twingo,2012,3950,114188,Benzine,Handgeschakeld,55,Hatchback,Rood
bc7518abbbb73e21,2026-03-27T10:25:33.640811,2026-04-14T06:01:56.276996,Ford Ka - 1.2 TITANIUM,Ford,Ka,2009,3995,129644,Benzine,Handgeschakeld,51,Hatchback,Zwart
33b00a3087d5614e,2026-03-27T10:25:33.641164,2026-05-14T06:01:54.367989,Mitsubishi Colt - 1.1 Incharge | Climate Control Airco | Radio | Etc.,Mitsubishi,Colt,2008,3500,76654,Benzine,Handgeschakeld,55,Hatchback,Grijs
81e81e2c8ccbc07c,2026-03-27T10:25:33.641515,2026-05-14T06:01:54.361160,Suzuki Splash - 1.0 VVT Base,Suzuki,Splash,2011,3650,140667,Benzine,Handgeschakeld,50,Hatchback,Wit
5b8a20bcacf779c0,2026-03-27T10:25:33.641874,2026-04-08T06:01:54.692720,Hyundai i10 - 1.1 i-Drive Cool,Hyundai,i10,2012,3850,123119,Benzine,Handgeschakeld,51,Hatchback,Blauw
c130aa0c95c9de0b,2026-03-27T10:25:33.642247,2026-04-08T06:01:54.688821,"Suzuki Alto - 1.0 Comfort Plus 1ste eigenaar, Dealer onderhouden, Airco, C",Suzuki,Alto,2011,3950,121258,Benzine,Handgeschakeld,50,Hatchback,Blauw
d2d53a3c6c00dc01,2026-03-27T10:25:33.642608,2026-04-08T06:01:54.694140,Fiat Panda - 0.9 TwinAir Easy,Fiat,Panda,2012,3995,134127,Benzine,Handgeschakeld,48,Hatchback,Zwart
c218e07462551ad1,2026-03-27T10:25:33.643004,2026-04-12T06:01:54.388946,Suzuki Splash - 1.0 VVT Comfort 5-drs Airco|1e Eigenaar,Suzuki,Splash,2012,3500,145504,Benzine,Handgeschakeld,50,Hatchback,Grijs
c16426e04b04c505,2026-03-27T10:25:33.643365,2026-05-06T06:01:55.513804,Renault Twingo - 1.2-16V Collection | Airco | Lichtmetalen velgen | Radio | B,Renault,Twingo,2011,3950,152577,Benzine,Handgeschakeld,55,Hatchback,Rood
995e029bb2377f4b,2026-03-27T10:25:33.643729,2026-04-28T06:01:54.552267,"Peugeot 1007 - 1.6-16V Sporty, Automaat, Electrische schuifdeuren, Hoge ins",Peugeot,1007,2005,3950,109965,Benzine,Automaat,80,Hatchback,Blauw
09980cabf172cd61,2026-03-27T10:25:33.644081,2026-05-04T06:01:54.390913,Fiat Panda - 0.9 TwinAir 65pk Lounge | Airco | Privacy glass | Hoge zit,Fiat,Panda,2013,3850,138517,Benzine,Handgeschakeld,48,Hatchback,Grijs
353d1456baca4ab6,2026-03-27T10:25:33.644431,2026-05-14T06:01:54.360760,"Citroën C4 Picasso - 1.6 VTi Attraction NAP, NETTE AUTO",Citroën,C4,2011,3999,115540,Benzine,Handgeschakeld,88,MPV,Zilver
fa98731080ce1ccc,2026-03-27T10:25:33.644795,2026-04-04T06:01:54.839917,Fiat Panda - 0.9 TwinAir Pop [ Radio CD Isofix Stuurbekrachtiging ],Fiat,Panda,2014,3945,101764,Benzine,Handgeschakeld,44,Hatchback,Rood
12a35e3ab1d32130,2026-03-27T10:25:33.645154,2026-05-13T06:01:54.546235,Renault Clio - 1.2 TCe Collection | Cruise | Airco | Goed onderhouden |,Renault,Clio,2010,3995,154216,Benzine,Handgeschakeld,74,Hatchback,Blauw
1444032b8b79c012,2026-03-27T10:25:33.645507,2026-04-07T06:01:56.078176,Suzuki Alto - 1.0 Comfort Plus,Suzuki,Alto,2010,3950,119261,Benzine,Handgeschakeld,50,Hatchback,Rood
bbb285bac2ca541c,2026-03-27T10:25:33.645864,2026-04-04T06:01:54.827721,Nissan Note - 1.6 Acenta,Nissan,Note,2007,3999,72216,Benzine,Handgeschakeld,81,MPV,Grijs
98858652f2f6d2a0,2026-03-27T10:25:33.646237,2026-04-06T06:01:54.261061,Seat Altea - 1.2 TSI Style. Clima. Cruise,Seat,Altea,2010,3949,158253,Benzine,Handgeschakeld,77,MPV,Grijs
65bc7e25a67bcaf5,2026-03-27T10:25:33.646585,2026-04-17T06:01:55.367306,Ford Focus - Wagon 1.6 EcoBoost Titanium HANDEL|EXPORT|MEENEEMPRIJS,Ford,Focus,2012,3850,155350,Benzine,Handgeschakeld,110,,Oranje
d5e588b72e667c7d,2026-03-27T10:25:33.646940,2026-04-21T06:01:55.974559,Hyundai i20 - 1.2i ActiveVersion | Airco | Radio CD | Centrale deurvergren,Hyundai,i20,2011,3775,158734,Benzine,Handgeschakeld,57,Hatchback,Wit
74573b546225b919,2026-03-27T10:25:33.647298,2026-03-28T19:23:09.510254,Peugeot 107 - 1.0 Active Premium Pack - 5Drs I Airco I LED I Comfort pakke,Peugeot,107,2012,3500,155619,Benzine,Handgeschakeld,50,Hatchback,Wit
283f0d3d789bed00,2026-03-27T10:25:33.647654,2026-04-28T06:01:54.543978,Hyundai i20 - | AIRCO | 145.000KM | Hyundai i20 1.2i i-Drive | AIRCO | 145,Hyundai,i20,2011,3950,145736,Benzine,Handgeschakeld,57,Hatchback,Grijs
32836d88ee3aa52f,2026-03-27T10:25:33.648009,2026-04-07T06:01:56.087481,Fiat Panda - 0.9 TwinAir Lounge (12 mnd BOVAG-garantie),Fiat,Panda,2012,3995,126528,Benzine,Handgeschakeld,63,Hatchback,Rood
374b3589eccda1ef,2026-03-27T10:25:33.648359,2026-04-08T06:01:54.694501,Renault Clio - 1.2 Collection 5-Deurs/Airco/Cruise/Isofix,Renault,Clio,2011,3950,158048,Benzine,Handgeschakeld,55,Hatchback,Grijs
ae5a6ce32eefad56,2026-03-27T10:25:33.648706,2026-03-28T19:23:09.499516,Seat Ibiza - 1.2 CLUB,Seat,Ibiza,2011,3950,76130,Benzine,Handgeschakeld,44,Hatchback,Zwart
4e1be9d551339b4f,2026-03-27T10:25:33.649062,2026-05-14T06:01:54.354218,Citroën C1 - 1.0-12V Ambiance | Elektrische ramen voor,Citroën,C1,2007,3900,151504,Benzine,Handgeschakeld,50,Hatchback,Zwart
eaa8ea64de98368f,2026-03-27T10:25:33.649416,2026-04-30T06:01:54.575232,Volkswagen Golf Plus - 1.4 TSI Comfortline 122pk | ECC | Cruise control | Trekhaak,Volkswagen,Golf,2008,3950,131723,Benzine,Handgeschakeld,90,MPV,Grijs
e3da2bfddb5fe2b3,2026-03-27T10:25:33.649770,2026-05-05T06:01:57.055892,"Opel Corsa - 1.4-16V Business, Airco, 5 Deur, Velgen, APK",Opel,Corsa,2009,3750,140051,Benzine,Handgeschakeld,66,Hatchback,Grijs
a685e36a6582d3c1,2026-03-27T10:25:33.650140,2026-04-29T06:01:55.112511,Opel Agila - 1.0 Edition LPG-G3 af fabriek met Airco en,Opel,Agila,2010,3900,159495,Benzine,Handgeschakeld,48,Hatchback,Grijs
d25bebc52ca73537,2026-03-27T10:25:33.650493,2026-05-13T06:01:54.555613,Suzuki Alto - 1.0 Exclusive,Suzuki,Alto,2010,3750,119384,Benzine,Handgeschakeld,50,Hatchback,Grijs
9c04a03f7d039251,2026-03-27T10:25:33.650844,2026-04-18T06:01:53.835243,Dacia Sandero - 1.2 Lauréate|Airco|Trekhaak|D-riem vervangen,Dacia,Sandero,2012,3750,146545,Benzine,Handgeschakeld,55,Hatchback,Grijs
0013e2339daf9cce,2026-03-27T10:25:33.651196,2026-05-14T06:01:54.366376,Nissan Pixo - 1.0 Look 5 deurs airco 122000 km NAP,Nissan,Pixo,2012,3950,122794,Benzine,Handgeschakeld,50,Hatchback,Grijs
17ec9025119184c3,2026-03-27T10:25:33.651541,2026-05-14T06:01:54.357703,"Opel Meriva - 1.4-16V Selection, trekhaak, climate control",Opel,Meriva,2009,3750,135239,Benzine,Handgeschakeld,66,MPV,Grijs
e607ce00cc3bc6cb,2026-03-27T10:25:33.651893,2026-05-14T06:01:54.377972,Ford Ka - 1.2 COOL & SOUND S&S + AIRCO,Ford,Ka,2011,3950,137544,Benzine,Handgeschakeld,51,Hatchback,Zwart
caefe8457cdd6799,2026-03-27T10:25:33.652240,2026-04-15T06:01:54.676192,Renault Twingo - 1.2-16V Collection Sportvelgen | Airco | Toerenteller | Cent,Renault,Twingo,2011,3980,123433,Benzine,Handgeschakeld,55,Hatchback,Zwart
070aa643d7701af4,2026-03-27T10:25:33.652599,2026-03-27T10:25:33.652599,Citroën C1 - 1.0 Collection Airco Cpv,Citroën,C1,2013,3999,147470,Benzine,Handgeschakeld,50,Hatchback,Grijs
6b77ed049da81e92,2026-03-27T10:25:33.652971,2026-03-28T19:23:09.525506,Renault Scénic - 1.6-16V Tech Line,Renault,Scénic,2009,3745,134672,Benzine,Handgeschakeld,82,MPV,Beige
d725159022ed7882,2026-03-27T10:25:33.653317,2026-03-27T10:25:33.653317,Renault Twingo - 1.2-16V Dynamique,Renault,Twingo,2008,3950,53338,Benzine,Handgeschakeld,,Hatchback,Grijs
b367f00e6960a37a,2026-03-27T10:25:33.653664,2026-03-28T19:23:09.524798,Citroën Berlingo - 1.6 e-HDI 500 Club Economy,Citroën,Berlingo,2014,3950,104636,Diesel,Handgeschakeld,66,,Wit
33c9ce8a2e46a549,2026-03-27T10:25:33.654376,2026-04-29T06:01:55.113223,Suzuki Alto - 1.0 Cool Exclusive,Suzuki,Alto,2011,3985,134522,Benzine,Handgeschakeld,50,Hatchback,Grijs
f00fd3d07bd1c08b,2026-03-27T10:25:33.654731,2026-03-27T10:25:33.654731,Ford Fiesta - 1.25 Titanium / 145.613 km NAP / APK maart 2027,Ford,Fiesta,2011,3799,145566,Benzine,Handgeschakeld,44,Hatchback,Grijs
3f1cafc7624d35ad,2026-03-27T10:25:33.655085,2026-04-26T06:01:55.041579,Renault Twingo - 1.2-16V COLLECTION / AIRCO / CRUISE CTR. / RADIO-CD / BLUETO,Renault,Twingo,2011,3950,157321,Benzine,Handgeschakeld,55,Hatchback,Wit
854852e6a1ef65bf,2026-03-27T10:25:33.655437,2026-04-24T06:01:54.819240,Citroën C1 - 1.0-12V Ambiance Airco .,Citroën,C1,2010,3950,127921,Benzine,Handgeschakeld,50,Hatchback,Grijs
2f3ad291056272ac,2026-03-27T10:25:33.655794,2026-03-28T19:23:09.526204,Daihatsu Materia - 1.3 Rythm | Afneembare Trekhaak | Dealer Onderhouden,Daihatsu,Materia,2009,3950,137980,Benzine,Handgeschakeld,68,MPV,Grijs
cb43773731f85f02,2026-03-27T10:25:33.656150,2026-05-14T06:01:54.373367,Citroën C1 - 1.0-12V Ambiance ✅Radio CD✅Electr. Ramen✅Centr. Vergrend.✅To,Citroën,C1,2010,3750,154887,Benzine,Handgeschakeld,50,Hatchback,Zwart
227cb489aae0cad7,2026-03-27T10:25:33.656502,2026-04-30T06:01:54.587699,Peugeot 107 - 1.0 Accent | 5 drs | Airco | 1e Eig | NL auto | GARANTIE,Peugeot,107,2012,3950,147218,Benzine,Handgeschakeld,50,Hatchback,Grijs
3b423a7b1b72d8be,2026-03-27T10:25:33.656859,2026-04-27T06:01:56.173357,Renault Twingo - 1.2 16V Collection 1E EIGENAAR_AIRCO_NAP,Renault,Twingo,2013,3945,135334,Benzine,Handgeschakeld,55,Hatchback,Blauw
6b70b91e46dfa675,2026-03-27T10:25:33.657214,2026-03-27T10:25:33.657214,Toyota iQ - 1.0 VVTi Comfort/ AIRCO/ BTW AUTO,Toyota,iQ,2009,4050,116333,Benzine,Handgeschakeld,50,Hatchback,Wit
03adc1e8131de78e,2026-03-27T10:25:33.657561,2026-03-27T10:25:33.657561,Volkswagen Polo - 1.2 Easyline. Carplay,Volkswagen,Polo,2012,3949,158790,Benzine,Handgeschakeld,44,Hatchback,Zwart
615ca3aafbde9d9e,2026-03-28T19:21:15.625889,2026-04-13T06:01:56.848042,Nissan Pixo - 1.0 Acenta,Nissan,Pixo,2009,3995,68518,Benzine,Handgeschakeld,50,Hatchback,Grijs
52c32f447af6ae56,2026-03-28T19:21:15.629486,2026-04-03T06:50:46.129456,Toyota Yaris - 1.3 VVTi 5-DRS * EERSTE EIGNR * * Airco,Toyota,Yaris,2008,3950,158550,Benzine,Handgeschakeld,64,Hatchback,Grijs
0853b3772717c919,2026-03-28T19:21:15.631986,2026-04-03T06:50:46.120772,Peugeot 3008 - 1.6 THP GT AIRCO CRUISE NAVIGATIE PDC LEDER STOELVERWARMING,Peugeot,3008,2010,3999,142736,Benzine,Handgeschakeld,115,MPV,Zwart
d1ba976ca05fa00b,2026-03-28T19:21:15.653975,2026-04-30T06:01:54.587347,Opel Meriva - 1.6-16V Temptation,Opel,Meriva,2007,3950,135135,Benzine,Handgeschakeld,77,MPV,Grijs
5e0ba50258e15cc9,2026-03-28T19:21:15.654673,2026-03-28T19:23:09.523743,Suzuki Alto - 1.0 Celebration EASSS/Airco/5Drs/18-08-26Apk,Suzuki,Alto,2014,3995,144525,Benzine,Handgeschakeld,50,Hatchback,Wit
b7667b416c06d7d3,2026-03-28T19:21:15.655017,2026-03-28T19:23:09.524088,Citroën C1 - 1.0-12V Ambiance,Citroën,C1,2008,3500,129955,Benzine,Handgeschakeld,50,Hatchback,Rood
7ff299e8ab27bf5c,2026-03-28T19:21:15.655375,2026-04-21T06:01:55.985068,Suzuki Alto - 1.0 Comfort Plus,Suzuki,Alto,2010,3750,130302,Benzine,Handgeschakeld,50,Hatchback,Grijs
dd771024a7af0900,2026-03-28T19:21:15.656084,2026-03-28T19:23:09.525151,Peugeot 207 - CC 1.6 VTi Première|Leder|Airco|Sport velgen|,Peugeot,207,2007,3995,115725,Benzine,Handgeschakeld,88,Cabriolet,Grijs
9941d267f22253cc,2026-03-28T19:21:15.657809,2026-04-26T06:01:55.041237,Toyota Aygo - AUTOMAAT SPECIALIST!! LEES TEKST! ''ZONDAG EN KONINGSDAG OPE,Toyota,Aygo,2009,3500,90000,Benzine,Automaat,50,Hatchback,
d0290e90540ab8bc,2026-04-03T06:31:47.655335,2026-05-14T06:01:54.371935,Fiat Punto - 1.4-16V Sport,Fiat,Punto,2008,3995,154070,Benzine,Handgeschakeld,70,Hatchback,Zwart
8a08dd8585b706c0,2026-04-03T06:31:47.656589,2026-04-04T06:01:54.829121,Ford Fiesta - 1.25 Limited | Airco | Lichtmetaal,Ford,Fiesta,2010,3885,124732,Benzine,Handgeschakeld,44,Hatchback,Rood
cf891f8307c8e8de,2026-04-03T06:31:47.657356,2026-05-10T06:01:54.533378,Lancia Musa - 1.4-16V automaat|panodak|Clima|Cruise|Stoelverw.,Lancia,Musa,2008,3690,144567,Benzine,Handgeschakeld,70,MPV,Grijs
fd30eda6bd7aaf40,2026-04-03T06:31:47.658851,2026-04-18T06:01:53.820922,Hyundai i10 - 1.2 Plus | Airco | NAP | Onderhouden,Hyundai,i10,2012,3980,102795,Benzine,Handgeschakeld,63,Hatchback,Grijs
1d8164c1737ba2a9,2026-04-03T06:31:47.661413,2026-04-17T06:01:55.393415,Chevrolet Kalos - 1.4-16V Automaat Style 5drs met 57.000km Airco 1e Eigenaar D,Chevrolet,Kalos,2007,3500,57317,Benzine,Automaat,69,Hatchback,Rood
68455c7e067449c4,2026-04-03T06:31:47.662866,2026-05-13T06:01:54.572325,Citroën C1 - 1.0-12V Ambiance,Citroën,C1,2010,3650,140749,Benzine,Handgeschakeld,50,Hatchback,Zwart
aa5c03bf03bf1d80,2026-04-03T06:31:47.663610,2026-05-14T06:01:54.356278,Opel Agila - 1.2 Enjoy,Opel,Agila,2008,3950,92653,Benzine,Handgeschakeld,63,Hatchback,Grijs
368be3ed52f8e3a6,2026-04-03T06:31:47.663970,2026-04-11T06:01:55.363841,Citroën C1 - 1.0i 12V Ambiance 5-drs Airco/LMV,Citroën,C1,2010,3950,141534,Benzine,Handgeschakeld,50,Hatchback,Zwart
a2727351c28e93fc,2026-04-03T06:31:47.665774,2026-05-14T06:01:54.361622,"Renault Twingo - 1.2-16V Collection Airco, Buitenspiegels elektrisch verstelb",Renault,Twingo,2011,3750,144123,Benzine,Handgeschakeld,55,Hatchback,Blauw
6ebb7e056266f7e8,2026-04-03T06:31:47.666160,2026-04-07T06:01:56.086420,Peugeot Expert - 227 1.6 HDI L1H1 Profit+ | Marge auto | Airco | Achteruitrij,Peugeot,Expert,2009,3950,150416,Diesel,Handgeschakeld,66,,Grijs
626d22c6a713d13b,2026-04-03T06:31:47.668362,2026-04-24T06:01:54.819948,Citroën C1 - 1.0 Tendance 5drs 95dKM!|LED|Elek.ramen|CV-afstand,Citroën,C1,2012,3999,95843,Benzine,Handgeschakeld,50,Hatchback,Wit
bfe6106bfc70969b,2026-04-03T06:31:47.668711,2026-04-04T06:01:54.845569,Ford Fiesta - 1.25 Titanium |X-PACK|CLIMA|ELEK PAKKET|LM VELGEN | 4827 / 1,Ford,Fiesta,2010,3700,149989,Benzine,Handgeschakeld,60,Hatchback,Paars
7820b79dfdbdc24d,2026-04-03T06:31:47.669426,2026-04-21T06:01:55.955108,Hyundai i10 - 1.1 i-Drive / 5-Deurs / Radio-CD / Goed onderhouden / NAP,Hyundai,i10,2012,3795,138241,Benzine,Handgeschakeld,51,Hatchback,Grijs
9b5f46e21dff0b31,2026-04-03T06:31:47.669778,2026-04-08T06:01:54.681248,Renault Twingo - 1.2 16V Parisienne. APK 02-2027,Renault,Twingo,2014,3949,103028,Benzine,Handgeschakeld,55,Hatchback,Wit
e31fdf83302a63f4,2026-04-03T06:31:47.670503,2026-04-08T06:01:54.671668,Peugeot 107 - Urban 5Drs AIrco Elektr. pakket,Peugeot,107,2010,3995,85788,Benzine,Handgeschakeld,50,Hatchback,Grijs
21743a69ed053dbd,2026-04-03T06:31:47.672636,2026-04-04T06:01:54.843822,Ford Ka - 1.2 Titanium Airco l Elek. ramen,Ford,Ka,2010,3845,82367,Benzine,Handgeschakeld,51,Hatchback,Grijs
083c4c3bd388fab0,2026-04-03T06:31:47.673337,2026-04-03T06:50:46.135371,Peugeot 107 - 1.0 Access Accent | NL-AUTO | AIRCO | APK + 3 MND. GARANTIE,Peugeot,107,2012,3950,79818,Benzine,Handgeschakeld,50,Hatchback,Wit
377973ea82f31915,2026-04-03T06:31:47.673685,2026-04-11T06:01:55.375293,Ford Ka - 1.2 Limited start/stop bj2015/141000km/stoelverwarming/parke,Ford,Ka,2015,3500,140569,Benzine,Handgeschakeld,51,Hatchback,Wit
86d7c292384d2108,2026-04-03T06:31:47.674766,2026-05-04T06:01:54.401633,Peugeot 207 - CC 1.6 VTi Féline Automaat 120PK | Rijklaarprijs | Cruise |,Peugeot,207,2008,3950,158670,Benzine,Automaat,88,Cabriolet,Zwart
27e17a2f529d032c,2026-04-03T06:31:47.675481,2026-04-03T06:50:46.137474,Suzuki Swift - 1.3 Shogun AIRCO-5DRS-CV,Suzuki,Swift,2008,3950,127424,Benzine,Handgeschakeld,68,Hatchback,Grijs
969a43b9932b4588,2026-04-03T06:31:47.675827,2026-04-15T06:01:54.685831,Hyundai i10 - 1.1 i-DRIVE COOL 5-ZITS <| AIRCO | ELEKTRISCHE RAMEN | CENTR,Hyundai,i10,2011,3900,150294,Benzine,Handgeschakeld,51,Hatchback,Beige
032793185d4e4efa,2026-04-03T06:31:47.676894,2026-04-13T06:01:56.831234,Hyundai i10 - 1.1 i-Drive Cool,Hyundai,i10,2012,3850,123119,Benzine,Handgeschakeld,51,Hatchback,Blauw
1ad4ffac96f30eb1,2026-04-03T06:31:47.677986,2026-04-09T06:01:56.119121,Suzuki SX4 - 1.6 Shogun 2008 109000km NWE.APK [POSTCODE],Suzuki,SX4,2008,3995,109192,Benzine,Handgeschakeld,79,MPV,Grijs
13f1e0c0df82b9a8,2026-04-03T06:31:47.678712,2026-05-09T06:01:55.176547,"Toyota Aygo - 1.0-12V 5-Drs Red Aspiration AIRCO, LEUKE UITVOERING",Toyota,Aygo,2011,3999,158300,Benzine,Handgeschakeld,50,Hatchback,Rood
7b342523e969cc3d,2026-04-03T06:31:47.679065,2026-04-05T06:01:55.389395,Fiat 500 - 0.9 85pk Twinair Turbo Lounge,Fiat,500,2011,3995,155473,Benzine,Handgeschakeld,63,Hatchback,Wit
a2e31f6cf85d0332,2026-04-03T06:31:47.680505,2026-04-12T06:01:54.359348,Kia Picanto - 1.0 Seven,Kia,Picanto,2010,3950,113302,Benzine,Handgeschakeld,46,Hatchback,Grijs
da3e955a7d65158e,2026-04-03T06:31:47.682695,2026-05-12T06:01:54.736952,Renault Scénic - 1.4 TCE Celsium,Renault,Scénic,2010,3950,115976,Benzine,Handgeschakeld,96,MPV,Zwart
37c90de76916fae3,2026-04-03T06:31:47.684094,2026-05-14T06:01:54.363231,Citroën C3 - 1.1i Ligne Prestige,Citroën,C3,2009,3950,50702,Benzine,Handgeschakeld,44,Hatchback,Grijs
d50f1cbf87f1a724,2026-04-03T06:31:47.686242,2026-05-14T06:01:54.365582,Renault Twingo - 1.2 16V Collection,Renault,Twingo,2013,3999,96694,Benzine,Handgeschakeld,55,Hatchback,Rood
7a752c8f9b097888,2026-04-03T06:31:47.686587,2026-04-10T06:01:55.919349,Opel Tigra - TwinTop 1.4-16V Rhythm,Opel,Tigra,2007,3950,113323,Benzine,Handgeschakeld,66,Cabriolet,Grijs
f591872b1559fc19,2026-04-03T06:31:47.689417,2026-04-08T06:01:54.703935,Hyundai i10 - 1.1 Dynamic Cool airco apk nw koppeling,Hyundai,i10,2011,3695,86126,Benzine,Handgeschakeld,49,Hatchback,Zwart
39bfd22c3e022f4b,2026-04-03T06:31:47.689775,2026-05-14T06:01:54.374074,Renault Twingo - 1.2-16V Dynamique | Airco | Cruise | All-seasons | LMV | Rij,Renault,Twingo,2011,3750,94468,Benzine,Handgeschakeld,55,Hatchback,Wit
ecb2bc997052a8f5,2026-04-04T06:00:01.977987,2026-04-08T06:01:54.702535,Renault Twingo - 1.2 16V Parisienne (12 mnd BOVAG-garantie),Renault,Twingo,2014,3995,133611,Benzine,Handgeschakeld,55,Hatchback,Wit
665116fce9e2dee1,2026-04-04T06:00:01.979062,2026-05-09T06:01:55.156594,Renault Modus - 1.4-16V Dynamique Comfort,Renault,Modus,2005,3890,131201,Benzine,Handgeschakeld,72,MPV,Grijs
3dc83d7c7e5bd9b4,2026-04-04T06:00:01.992813,2026-04-06T06:01:54.275003,Toyota Aygo - 1.0-12V Cool - Airco I Stuurbekrachtiging I Comfort pakket I,Toyota,Aygo,2011,3500,102461,Benzine,Handgeschakeld,50,Hatchback,Wit
10552b4fa95ec469,2026-04-04T06:00:02.005555,2026-04-12T06:01:54.357838,Renault Grand Modus - 1.2-16V Authentique AIRCO! TREKHAAK! NAP! 119.000KM,Renault,Grand,2010,3950,119591,Benzine,Handgeschakeld,55,MPV,Rood
13bdb596d22f4e86,2026-04-05T06:00:02.778883,2026-04-10T06:01:55.926505,Peugeot 207 - CC 1.6 VTi | Airco | Carbio,Peugeot,207,2011,3945,140778,Benzine,Handgeschakeld,88,Cabriolet,Wit
97d907eb7896e40a,2026-04-05T06:00:02.782136,2026-04-07T06:01:56.100443,Renault Mégane - 1.6 Dynamique 5-Deurs,Renault,Mégane,2010,3949,157079,Benzine,Handgeschakeld,82,Hatchback,Zwart
3361fc4784b0e3d7,2026-04-05T06:00:02.783670,2026-04-13T06:01:56.832311,Citroën C1 - 1.0 5drs Collection | Airco,Citroën,C1,2012,3950,105942,Benzine,Handgeschakeld,50,Hatchback,Grijs
a4a6a2838e13e606,2026-04-06T06:00:02.027939,2026-05-04T06:01:54.394121,Citroën C1 - 1.0-12V AMBIANCE 5-DRS. + AIRCO,Citroën,C1,2011,3950,105430,Benzine,Handgeschakeld,50,Hatchback,Blauw
3441826fdbd90901,2026-04-06T06:00:02.033733,2026-04-11T06:01:55.371364,"Fiat Panda - 1.2 Edizione Cool Airco, Distributiesnaar vervangen.",Fiat,Panda,2011,3950,82366,Benzine,Handgeschakeld,51,Hatchback,Beige
476bc3c15f1d8808,2026-04-06T06:00:02.036261,2026-05-14T06:01:54.360372,Peugeot 107 - 1.0 Access Accent BTW-AIRCO-12MND MOBILITEIDS GARANTIE,Peugeot,107,2013,3950,153276,Benzine,Handgeschakeld,50,Hatchback,Wit
18a90270bc6a47fa,2026-04-06T06:00:02.036624,2026-04-08T06:01:54.683403,Ford Fiesta - 1.4 5drs Titanium | Clima | Cruise,Ford,Fiesta,2009,3950,127359,Benzine,Handgeschakeld,71,Hatchback,Grijs
1e0ea1a42e68913c,2026-04-06T06:00:02.038785,2026-05-14T06:01:54.369430,Hyundai i10 - 1.25i 5-DEURS ACTIVE-uitv|AIRCONDITIONING|STUURBEKRACHTIGING,Hyundai,i10,2009,3750,106234,Benzine,Handgeschakeld,57,Hatchback,Grijs
6ce199397607961d,2026-04-06T06:00:02.039497,2026-05-07T06:01:54.112433,Ford Ka - 1.2 Trend I Airco I,Ford,Ka,2010,3595,129048,Benzine,Handgeschakeld,51,Hatchback,Zwart
222f87455b095ff8,2026-04-07T06:00:02.717772,2026-05-14T06:01:54.380498,Renault Twingo - 1.2-16V Authentique ALLINPRIJS,Renault,Twingo,2011,3950,144916,Benzine,Handgeschakeld,55,Hatchback,Bruin
7543c62fb114e19f,2026-04-07T06:00:02.718893,2026-04-23T06:01:54.558602,Peugeot iOn - Active,Peugeot,iOn,2011,3750,81710,Elektrisch,Automaat,,Hatchback,Blauw
4fa2cafaf99cdf5c,2026-04-08T06:00:01.972803,2026-04-08T06:01:54.689923,Citroën C1 - 1.0-12V Ambiance/AIRCO/Nieuwe beurt/ APK 09-2026,Citroën,C1,2009,3995,75037,Benzine,Handgeschakeld,50,Hatchback,Grijs
1fc24415c4d3d95e,2026-04-08T06:00:01.974975,2026-04-16T06:01:55.363851,Toyota Aygo - 1.0 VVT-i Comfort | Airco |2 Eig | NL | CV | 5-drs|,Toyota,Aygo,2012,3949,145305,Benzine,Handgeschakeld,50,Hatchback,Zwart
3da81bb84474a7c2,2026-04-08T06:00:01.978900,2026-05-14T06:01:54.355908,Opel Agila - 1.0 Enjoy - 5Drs I Airco I Sport velgen I Comfort pakket I 8,Opel,Agila,2009,3900,80823,Benzine,Handgeschakeld,48,Hatchback,Grijs
7068efec683e4341,2026-04-09T06:00:02.953395,2026-04-10T06:01:55.932560,Peugeot 207 - 1.4 VTi Style Cruise control | Airco | Elektrische ramen | C,Peugeot,207,2011,3500,87929,Benzine,Handgeschakeld,70,Hatchback,Grijs
3193311dfc50e43a,2026-04-09T06:00:02.953750,2026-04-14T06:01:56.271225,Toyota Aygo - 1.0-12V Now|Airco,Toyota,Aygo,2011,3995,86038,Benzine,Handgeschakeld,50,Hatchback,Rood
fd807015caabba4f,2026-04-09T06:00:02.961228,2026-04-11T06:01:55.357767,Suzuki Alto - 1.0 Exclusive/ Airco/ Elek. Ramen/ Toerenteller/ LMV,Suzuki,Alto,2010,3945,133645,Benzine,Handgeschakeld,50,Hatchback,Wit
e53dc3c438089279,2026-04-09T06:00:02.961968,2026-05-11T06:01:54.482021,Kia Venga - 1.4 CVVT X-tra [ Airco ],Kia,Venga,2010,3745,150472,Benzine,Handgeschakeld,66,MPV,Grijs
1c57516f185d300a,2026-04-09T06:00:02.964474,2026-05-14T06:01:54.368712,Fiat Panda - 1.2 Active | nw distrib. | 2 nw Allseasons | onlangs oh.beur,Fiat,Panda,2011,3750,91781,Benzine,Handgeschakeld,51,Hatchback,Wit
cee4fb96f59b2b90,2026-04-09T06:00:02.966620,2026-04-13T06:01:56.837671,Renault Twingo - 1.2 16V Dynamique,Renault,Twingo,2012,3500,116598,Benzine,Handgeschakeld,55,Hatchback,Wit
24b5cc83c166fe0d,2026-04-09T06:00:02.967345,2026-04-21T06:01:55.972779,Opel Agila - 1.0 Edition | volledige onderhoudshistorie,Opel,Agila,2012,3845,138567,Benzine,Handgeschakeld,50,Hatchback,Rood
b2ce41d954cc59f0,2026-04-09T06:00:02.968757,2026-04-22T06:01:56.509740,Nissan Pixo - 1.0 Acenta Airco | 5-Deurs | Whatsapp [PHONE],Nissan,Pixo,2010,3750,92865,Benzine,Handgeschakeld,50,Hatchback,Rood
e557be8a6716fd8f,2026-04-09T06:00:02.969469,2026-04-13T06:01:56.827300,Renault Twingo - 1.2 16V Collection | Parkeersensoren | Airco | All-season Ba,Renault,Twingo,2012,3940,142891,Benzine,Handgeschakeld,55,Hatchback,Wit
0d8ef28ad846c28b,2026-04-09T06:00:02.972688,2026-04-15T06:01:54.660118,Mercedes-Benz A-klasse - 150 Avantgarde,Mercedes-Benz,A-klasse,2009,3750,84743,Benzine,Handgeschakeld,70,MPV,Grijs
2d08454631779a51,2026-04-09T06:00:02.978438,2026-05-13T06:01:54.564148,Peugeot 107 - 1.0 12V XS Airco (APK:Nieuw) Incl.Garantie,Peugeot,107,2008,3945,130000,Benzine,Handgeschakeld,50,Hatchback,Grijs
1aa18a214e2198cb,2026-04-10T06:00:03.127718,2026-04-10T06:01:55.922192,Fiat 500 - 0.9 TwinAir Lounge,Fiat,500,2011,3950,143666,Benzine,Handgeschakeld,63,Hatchback,Wit
4546038767e0ce0b,2026-04-10T06:00:03.133799,2026-05-14T06:01:54.372657,Fiat 500 - 1.2 Pop,Fiat,500,2013,3950,150881,Benzine,Handgeschakeld,51,Hatchback,Wit
204d9bc7868f3f23,2026-04-10T06:00:03.138846,2026-04-10T06:01:55.933269,Citroën C1 - 1.0 Collection 5-drs Airco|LED dagrij,Citroën,C1,2013,3950,156272,Benzine,Handgeschakeld,50,Hatchback,Grijs
632de99857ca5e76,2026-04-10T06:00:03.155793,2026-05-14T06:01:54.382292,"Nissan Pixo - 1.0 Acenta airco, elcraam, centrvergr, elecraam, mistlamp, s",Nissan,Pixo,2010,3950,110221,Benzine,Handgeschakeld,50,Hatchback,Grijs
56acba473ebda885,2026-04-11T06:00:02.178620,2026-04-12T06:01:54.388591,Opel Agila - 1.0 Edition Airco,Opel,Agila,2011,3999,56767,Benzine,Handgeschakeld,50,Hatchback,Rood
2c243082b7ef0435,2026-04-11T06:00:02.182631,2026-05-04T06:01:54.398042,Ford Fiesta - 1.25 Titanium / auto / APK t/m april 2027,Ford,Fiesta,2010,3999,158425,Benzine,Handgeschakeld,60,Hatchback,Grijs
cf6c919ced70930f,2026-04-11T06:00:02.184797,2026-04-28T06:01:54.553796,Fiat 500 - 1.2 Naked 2008 154000km NWE.APK [POSTCODE],Fiat,500,2008,3995,154603,Benzine,Handgeschakeld,51,Hatchback,Zwart
9ddb560f7012c879,2026-04-11T06:00:02.186959,2026-05-13T06:01:54.560579,Ford Ka - 1.2 Limited|69Pk|Airco|Boekjes,Ford,Ka,2010,3845,131082,Benzine,Handgeschakeld,51,Hatchback,Zwart
23eebe1913c8ddc8,2026-04-11T06:00:02.193569,2026-04-12T06:01:54.363636,Ford B-Max - 1.0 EcoBoost PARKEERSENSOREN|ACHTERUITRIJCAMERA,Ford,B-Max,2014,3995,158286,Benzine,Handgeschakeld,74,MPV,Rood
37160804febd1021,2026-04-11T06:00:02.197527,2026-04-13T06:01:56.839481,Toyota Yaris - 1.3 VVTi Sol uitvoering,Toyota,Yaris,2008,3950,151547,Benzine,Handgeschakeld,64,Hatchback,Grijs
0d967518337faf7e,2026-04-12T06:00:02.051765,2026-05-11T06:01:54.462602,Toyota Aygo - 1.0 12V + Airco (APK:Nieuw) Incl.Garantie,Toyota,Aygo,2007,3745,114000,Benzine,Handgeschakeld,50,Hatchback,Blauw
ad83c8aad9e41629,2026-04-12T06:00:02.052465,2026-05-14T06:01:54.381928,Smart ForTwo - coupé 1.0 mhd Pure 116dkm Airco Automaat 2e eig. Nwe APK,Smart,ForTwo,2010,3950,116324,Benzine,Automaat,45,Hatchback,Zwart
4d8d81f59d04f7fd,2026-04-12T06:00:02.057112,2026-04-22T06:01:56.517255,"Nissan Micra - 1.2 Visia Airco, Radio CD, Afstandbediening c.v., El. ramen",Nissan,Micra,2006,3750,56602,Benzine,Handgeschakeld,49,Hatchback,Bruin
87b21066e6494111,2026-04-12T06:00:02.061748,2026-05-14T06:01:54.384481,Hyundai Atos - 1.1i Dynamic Young | Automaat | Airco | 5-deurs | Elektrisch,Hyundai,Atos,2006,3850,86262,Benzine,Automaat,46,Hatchback,Blauw
56f313359592412e,2026-04-12T06:00:02.072156,2026-04-24T06:01:54.814494,Citroën C1 - 1.0-12V Ambiance||Airco|,Citroën,C1,2008,3750,116481,Benzine,Handgeschakeld,50,Hatchback,Grijs
184b4608a1b74036,2026-04-13T06:00:01.984538,2026-04-17T06:01:55.375966,"Citroën C3 Picasso - 1.6 VTi Aura, Airco, Elektr. Ramen voor, Trekhaak, incl. Nw.",Citroën,C3,2009,3950,112505,Benzine,Handgeschakeld,88,MPV,Blauw
136331e71967dfb9,2026-04-13T06:00:01.985613,2026-04-13T06:01:56.824434,Volkswagen Golf Plus - 1.6 Trendline - Cruisecontrol - Stoelverwarming - Radio,Volkswagen,Golf,2006,3745,124730,Benzine,Handgeschakeld,75,MPV,Grijs
30fc6732d0b39560,2026-04-13T06:00:01.988950,2026-04-28T06:01:54.573053,Opel Corsa - 1.4-16V '111' Edition 5 Deurs | Airconditioning | Elektrisch,Opel,Corsa,2010,3950,146617,Benzine,Handgeschakeld,74,Hatchback,Zwart
857ead8d2b045442,2026-04-13T06:00:01.990376,2026-05-14T06:01:54.365192,Suzuki Splash - 1.2 Exclusive | Airco | All Season | Dealer onderhouden,Suzuki,Splash,2010,3999,151396,Benzine,Handgeschakeld,63,Hatchback,Grijs
5334a5568378a00c,2026-04-13T06:00:01.999640,2026-05-14T06:01:54.386631,Opel Corsa - 1.4-16V Enjoy Airco l Elektrische Ramen Voor l Radio/CD Spel,Opel,Corsa,2008,3950,157128,Benzine,Handgeschakeld,66,Hatchback,Zwart
7d48b3897ba43a0c,2026-04-13T06:00:02.011158,2026-04-18T06:01:53.819137,Citroën C1 - 1.0 e-VTi Feel|Scherm|Airco|5 deurs|,Citroën,C1,2014,3999,144269,Benzine,Handgeschakeld,51,Hatchback,Zwart
960fbb3d31eef995,2026-04-13T06:00:02.012225,2026-05-14T06:01:54.367192,Peugeot 107 - 1.0-12V Sublime|5Drs|Airco|Boekjes|Nap,Peugeot,107,2010,3745,159006,Benzine,Handgeschakeld,50,Hatchback,Blauw
8e1bab2f40211822,2026-04-14T06:00:02.853537,2026-05-14T06:01:54.369780,Fiat Panda - 1.2 Active 2e Eigenaar + NAP NL-auto,Fiat,Panda,2011,3950,95475,Benzine,Handgeschakeld,51,Hatchback,Blauw
281284af78a11072,2026-04-14T06:00:02.878174,2026-04-17T06:01:55.385327,"Toyota Yaris - 1.3 VVTi Luna 5 Deurs - Clima, Trekhaak",Toyota,Yaris,2007,3845,144619,Benzine,Handgeschakeld,64,Hatchback,Grijs
c5a76d81e0f1f45c,2026-04-14T06:00:02.886086,2026-04-28T06:01:54.575193,Opel Agila - 1.0 Selection,Opel,Agila,2011,3950,103273,Benzine,Handgeschakeld,50,Hatchback,Grijs
7bf5acc2154fb23b,2026-04-15T06:00:02.665045,2026-04-16T06:01:55.346529,Kia Picanto - 1.0 CVVT Comfort Pack|Airco,Kia,Picanto,2012,3700,145551,Benzine,Handgeschakeld,51,Hatchback,Wit
739a98813c043293,2026-04-15T06:00:02.666512,2026-04-20T06:01:55.702812,Fiat Panda - 1.2 Edizione Cool | Airco | 5-zitter | Elektrische ramen,Fiat,Panda,2011,3950,59870,Benzine,Handgeschakeld,51,Hatchback,Zwart
d43364831c5848c9,2026-04-15T06:00:02.678840,2026-05-09T06:01:55.171726,Mitsubishi Space Star - 1.8 Instyle Silver APK TOT 07/04/2027!!! // Automaat,Mitsubishi,Space,2005,3995,105256,Benzine,Automaat,82,MPV,Grijs
9e801581dc64d781,2026-04-15T06:00:02.690265,2026-05-14T06:01:54.352754,Citroën C3 - 1.4 VTi Exclusive,Citroën,C3,2010,3950,147106,Benzine,Handgeschakeld,70,Hatchback,Zwart
d1f0dfc54f8c71b9,2026-04-16T06:00:02.671504,2026-04-30T06:01:54.560909,Suzuki Alto - 1.0 Comfort Plus,Suzuki,Alto,2010,3950,75666,Benzine,Handgeschakeld,50,Hatchback,Rood
057f9d916a997f3d,2026-04-16T06:00:02.676381,2026-05-14T06:01:54.385204,Skoda Fabia - 1.2 Drive | Airco |,Skoda,Fabia,2010,3750,135012,Benzine,Handgeschakeld,44,Hatchback,Grijs
5eebfa492da6f192,2026-04-16T06:00:02.682517,2026-04-17T06:01:55.384216,Nissan Pixo - 1.0 Acenta,Nissan,Pixo,2011,3950,97610,Benzine,Handgeschakeld,50,Hatchback,Grijs
4b9514301d85f665,2026-04-16T06:00:02.687635,2026-05-14T06:01:54.378325,Suzuki Alto - 1.0 Comfort Plus 5 Deurs - Airco,Suzuki,Alto,2011,3645,95305,Benzine,Handgeschakeld,50,Hatchback,Grijs
0245b5e8d3ca8657,2026-04-17T06:00:02.343815,2026-04-20T06:01:55.718449,Hyundai i20 - 1.2i i-Motion,Hyundai,i20,2011,3650,135063,Benzine,Handgeschakeld,57,Hatchback,Wit
355c05f8ff0a606a,2026-04-17T06:00:02.348469,2026-05-12T06:01:54.739798,Ford Fiesta - 1.25 Limited Airco,Ford,Fiesta,2009,3900,155049,Benzine,Handgeschakeld,44,Hatchback,Blauw
0ffae2eeab3293c4,2026-04-17T06:00:02.352032,2026-04-17T06:01:55.379942,Hyundai i10 - 1.0 i-Drive Cool (12 mnd BOVAG-garantie),Hyundai,i10,2013,3745,139770,Benzine,Handgeschakeld,51,Hatchback,Zwart
5c3549a8a2e1cd9e,2026-04-17T06:00:02.363513,2026-04-30T06:01:54.566288,Mazda 2 - 1.3 S-VT TOURING,Mazda,2,2008,3950,159871,Benzine,Handgeschakeld,55,Hatchback,Grijs
7cb8037a833e24eb,2026-04-17T06:00:02.364580,2026-04-28T06:01:54.562343,Peugeot 207 - 1.6 VTi XS Pack | Automaat | Cruise control | Climate contro,Peugeot,207,2008,3950,102975,Benzine,Automaat,88,Hatchback,Grijs
b5a9e09fe802f78f,2026-04-17T06:00:02.365295,2026-05-13T06:01:54.557379,Toyota Aygo - 1.0 VVT-i Comfort Airco I Elek ramen,Toyota,Aygo,2013,3900,151990,Benzine,Handgeschakeld,50,Hatchback,Wit
b0b9114c1323d55f,2026-04-18T06:00:01.868134,2026-05-14T06:01:54.370494,Hyundai Tucson - 2.0i Style Premium,Hyundai,Tucson,2007,3950,153256,Benzine,Handgeschakeld,104,SUV / Terreinwagen,Zwart
27e237c684e592ae,2026-04-18T06:00:01.868858,2026-04-23T06:01:54.539301,Ford C-Max - 1.8-16V Titanium Clima|LMV|PDC|Dealer onderhouden,Ford,C-Max,2007,3750,124559,Benzine,Handgeschakeld,92,MPV,Grijs
483b9d124cbe2fc2,2026-04-18T06:00:01.877554,2026-04-24T06:01:54.809736,Citroën C1 - 1.0i 68PK 5D Selection,Citroën,C1,2012,3995,126936,Benzine,Handgeschakeld,50,Hatchback,Grijs
a133a12b8a95a16e,2026-04-18T06:00:01.884759,2026-04-18T06:01:53.840891,Citroën Berlingo - 1.6i 500 Comfort Benzine 2010 Airco | Trekhaak | Goed onderh,Citroën,Berlingo,2010,3950,126223,Benzine,Handgeschakeld,66,,
f04afe6163aefd74,2026-04-18T06:00:01.888312,2026-05-14T06:01:54.357346,Renault Twingo - 1.2 16V Collection // Airco // Cruise,Renault,Twingo,2012,3995,111043,Benzine,Handgeschakeld,55,Hatchback,Paars
697ae75bf840ef75,2026-04-19T06:00:02.444282,2026-04-23T06:01:54.546898,Ford Fiesta - 1.25 TREND,Ford,Fiesta,2010,3950,138248,Benzine,Handgeschakeld,44,Hatchback,Blauw
262ec79931705c7a,2026-04-19T06:00:02.461327,2026-04-20T06:01:55.730171,Citroën C3 - 1.4 VTi 95pk Ligne Business | Airconditioning ECC | Cruiseco,Citroën,C3,2010,3995,159632,Benzine,Handgeschakeld,71,Hatchback,Groen
6b31d232e13b4a2d,2026-04-20T06:00:02.543407,2026-05-10T06:01:54.532318,"Toyota Aygo - 1.0-12V 5-Drs Comfort AIRCO, !! ""ZONDAG OPEN''",Toyota,Aygo,2011,3999,132900,Benzine,Handgeschakeld,50,Hatchback,Grijs
366c56fbf36f227f,2026-04-21T06:00:02.909196,2026-04-23T06:01:54.552585,Peugeot 208 - 1.2 VTI ENVY,Peugeot,208,2013,3950,123103,Benzine,Handgeschakeld,60,Hatchback,Zwart
2617de1883ea028e,2026-04-21T06:00:02.927150,2026-05-14T06:01:54.383766,Opel Corsa - 1.2 16V 111 Edition Cruise / Airco,Opel,Corsa,2010,3950,146912,Benzine,Handgeschakeld,63,Hatchback,Blauw
c1acbf034ac035a6,2026-04-21T06:00:02.937472,2026-04-29T06:01:55.112862,Toyota iQ - 1.0 VVTi Comfort/ AIRCO/ BTW AUTO,Toyota,iQ,2009,4050,116333,Benzine,Handgeschakeld,50,Hatchback,Wit
aea8cea7aa7fcae4,2026-04-21T06:00:02.937836,2026-04-26T06:01:55.042283,Peugeot 107 - 1.0 Access Accent Airco,Peugeot,107,2013,3945,151639,Benzine,Handgeschakeld,50,Hatchback,Wit
282add9eef33baec,2026-04-21T06:00:02.938186,2026-04-27T06:01:56.173717,Opel Meriva - 1.6-16V Temptation *AUTOMAAT,Opel,Meriva,2007,3950,77699,Benzine,Automaat,77,MPV,Grijs
68b252e24582c4e8,2026-04-22T06:00:02.773430,2026-05-14T06:01:54.353850,Chevrolet Spark - 1.0 16V LE STREETW.,Chevrolet,Spark,2012,3950,148076,Benzine,Handgeschakeld,50,Hatchback,Zwart
0113c8363f0e7e30,2026-04-22T06:00:02.788136,2026-05-08T06:01:55.393477,Toyota Aygo - 1.0-12V | Airco | Radio | NL Auto!! |,Toyota,Aygo,2011,3999,120575,Benzine,Handgeschakeld,50,Hatchback,Grijs
8d5bedde35dc8237,2026-04-22T06:00:02.790194,2026-04-23T06:01:54.558244,"Opel Corsa - 1.4-16V Enjoy | slechts 127.770 km | Airco | 15"" Velgen | PD",Opel,Corsa,2009,3745,127770,Benzine,Handgeschakeld,66,Hatchback,Beige
38c8f4f17a7fcaf5,2026-04-22T06:00:02.799756,2026-05-13T06:01:54.539801,Chevrolet Spark - LT 1.2 16v 82pk | AIRCO | PARKEERSENSOREN | LM-VELGEN | CLIM,Chevrolet,Spark,2011,3645,80697,Benzine,Handgeschakeld,60,Hatchback,Grijs
fe10d599dbce863e,2026-04-22T06:00:02.807462,2026-04-29T06:01:55.111100,Ford Focus - 1.4 16V TREND - Airco - Cruise control - Prijs is all,Ford,Focus,2008,3500,157450,Benzine,Handgeschakeld,59,Hatchback,Blauw
63ecf4122691ca4f,2026-04-22T06:00:02.807821,2026-05-14T06:01:54.376907,Opel Agila - 1.2 Enjoy Airco | LM wielen | CPV,Opel,Agila,2008,3950,77747,Benzine,Handgeschakeld,63,Hatchback,Grijs
59a0bb2dc3f0f69b,2026-04-22T06:00:02.808177,2026-04-22T06:01:56.522295,Alfa Romeo MiTo - 1.4 Airco Navigatie Android Auto,Alfa,Romeo,2009,3850,121304,Benzine,Handgeschakeld,70,Hatchback,Zwart
a9b902b8586616ff,2026-04-22T06:00:02.808529,2026-04-29T06:01:55.110373,Ford Ka - 1.2 Style start/stop | Airco,Ford,Ka,2015,3930,109930,Benzine,Handgeschakeld,51,Hatchback,Rood
0b88c1fe080db165,2026-04-23T06:00:02.227823,2026-05-14T06:01:54.387029,Peugeot 107 - 1.0 Blue Lease zeer nette peugeot 107 met slechts 97138 km,Peugeot,107,2012,3850,97138,Benzine,Handgeschakeld,50,Hatchback,Wit
68d0d55f53f21ea5,2026-04-23T06:00:02.228542,2026-05-14T06:01:54.374794,Fiat Punto - 0.9 TwinAir Edizione Cool,Fiat,Punto,2014,3995,154548,Benzine,Handgeschakeld,63,Hatchback,Grijs
302e7448aaa48087,2026-04-23T06:00:02.228910,2026-05-14T06:01:54.376208,Opel Antara - 3.2 V6 Cosmo Automaat Trekhaak Schuifdak,Opel,Antara,2007,3900,159909,Benzine,Automaat,167,SUV / Terreinwagen,Grijs
7a7533760597e089,2026-04-23T06:00:02.231098,2026-04-30T06:01:54.573423,Citroën C3 Picasso - 1.4 VTi Aura,Citroën,C3,2011,3950,73242,Benzine,Handgeschakeld,70,MPV,Grijs
70aff73953992d70,2026-04-23T06:00:02.240489,2026-05-14T06:01:54.358063,Toyota Aygo - 1.0 Now Airco (APK:Nieuw) Incl.Garantie,Toyota,Aygo,2012,3945,115000,Benzine,Handgeschakeld,50,Hatchback,Rood
e2b596b5de107ad2,2026-04-23T06:00:02.259433,2026-04-27T06:01:56.172648,Mitsubishi Colt - CZC 1.5 110 PK | Instyle | Cabriolet | Airco | Elektrisch da,Mitsubishi,Colt,2006,3950,128349,Benzine,Handgeschakeld,80,Cabriolet,Oranje
7e480f83a778d9f6,2026-04-24T06:00:02.744412,2026-05-14T06:01:54.377613,Suzuki Alto - 1.0 Cool Comfort / NL Auto / Airco / Lichtmetalen Velgen / P,Suzuki,Alto,2011,3950,150779,Benzine,Handgeschakeld,50,Hatchback,Wit
e7cb482dd682f897,2026-04-24T06:00:02.745844,2026-04-24T06:01:54.813388,Opel Agila - 1.2 Edition,Opel,Agila,2009,3950,76582,Benzine,Handgeschakeld,63,Hatchback,Grijs
86e70e0703357bbd,2026-04-24T06:00:02.748739,2026-05-06T06:01:55.500875,Opel Meriva - 1.6-16V Edition 105pk | Airco | Cruise Control | Lichtmetale,Opel,Meriva,2009,3950,132837,Benzine,Handgeschakeld,77,MPV,Grijs
723ecd8036568f45,2026-04-24T06:00:02.750252,2026-05-04T06:01:54.382564,"Toyota Aygo - 1.0-12V 5Drs Black Line NIEUW STAAT, AIRCO",Toyota,Aygo,2009,3850,139201,Benzine,Handgeschakeld,50,Hatchback,Zwart
7a59113b3796599c,2026-04-24T06:00:02.753223,2026-04-26T06:01:55.040174,Ford Ka - 1.2 Limited start/stop,Ford,Ka,2014,3950,80901,Benzine,Handgeschakeld,51,Hatchback,Zwart
2884091ebb37618c,2026-04-24T06:00:02.753573,2026-04-27T06:01:56.174068,Hyundai H 200 - 2.5 TCI,Hyundai,H,2006,3950,156224,Diesel,Handgeschakeld,74,,Wit
a3fea1427c31d0a3,2026-04-24T06:00:02.753933,2026-04-25T06:01:54.375421,Nissan Pixo - 1.0 Look,Nissan,Pixo,2011,3995,107202,Benzine,Handgeschakeld,50,Hatchback,Grijs
4f21115559135c7e,2026-04-25T06:00:02.062426,2026-04-25T06:01:54.344342,Toyota Aygo - 1.0 VVT-i Comfort Orange | Airco | Radio-CD/MP3 speler | Stu,Toyota,Aygo,2013,3950,116793,Benzine,Handgeschakeld,50,Hatchback,Zwart
418d41eddd2e9732,2026-04-25T06:00:02.083447,2026-05-14T06:01:54.371232,Opel Agila - 1.2 Edition,Opel,Agila,2010,3945,131770,Benzine,Handgeschakeld,63,Hatchback,Rood
5c6a66a2b8dd2b97,2026-04-25T06:00:02.088869,2026-05-14T06:01:54.355177,Renault Twingo - 1.2-16V Authentique | Airco | Radio/mp3 speler | Elektrische,Renault,Twingo,2010,3945,81278,Benzine,Handgeschakeld,55,Hatchback,Grijs
68b0fbb371600a7e,2026-04-25T06:00:02.094608,2026-04-29T06:01:55.113573,Peugeot 107 - 1.0 Active/APK27/Airco/5Drs/Multimedia/2eEig/Nap,Peugeot,107,2012,3695,148640,Benzine,Handgeschakeld,50,Hatchback,Wit
2dd7d61b49741602,2026-04-26T06:00:02.717789,2026-05-13T06:01:54.550557,Fiat 500 - 1.2 Lounge,Fiat,500,2008,3750,127726,Benzine,Handgeschakeld,51,Hatchback,Blauw
9c0e67d7f43e0a47,2026-04-26T06:00:02.743048,2026-04-28T06:01:54.561294,Peugeot 107 - 1.0-12V XS Automaat/5DRS/Airco/centrale vergr.,Peugeot,107,2011,3950,109932,Benzine,Automaat,50,Hatchback,Wit
a764644354e881b8,2026-04-26T06:00:02.750569,2026-04-26T06:01:55.039821,Suzuki Alto - 1.0 68pk Comfort EASSS / Airco / In hoogte verstelbare best.,Suzuki,Alto,2014,3888,109588,Benzine,Handgeschakeld,50,Hatchback,Grijs
a553332caed7155a,2026-04-26T06:00:02.751300,2026-04-29T06:01:55.113926,"MINI One - Mini 1.6 Salt AIRCO|CRUISE CONTROL|17""",MINI,One,2005,3950,133774,Benzine,Handgeschakeld,66,Hatchback,Grijs
7567a055dbf3ce88,2026-04-26T06:00:02.753399,2026-04-26T06:01:55.042631,Suzuki Splash - 1.0 VVT Comfort/Airco/5Drs/85Dk/Mooi.,Suzuki,Splash,2011,3995,85955,Benzine,Handgeschakeld,50,Hatchback,Wit
4024d78d6b94b0f7,2026-04-27T06:00:02.777814,2026-05-14T06:01:54.358417,Ford Ka - 1.2 Luxe STAAT RIJKLAAR,Ford,Ka,2015,3950,126587,Benzine,Handgeschakeld,51,Hatchback,Zwart
2c6e40179c035e6f,2026-04-27T06:00:02.804091,2026-04-27T06:01:56.171946,Toyota Aygo - 1.0 VVT-i Aspiration,Toyota,Aygo,2012,3950,118306,Benzine,Handgeschakeld,50,Hatchback,Rood
fe40dfd2d2cbfced,2026-04-27T06:00:02.805166,2026-04-29T06:01:55.114283,Ford Ka - (nieuwe distributieriem) 1.2 Style s/s,Ford,Ka,2014,3900,115000,Benzine,Handgeschakeld,51,Hatchback,Rood
4548989caee709af,2026-04-28T06:00:02.203828,2026-04-28T06:01:54.574831,Toyota Aygo - 1.0-12V + 108000km .,Toyota,Aygo,2008,3500,104164,Benzine,Handgeschakeld,50,Hatchback,Blauw
a66434d20344accf,2026-04-28T06:00:02.205257,2026-04-28T06:01:54.576277,Suzuki Alto - 1.0 68pk Comfort EASSS / Airco / In hoogte verstelbare best.,Suzuki,Alto,2014,3888,109588,Benzine,Handgeschakeld,50,Hatchback,Grijs
38c2eab826f341cc,2026-04-29T06:00:02.582283,2026-05-14T06:01:54.351633,Ford Fiesta - 1.25 Titanium 5 deurs,Ford,Fiesta,2008,3999,155582,Benzine,Handgeschakeld,60,Hatchback,Paars
8b50480c2a7c566a,2026-04-29T06:00:02.588785,2026-05-09T06:01:55.176943,Fiat Panda - 0.9 TwinAir CNG Edizione Cool / 92.401 km NAP / APK juni 202,Fiat,Panda,2014,3999,92355,,Handgeschakeld,63,Hatchback,Wit
1411a25b6272ea34,2026-04-29T06:00:02.589855,2026-05-13T06:01:54.549486,Opel Meriva - 1.4 Turbo Edition | Dealer OH | Trekhaak,Opel,Meriva,2011,3950,140654,Benzine,Handgeschakeld,88,MPV,Bruin
f992d27898437f3b,2026-04-29T06:00:02.593089,2026-05-14T06:01:54.379062,Suzuki Alto - 1.0 Cool Comfort,Suzuki,Alto,2011,3944,158090,Benzine,Handgeschakeld,50,Hatchback,Grijs
7b02f66ddc3bcd6f,2026-04-29T06:00:02.594496,2026-04-29T06:01:55.111452,Suzuki Splash - 1.0 VVT Comfort/Airco/5Drs/85Dk/Mooi.,Suzuki,Splash,2011,3995,85955,Benzine,Handgeschakeld,50,Hatchback,Wit
374ceb0bc1ca9bd4,2026-04-29T06:00:02.594872,2026-04-29T06:01:55.111798,Citroën C1 - 1.0-12V Séduction+ Airco 75000km .,Citroën,C1,2011,3950,75915,Benzine,Handgeschakeld,50,Hatchback,Blauw
5aa772bf19294fc0,2026-04-30T06:00:02.715400,2026-05-14T06:01:54.381575,Renault Clio - 1.2-16V 5-DRS Campus AIRCO LMV 1e EIG. NAP,Renault,Clio,2007,3750,62288,Benzine,Handgeschakeld,55,Hatchback,Grijs
14ea0deee205467d,2026-04-30T06:00:02.717588,2026-05-01T06:01:54.266937,Citroën C1 - 1.0 Attraction *97.356km,Citroën,C1,2014,3950,97356,Benzine,Handgeschakeld,50,Hatchback,Wit
39c77422c3ab6873,2026-04-30T06:00:02.717959,2026-05-05T06:01:57.032487,Ford C-Max - 1.6-16V Trend,Ford,C-Max,2010,3950,117713,Benzine,Handgeschakeld,74,MPV,Blauw
6830bbf5de8fa125,2026-04-30T06:00:02.723101,2026-05-14T06:01:54.385562,Fiat 500 - 1.2 Naked 2008 142000km NWE.APK [POSTCODE],Fiat,500,2008,3750,142715,Benzine,Handgeschakeld,51,Hatchback,Geel
a7716ffaafea3c7b,2026-04-30T06:00:02.724168,2026-05-14T06:01:54.380851,Ford Ka - 1.2 Comfort start/stop | Airco | Elektr. Ramen | Elektr. zij,Ford,Ka,2011,3940,93579,Benzine,Handgeschakeld,51,Hatchback,Zwart
c1695de344411a4f,2026-04-30T06:00:02.738084,2026-05-01T06:01:54.253452,Suzuki Alto - 1.0 Exclusive 5-drs Airco|LMV,Suzuki,Alto,2011,3500,121210,Benzine,Handgeschakeld,50,Hatchback,Zwart
974c8211d2d54cd3,2026-04-30T06:00:02.739882,2026-05-14T06:01:54.376564,Renault Zoe - Q210 Zen Quickcharge 22kWh [ ex accu ][ Navi Camera Clima ],Renault,Zoe,2013,3945,116050,Elektrisch,Automaat,65,Hatchback,Grijs
d7892dc5789989e5,2026-04-30T06:00:02.741986,2026-05-02T06:01:54.346517,Mitsubishi Colt - 1.3 Intro Edition | Trekhaak,Mitsubishi,Colt,2009,3950,99396,Benzine,Handgeschakeld,70,Hatchback,Grijs
aa5553f0b47a8c8a,2026-04-30T06:00:02.746670,2026-05-01T06:01:54.259846,Citroën C1 - 1.0-12V Séduction 5-drs *68.817km,Citroën,C1,2010,3950,68817,Benzine,Handgeschakeld,50,Hatchback,Wit
da38fb0e63b3fc17,2026-05-01T06:00:01.987580,2026-05-08T06:01:55.391702,Nissan Micra - 1.2 DIG-S Acenta AIRCO 5 DEURS,Nissan,Micra,2013,3750,149118,Benzine,Handgeschakeld,72,Hatchback,Zwart
85563f93d76ab3b6,2026-05-01T06:00:01.999033,2026-05-14T06:01:54.373013,Ford Ka - 1.2 AIRCO ELEKTR. RAMEN ALL SEASON DISTRI-VERVANG,Ford,Ka,2011,3950,142974,Benzine,Handgeschakeld,51,Hatchback,Zwart
8e6c02692cea3706,2026-05-01T06:00:02.002594,2026-05-01T06:01:54.259139,"Suzuki Alto - Nieuwe koppeling, Airco, 6x airbags & lage km-stand",Suzuki,Alto,2010,3885,94185,Benzine,Handgeschakeld,50,Hatchback,Bruin
96dd4cec3cc91cf4,2026-05-01T06:00:02.004429,2026-05-06T06:01:55.499106,Peugeot 107 - 1.0 Active - 5Drs I Airco I Comfort pakket I 116.148 KM I Nw,Peugeot,107,2013,3900,116140,Benzine,Handgeschakeld,50,Hatchback,Zwart
7c95c2ddcc101d91,2026-05-01T06:00:02.009264,2026-05-14T06:01:54.382667,Renault Grand Modus - 1.6-16V Dynamique Automaat,Renault,Grand,2008,3950,125385,Benzine,Automaat,82,MPV,Beige
29e4c59372c5fd5c,2026-05-01T06:00:02.014669,2026-05-02T06:01:54.316298,Fiat 500L - 1.4-16V Lounge|PANORAMADAK|TREKHAAK,Fiat,500L,2014,3995,145202,Benzine,Handgeschakeld,70,MPV,Zwart
8ce974ef35935872,2026-05-01T06:00:02.019681,2026-05-07T06:01:54.127804,Hyundai Getz - 1.4i Dynamic Automaat,Hyundai,Getz,2008,3950,120242,Benzine,Automaat,71,Hatchback,Grijs
9837dc79b0eebdb5,2026-05-03T06:00:02.741056,2026-05-08T06:01:55.405556,Volkswagen Up! - 1.0 move up! BlueMotion | Perfect onderhouden | Recent & ond,Volkswagen,Up!,2013,3950,149180,Benzine,Handgeschakeld,44,Hatchback,Wit
0e397d907360d045,2026-05-03T06:00:02.754721,2026-05-14T06:01:54.359588,Fiat Panda - 1.2 Active met Airco/Lage-km-stand,Fiat,Panda,2011,3950,81439,Benzine,Handgeschakeld,51,Hatchback,Wit
3ae748912bd70bc0,2026-05-03T06:00:02.759595,2026-05-14T06:01:54.353492,Ford Ka - 1.2 TITANIUM X,Ford,Ka,2011,3950,139328,Benzine,Handgeschakeld,51,Hatchback,Zwart
684c4cd591b89411,2026-05-03T06:00:02.770355,2026-05-14T06:01:54.387426,Hyundai i10 - 1.25I *Cool* | A/C | 5-DRS | | Leuk !! | Topper !! |,Hyundai,i10,2012,3750,96275,Benzine,Handgeschakeld,51,Hatchback,Zwart
a48ffa6708506345,2026-05-03T06:00:02.772934,2026-05-09T06:01:55.148210,Peugeot 107 - 1.0 Active 5drs airco apk t/m 5/2027,Peugeot,107,2012,3595,77643,Benzine,Handgeschakeld,50,Hatchback,Wit
fa34ce449569721f,2026-05-03T06:00:02.775597,2026-05-08T06:01:55.404135,Ford Transit - 260S 2.2 TDCI SHD 1e eig.dealer ond Buss pack 141000km,Ford,Transit,2009,3900,141402,Diesel,Handgeschakeld,63,,Blauw
5bb7e09537b4d16c,2026-05-05T06:00:02.247550,2026-05-14T06:01:54.359198,Hyundai i10 - 1.0 i-Drive Cool | AIRCO | TREKHAAK | 154.000KM,Hyundai,i10,2013,3950,154352,Benzine,Handgeschakeld,51,Hatchback,Grijs
ddb194e9765505a0,2026-05-05T06:00:02.272450,2026-05-05T06:01:57.057646,Fiat Punto - 1.4 Active,Fiat,Punto,2007,3650,89949,Benzine,Automaat,57,Hatchback,Rood
a79ac0cbd7c81e94,2026-05-05T06:00:02.274931,2026-05-07T06:01:54.107780,Suzuki Alto - 1.0 Base | Airco | Goed Onderhouden | El. Raambediening |,Suzuki,Alto,2010,3950,113213,Benzine,Handgeschakeld,50,Hatchback,Grijs
60a6d81f95fbb1bf,2026-05-05T06:00:02.278493,2026-05-14T06:01:54.365988,Suzuki Swift - 1.3 Exclusive | ac | LMV | keyless | oh.boekje | 2e eigenaar,Suzuki,Swift,2007,3850,125734,Benzine,Handgeschakeld,68,Hatchback,Grijs
4633685cbbd46f52,2026-05-05T06:00:02.281694,2026-05-11T06:01:54.487481,Ford Transit Connect - T220S 1.8 TDCi Trend,Ford,Transit,2011,3999,135502,Diesel,Handgeschakeld,66,,Wit
eff897ff0a02ea7f,2026-05-06T06:00:02.874439,2026-05-14T06:01:54.383058,"Suzuki Swift - 1.2 Design, Versnellingsbak gereviseerd",Suzuki,Swift,2011,3995,154353,Benzine,Handgeschakeld,69,Hatchback,Wit
ada5051443edf6b3,2026-05-07T06:00:01.959703,2026-05-14T06:01:54.370874,Renault Clio - 1.2 Special Line,Renault,Clio,2010,3950,99743,Benzine,Handgeschakeld,55,Hatchback,Zwart
cbfbe9f018a6bf2d,2026-05-07T06:00:01.991936,2026-05-07T06:01:54.128509,Citroën C1 - 1.0-12V Ambiance | Airconditioning | Elektr. ramen | Stuurbe,Citroën,C1,2010,3950,104808,Benzine,Handgeschakeld,50,Hatchback,Zwart
0a94ea03b5b525ca,2026-05-07T06:00:01.992293,2026-05-08T06:01:55.401662,Fiat 500C - 1.2 Pop,Fiat,500C,2010,3950,130394,Benzine,Handgeschakeld,51,Hatchback,Wit
acc0e4824c1603a6,2026-05-08T06:00:02.187824,2026-05-14T06:01:54.386277,Nissan Pixo - 1.0 Acenta,Nissan,Pixo,2010,3850,120237,Benzine,Handgeschakeld,50,Hatchback,Zwart
e70e2c43c10fdec5,2026-05-08T06:00:02.203328,2026-05-08T06:01:55.405209,Peugeot 107 - 1.0-12V XS | 5 deurs | Airco |Toerenteller,Peugeot,107,2010,3500,94452,Benzine,Handgeschakeld,50,Hatchback,Zwart
a93156e85854d670,2026-05-08T06:00:02.206491,2026-05-14T06:01:54.358795,Citroën C1 - 1.0-12V Ambiance // Airco // El ramen,Citroën,C1,2010,3995,75000,Benzine,Handgeschakeld,50,Hatchback,Wit
ef5178b3baaf2c32,2026-05-08T06:00:02.207974,2026-05-14T06:01:54.364400,Fiat Panda - 1.2 Active | Airco | Dakrails,Fiat,Panda,2012,3945,96096,Benzine,Handgeschakeld,51,Hatchback,Zwart
380a6519fb4547af,2026-05-09T06:00:02.199956,2026-05-14T06:01:54.366788,"Fiat 500C - 1.2 Pop Leder, Pano.",Fiat,500C,2009,3850,156593,Benzine,Handgeschakeld,51,Cabriolet,Rood
4e96c1408b926cd6,2026-05-09T06:00:02.202526,2026-05-14T06:01:54.354584,Peugeot 206 - 1.4 GENERATION 5-DRS AIRCO/RADIO/CRUISE/GOED ONDERHOUDEN,Peugeot,206,2009,3995,80798,Benzine,Handgeschakeld,55,Hatchback,Grijs
a4f23bc82e61334d,2026-05-09T06:00:02.208584,2026-05-14T06:01:54.350743,"Opel Agila - 1.2 Edition Airco (koud) dealer onderhouden, met",Opel,Agila,2009,3500,157525,Benzine,Handgeschakeld,63,Hatchback,Blauw
869e604a06c6fccf,2026-05-09T06:00:02.210150,2026-05-14T06:01:54.371582,"Ford Fusion - 1.6-16V Futura D.RIEM VERVANGEN 9-2025, VOORRUITVERWARMING,",Ford,Fusion,2007,3950,115387,Benzine,Automaat,74,MPV,Rood
524629131202a694,2026-05-09T06:00:02.220200,2026-05-12T06:01:54.750936,Renault Modus - 1.4-16V Dynamique Comfort,Renault,Modus,2005,3890,133401,Benzine,Handgeschakeld,72,MPV,Grijs
fba785da7d1558ad,2026-05-09T06:00:02.222338,2026-05-09T06:01:55.170616,Toyota Aygo - 1.0-12V Comfort | Airco | NAP | Zuinig,Toyota,Aygo,2010,3945,101646,Benzine,Handgeschakeld,50,Hatchback,Blauw
3fa7ccd1620cdc6a,2026-05-09T06:00:02.226603,2026-05-14T06:01:54.356991,Opel Corsa - 1.2-16V Anniversary Edition,Opel,Corsa,2012,3750,154646,Benzine,Handgeschakeld,63,Hatchback,Grijs
742de719a9074bfc,2026-05-10T06:00:02.522480,2026-05-14T06:01:54.375850,Smart ForTwo - coupé 1.0 mhd Passion,Smart,ForTwo,2012,3650,139296,Benzine,Automaat,52,Hatchback,Grijs
07824ec976ff6da4,2026-05-11T06:00:02.706016,2026-05-11T06:01:54.465517,Renault Twingo - 1.2-16V Collection,Renault,Twingo,2011,3750,123340,Benzine,Handgeschakeld,55,Hatchback,Rood
73431fa070dcc6e9,2026-05-12T06:00:02.567276,2026-05-14T06:01:54.363620,Suzuki Splash - 1.0 VVT Comfort,Suzuki,Splash,2012,3950,111470,Benzine,Handgeschakeld,50,Hatchback,Zwart
130a11ef947668e5,2026-05-12T06:00:02.575585,2026-05-14T06:01:54.362832,Renault Modus - 1.6-16V EXCEPTION Orig. NL/Cruise Control/Climate Control/Tr,Renault,Modus,2008,3950,118599,Benzine,Handgeschakeld,82,MPV,Zwart
d8c9eff1a80e3e05,2026-05-12T06:00:02.578803,2026-05-14T06:01:54.364792,"Toyota Aygo - 1.0-12V 5-Drs Comfort AIRCO,",Toyota,Aygo,2011,3999,132900,Benzine,Handgeschakeld,50,Hatchback,Grijs
0222f784511fabbf,2026-05-12T06:00:02.585589,2026-05-13T06:01:54.558426,Peugeot 107 - 1.0 Active / Airco / Automaat,Peugeot,107,2013,3950,111384,Benzine,Automaat,50,Hatchback,Blauw
7a0673ab0b851275,2026-05-12T06:00:02.586333,2026-05-14T06:01:54.369079,Suzuki Swift - 1.3 Comfort Airco,Suzuki,Swift,2009,3950,96464,Benzine,Handgeschakeld,68,Hatchback,Rood
ad4f546d5d1f6144,2026-05-12T06:00:02.592779,2026-05-14T06:01:54.362032,Toyota Yaris - 1.3 VVTi Luna CLIMA LICHTMETAAL STUURBEDIENING,Toyota,Yaris,2006,4000,150930,Benzine,Handgeschakeld,64,Hatchback,Blauw
b4e87ab3e634b857,2026-05-13T06:00:02.110406,2026-05-14T06:01:54.375501,Hyundai i10 - 1.2 i-Catcher Nette auto,Hyundai,i10,2011,3913,120154,Benzine,Handgeschakeld,63,Hatchback,Grijs
7c848023356e35ae,2026-05-13T06:00:02.114741,2026-05-14T06:01:54.375152,Mitsubishi Colt - 1.1 Edition One | Airco | Elektrische Ramen,Mitsubishi,Colt,2010,3885,111065,Benzine,Handgeschakeld,55,Hatchback,Grijs
00cbba47a0312c8f,2026-05-13T06:00:02.115096,2026-05-14T06:01:54.378694,Hyundai i20 - 1.2i DynamicVersion 78 PK. Als nieuw rijdende auto met slech,Hyundai,i20,2010,3950,119151,Benzine,Handgeschakeld,57,Hatchback,Rood
62376cf2aa4616f0,2026-05-13T06:00:02.115456,2026-05-14T06:01:54.377263,Ford Fiesta - 1.25 Limited|NAP|Airco|Aux|Nette Auto,Ford,Fiesta,2009,3950,149950,Benzine,Handgeschakeld,44,Hatchback,Zwart
b92511c478128e96,2026-05-13T06:00:02.132432,2026-05-14T06:01:54.379783,"Peugeot 107 - 1.0 Active airco, 5 deurs, Origineel NL, LED dagrijverlichti",Peugeot,107,2012,3950,127198,Benzine,Handgeschakeld,50,Hatchback,Wit
56854b2f236d5d9b,2026-05-14T06:00:01.958119,2026-05-14T06:01:54.367586,Hyundai i10 - 1.2 i-Catcher,Hyundai,i10,2011,3900,157620,Benzine,Handgeschakeld,63,Hatchback,Blauw
98a7a2d048db9063,2026-05-14T06:00:01.960652,2026-05-14T06:01:54.370142,Ford C-Max - 1.8-16V Limited I Trekhaak I Clima I PDC I Cruise I Rijklaar,Ford,C-Max,2010,3500,155562,Benzine,Handgeschakeld,92,MPV,Grijs
aa3225c4a41b5a10,2026-05-14T06:00:01.970797,2026-05-14T06:01:54.380145,Toyota Aygo - 1.0 VVT-i Comfort 2012 NAP | Airco | Goed onderhouden | Elek,Toyota,Aygo,2012,3950,124858,Benzine,Handgeschakeld,50,Hatchback,Grijs
2810d7cfd895f2d0,2026-05-14T09:06:05.767838,2026-07-30T06:02:36.880554,MINI Clubman - Mini 1.6 Cooper S Chili,MINI,Clubman,2008,4995,154812,Benzine,Handgeschakeld,128,,Beige
d0a52ecb39166275,2026-05-14T09:06:05.772163,2026-06-23T06:01:55.603647,Suzuki SX4 - 1.6 Shogun I Airco I elec. ramen/spiegels I goed onderhouden,Suzuki,SX4,2011,5950,72442,Benzine,Handgeschakeld,82,MPV,Grijs
f91adf91997fff1f,2026-05-14T09:06:05.772714,2026-07-19T06:02:53.821743,Peugeot 208 - 1.2 VTi Envy,Peugeot,208,2012,5750,149151,Benzine,Handgeschakeld,60,Hatchback,Grijs
e1629c0570580f9f,2026-05-14T09:06:05.773293,2026-07-22T06:02:57.566123,Peugeot 108 - 1.0 e-VTi Active TOP,Peugeot,108,2016,5750,101212,Benzine,Handgeschakeld,51,Hatchback,Blauw
f89dea106011204e,2026-05-14T09:06:05.773782,2026-06-12T06:01:55.866347,Seat Mii - 1.0 Chill Out,Seat,Mii,2013,5550,148432,Benzine,Handgeschakeld,44,Hatchback,Rood
17fbe4a2c770f8f4,2026-05-14T09:06:05.774203,2026-06-12T06:01:55.869956,Honda Jazz - 1.2 AIRCO 5drs (keurige auto),Honda,Jazz,2009,4985,152988,Benzine,Handgeschakeld,66,MPV,Blauw
6070de32b5dd0ca6,2026-05-14T09:06:05.774617,2026-05-31T06:01:55.429186,Fiat 500L - 0.9 TwinAir Easy Eco,Fiat,500L,2013,5450,124869,Benzine,Handgeschakeld,77,MPV,Wit
78683b81044336b4,2026-05-14T09:06:05.775030,2026-07-30T06:02:36.998817,Peugeot 308 - 1.2 PureTech Active,Peugeot,308,2015,5750,148757,Benzine,Handgeschakeld,60,Hatchback,Blauw
644632391cfeca6d,2026-05-14T09:06:05.775441,2026-05-18T06:01:54.661721,Peugeot Partner - 1.6 BlueHDI Pro Nieuw model! Lees opmerkingen! Airco Lichtme,Peugeot,Partner,2019,5450,96637,Diesel,Handgeschakeld,73,,Grijs
f6929644faa9d155,2026-05-14T09:06:05.775837,2026-07-28T06:03:31.396366,Peugeot 308 - CC 1.6 VTi Sport,Peugeot,308,2012,6000,142305,Benzine,Handgeschakeld,88,Cabriolet,Blauw
29e08ab4187dd1ed,2026-05-14T09:06:05.776229,2026-07-25T06:05:44.268912,Mercedes-Benz A-klasse - 160 Business Class | Trekhaak | Automaat,Mercedes-Benz,A-klasse,2011,5950,158185,Benzine,Automaat,71,MPV,Grijs
d0b21531635de593,2026-05-14T09:06:05.776658,2026-07-28T06:03:31.358490,Lancia Ypsilon - 1.2 Black & Red,Lancia,Ypsilon,2012,4950,101308,Benzine,Handgeschakeld,51,Hatchback,Zwart
b4d968d6ee274586,2026-05-14T09:06:05.777097,2026-06-26T06:01:54.866421,Opel Meriva - 1.4 Turbo Edition,Opel,Meriva,2011,5250,151746,Benzine,Handgeschakeld,88,MPV,Zwart
054d9785df469577,2026-05-14T09:06:05.777504,2026-06-21T06:01:54.040733,Fiat Panda - 0.9 TwinAir Edizione Cool ✅Airco✅Elct. Ramen✅Radio CD✅Centr.,Fiat,Panda,2014,4950,134627,Benzine,Handgeschakeld,44,Hatchback,Wit
e24c021210222eaa,2026-05-14T09:06:05.777921,2026-07-19T06:02:54.022635,Toyota Aygo - 1.0 VVT-i Comfort 5-deurs | Airco | NL auto | Stuurbekrachti,Toyota,Aygo,2013,5995,122424,Benzine,Handgeschakeld,50,Hatchback,Grijs
c10561dcbf93ff55,2026-05-14T09:06:05.778319,2026-07-22T06:02:57.601712,Suzuki SX4 - 1.6 Comfort Automaat,Suzuki,SX4,2009,5950,120690,Benzine,Automaat,79,Sedan,Grijs
402e181eab2c135a,2026-05-14T09:06:05.778715,2026-05-14T09:32:52.334700,Opel Agila - 1.2 Edition Airco Stuurbekr LMvelgen Privacyglass,Opel,Agila,2011,4750,84104,Benzine,Handgeschakeld,69,Hatchback,Groen
f88d50ecf6eaadd4,2026-05-14T09:06:05.779103,2026-07-10T06:02:30.375160,Renault Modus - 1.6 16V Night&Day Pano Automaat,Renault,Modus,2012,4650,120922,Benzine,Automaat,82,MPV,Grijs
b934c30d2a46b7b3,2026-05-14T09:06:05.779498,2026-06-18T06:01:54.913436,Citroën C1 - 1.0 Collection||Vol. Dealer onderhouden|Airco|,Citroën,C1,2013,4750,114961,Benzine,Handgeschakeld,50,Hatchback,Zwart
a55c2a98bb4c9405,2026-05-14T09:06:05.779894,2026-06-01T06:01:55.909142,Toyota Yaris - 1.3 VVTi Aspiration,Toyota,Yaris,2009,4500,84424,Benzine,Handgeschakeld,74,Hatchback,Grijs
47e9f8d92c43f9a4,2026-05-14T09:06:05.780285,2026-05-22T06:01:55.707638,Ford Ka - 1.2 Style start/stop | Incl. 12 maanden Garantie | Airco | S,Ford,Ka,2014,5450,112271,Benzine,Handgeschakeld,51,Hatchback,Zwart
7236f5b8a390fec3,2026-05-14T09:06:05.780683,2026-05-26T06:01:55.136996,Toyota Aygo - 1.0 VVT-i Comfort|Org NL|Airco|5drs,Toyota,Aygo,2012,4895,100071,Benzine,Handgeschakeld,50,Hatchback,Wit
79cff625389e20b5,2026-05-14T09:06:05.781098,2026-06-05T06:02:04.166823,Ford Fiesta - 1.25 Trend | Trekhaak | Airco | Lichtmetalen Velgen | Stuurb,Ford,Fiesta,2013,5650,144474,Benzine,Handgeschakeld,60,Hatchback,Grijs
cc712d27f4598eea,2026-05-14T09:06:05.781505,2026-07-30T06:02:36.931200,Skoda Citigo - 1.0 Greentech Arctic Air Zeer nette en goed onderhouden auto,Skoda,Citigo,2013,5913,119660,Benzine,Handgeschakeld,55,Hatchback,Zwart
e4ffbdf9a05ed8a4,2026-05-14T09:06:05.781903,2026-05-14T09:32:52.337127,Renault Twingo - 1.2 16V Dynamique / Airco / zeer mooi,Renault,Twingo,2014,4750,71347,Benzine,Handgeschakeld,55,Hatchback,Zwart
beaf1ffc9dd815fa,2026-05-14T09:06:05.782302,2026-07-30T06:02:36.931528,Peugeot 108 - 1.0 e-VTi Access,Peugeot,108,2016,5750,144980,Benzine,Handgeschakeld,51,Hatchback,Grijs
e7ffa0e9fedd6ecf,2026-05-14T09:06:05.782692,2026-07-29T06:02:56.361278,Toyota Corolla - 1.4 VVT-i Terra NAP Airco/Trekhaak/Goed O.H.,Toyota,Corolla,2005,4999,120566,Benzine,Handgeschakeld,71,Hatchback,Blauw
fc98a23c1fac04fa,2026-05-14T09:06:05.783063,2026-07-21T06:04:36.972273,"Citroën C1 - 1.2 PureTech Shine AIRCO, LED, BLACKLINE",Citroën,C1,2015,5950,109708,Benzine,Handgeschakeld,60,Hatchback,Zwart
9cb04f02849472bf,2026-05-14T09:06:05.783423,2026-05-15T06:01:55.170556,Ford Fiesta - 1.0 Champion * Trekhaak * Nieuwe Distributie,Ford,Fiesta,2013,5450,121691,Benzine,Handgeschakeld,48,Hatchback,Zwart
4fd9c71db54b6e46,2026-05-14T09:06:05.783775,2026-07-26T06:04:06.671844,Renault Twingo - 1.2 16V Parisienne | Airco | Radio/mp3 speler | Elektrische,Renault,Twingo,2014,5500,97650,Benzine,Handgeschakeld,55,Hatchback,Wit
4a3329cf7cb1c77b,2026-05-14T09:06:05.784133,2026-05-23T06:01:56.044656,Ford C-Max - 1.0 Lease Titanium,Ford,C-Max,2014,4950,151808,Benzine,Handgeschakeld,93,MPV,Grijs
2e3f097a04114f33,2026-05-14T09:06:05.784500,2026-07-30T06:02:36.830000,Ford C-Max - 1.0 Titanium|125Pk|Clima|Cruise|Boekjes|Nap,Ford,C-Max,2013,5999,158606,Benzine,Handgeschakeld,92,MPV,Grijs
3ee92562030d509b,2026-05-14T09:06:05.784919,2026-07-01T06:01:54.756409,Opel Corsa - 1.4-16V 100pk|RIJKLAAR|NAV|A-C|DLR ONDH|GARANTY,Opel,Corsa,2011,4690,147637,Benzine,Handgeschakeld,74,Hatchback,Bruin
9d38a8b254d2e212,2026-05-14T09:06:05.785296,2026-06-21T06:01:54.031170,Mercedes-Benz B-klasse - 160 BlueEFFICIENCY Business Class,Mercedes-Benz,B-klasse,2011,4850,156504,Benzine,Handgeschakeld,71,MPV,Zwart
87315060dd2b00b8,2026-05-14T09:06:05.785675,2026-05-15T06:01:55.173520,Volkswagen Up! - 1.0 move up! BlueM.,Volkswagen,Up!,2014,5750,119632,Benzine,Handgeschakeld,44,Hatchback,Grijs
e0a50831145fcd20,2026-05-14T09:06:05.786034,2026-07-24T06:03:55.355219,Suzuki Alto - 1.0 Cool Comfort|Airco|5-Deurs,Suzuki,Alto,2011,5850,68427,Benzine,Handgeschakeld,50,Hatchback,Grijs
ea8cc5bf7d1979c2,2026-05-14T09:06:05.786432,2026-07-17T06:07:54.539139,Citroën DS3 - 1.4 Chic,Citroën,DS3,2010,5950,93287,Benzine,Handgeschakeld,70,Hatchback,Zwart
02e52b325c487f4c,2026-05-14T09:06:05.786856,2026-07-19T06:02:53.819794,Peugeot 308 - CC 1.6 VTi Sport Nette Auto,Peugeot,308,2009,5250,144077,Benzine,Handgeschakeld,88,Cabriolet,Blauw
54798770b6ec3f93,2026-05-14T09:06:05.787210,2026-05-24T06:01:58.641751,Opel Meriva - 1.4 Turbo Anniversary Edition,Opel,Meriva,2012,5295,139539,Benzine,Handgeschakeld,88,MPV,Blauw
de91b581f1582e94,2026-05-14T09:06:05.787569,2026-06-05T06:02:04.167116,Fiat 500 - 0.9 TwinAir Lounge,Fiat,500,2012,4950,90737,Benzine,Handgeschakeld,63,Hatchback,Wit
9295e0aca7de04bd,2026-05-14T09:06:05.791186,2026-07-26T06:04:06.740358,Fiat 500 - 1.2 Pop | Airco |,Fiat,500,2011,5450,111351,Benzine,Handgeschakeld,51,Hatchback,Zwart
57a53ad6ceab7826,2026-05-14T09:06:05.791568,2026-07-22T06:02:57.519976,Peugeot 107 - 1.0 Envy | 5deurs | Airco | Elek. pakket | Dealerauto | Face,Peugeot,107,2012,4999,130686,Benzine,Handgeschakeld,50,Hatchback,Paars
8d5f92cf4543a101,2026-05-14T09:06:05.791927,2026-06-10T06:01:55.364023,Skoda Citigo - 1.0 Greentech Ambition | Bluetooth | Lichtmetalen velgen | A,Skoda,Citigo,2016,5445,153253,Benzine,Handgeschakeld,44,Hatchback,Wit
3f92de11f23e4bf8,2026-05-14T09:06:05.792313,2026-05-30T06:01:59.657253,Fiat 500C - 0.9 TwinAir Lounge,Fiat,500C,2013,5949,116690,Benzine,Handgeschakeld,63,Cabriolet,Wit
3d8b50bd7abe7369,2026-05-14T09:06:05.792688,2026-07-02T06:01:54.834737,Peugeot 107 - 1.0 Active | Airco |,Peugeot,107,2013,5245,91599,Benzine,Handgeschakeld,50,Hatchback,Zwart
4c8929d749b6e719,2026-05-14T09:06:05.793070,2026-05-30T06:01:59.646005,Renault Twingo - 1.0 SCe Dynamique,Renault,Twingo,2016,5749,133811,Benzine,Handgeschakeld,52,Hatchback,Wit
38e3555766a1f739,2026-05-14T09:06:05.793429,2026-05-14T09:32:52.343831,Fiat 500 - 0.9 TWINAIR 500S,Fiat,500,2013,5950,80622,Benzine,Handgeschakeld,63,Hatchback,Grijs
40964a501f19eec3,2026-05-14T09:06:05.793774,2026-07-27T06:11:07.611948,Renault Clio - Estate 1.2 TCE Collection - Distr.riem 09/2023 reeds vervang,Renault,Clio,2011,5450,126163,Benzine,Handgeschakeld,76,,Bruin
d4b06b128b3e9e3c,2026-05-14T09:06:05.794123,2026-05-22T06:01:55.722731,Toyota Aygo - 1.0-12V +,Toyota,Aygo,2009,4950,96149,Benzine,Automaat,50,Hatchback,Zwart
700c1385c35e8c2a,2026-05-14T09:06:05.794479,2026-06-26T06:01:54.873381,"Hyundai ix20 - 1.4i i-Motion Airco, Hoge Instap, NW APK",Hyundai,ix20,2012,5920,132081,Benzine,Handgeschakeld,66,MPV,Blauw
b42cd801c8d1e477,2026-05-14T09:06:05.794834,2026-05-14T09:32:52.345050,Kia Venga - 1.4 CVVT PLUS PACK,Kia,Venga,2012,5750,125128,Benzine,Handgeschakeld,66,MPV,Grijs
712e738b53a3c307,2026-05-14T09:06:05.795191,2026-05-24T06:01:58.651091,Opel Agila - 1.0 Berlin,Opel,Agila,2014,4950,60345,Benzine,Handgeschakeld,50,Hatchback,Grijs
96e59b7032d458c1,2026-05-14T09:06:05.795564,2026-06-13T06:01:54.182899,Renault Twingo - 1.0 SCe Dynamique *Cabrio dak *Airco,Renault,Twingo,2016,5950,117330,Benzine,Handgeschakeld,52,Hatchback,Wit
a4864e37f680d596,2026-05-14T09:06:05.795920,2026-06-22T06:01:54.960283,Citroën C1 - 1.0 Collection Elek. ramen l Airco,Citroën,C1,2012,4845,81130,Benzine,Handgeschakeld,50,Hatchback,Wit
7138ace438e0353a,2026-05-14T09:06:05.796280,2026-06-07T06:01:55.428379,Dacia Sandero - 0.9 TCe Stepway Lauréate / Cruise / Parkeersensoren / Navi,Dacia,Sandero,2013,5950,139203,Benzine,Handgeschakeld,66,Hatchback,Zwart
f63a61b371868142,2026-05-14T09:06:05.796640,2026-06-07T06:01:55.416656,Renault Grand Modus - 1.2 TCE Dynamique 2e Eig. 83.300 km +NAP NL-auto,Renault,Grand,2011,4750,83393,Benzine,Handgeschakeld,76,MPV,Grijs
38b380aa8eb7384c,2026-05-14T09:06:05.796986,2026-07-24T06:03:55.239596,Fiat 500 - 0.9 TwinAir Lounge,Fiat,500,2012,5250,112899,Benzine,Handgeschakeld,63,Hatchback,Wit
3245ac10e0472d12,2026-05-14T09:06:05.797444,2026-07-28T06:03:31.279493,Renault Clio - Estate 0.9 TCe Dynamique,Renault,Clio,2013,5950,142172,Benzine,Handgeschakeld,66,,Rood
35dfaaaa46b4993e,2026-05-14T09:06:05.797795,2026-06-11T06:01:54.660743,"Peugeot Partner - 122 1.6 HDi 90 L2 XR Trekhaak, 3 zits marge",Peugeot,Partner,2016,5800,149940,Diesel,Handgeschakeld,66,,
c2942a017677334d,2026-05-14T09:06:05.798145,2026-07-23T06:04:19.666849,Toyota Aygo - 1.0-12V Comfort 5-deurs | NL auto | Airco | LM velgen,Toyota,Aygo,2010,5995,123403,Benzine,Handgeschakeld,50,Hatchback,Wit
5b85778baa871acd,2026-05-14T09:06:05.798507,2026-07-26T06:04:06.914608,Ford Fiesta - 1.25 Trend,Ford,Fiesta,2008,4795,106693,Benzine,Handgeschakeld,60,Hatchback,Groen
13a839b155a1d62e,2026-05-14T09:06:05.798863,2026-07-25T06:05:44.123476,Daihatsu Sirion - 1.3 91pk Supreme bij Daihatsu dealer met 12 maanden garantie,Daihatsu,Sirion,2011,5950,157028,Benzine,Handgeschakeld,67,Hatchback,Zwart
299b3996ba8f8018,2026-05-14T09:06:05.799212,2026-05-18T06:01:54.679586,Fiat Panda - 0.9 TwinAir Edizione Cool 80PK | Rijklaarprijs | Elektrisch,Fiat,Panda,2016,4650,157841,Benzine,Handgeschakeld,59,Hatchback,Zwart
3501f98f49300d27,2026-05-14T09:06:05.799582,2026-05-20T06:01:55.651383,Renault Twingo - 1.2 16V Collection|| Airco|Lichtmetaal|,Renault,Twingo,2012,4750,113317,Benzine,Handgeschakeld,55,Hatchback,Wit
5883ef543cfdb818,2026-05-14T09:06:05.799942,2026-05-20T06:01:55.636459,Citroën DS3 - 1.6 So Chic in White | Cruise control | Parkeersensoren | Ai,Citroën,DS3,2011,5850,109407,Benzine,Handgeschakeld,88,Hatchback,Zwart
286af1fe104c4489,2026-05-14T09:06:05.800304,2026-07-02T06:01:54.842538,Fiat 500 - 1.2 Pop | AIRCO |,Fiat,500,2011,5950,111203,Benzine,Handgeschakeld,51,Hatchback,Wit
1f6d223105cc97be,2026-05-14T09:06:05.800661,2026-07-28T06:03:31.345845,Mitsubishi Space Star - 1.0 Inform Airco (APK:Nieuw) Incl.Garantie,Mitsubishi,Space,2016,5445,120000,Benzine,Handgeschakeld,52,Hatchback,Blauw
34e4ddca0f73592b,2026-05-14T09:06:05.801069,2026-06-15T06:01:55.477920,"Ford Fiesta - 1.0 Style Trekhaak, airco",Ford,Fiesta,2013,5950,100715,Benzine,Handgeschakeld,48,Hatchback,Wit
0af0b991f6c732b6,2026-05-14T09:06:05.801439,2026-05-18T06:01:54.656493,Ford Fusion - 1.4-16V Cool & Sound 2e Eig. 95.850 km +NAP NL-auto,Ford,Fusion,2010,4950,95850,Benzine,Handgeschakeld,59,MPV,Rood
b2f039cc510a56b3,2026-05-14T09:06:05.801786,2026-07-17T06:07:54.619042,Toyota Aygo - 1.0-12V Sport 5-deurs | NL auto | CPV | Airco,Toyota,Aygo,2008,5495,129703,Benzine,Handgeschakeld,50,Hatchback,Rood
db7f522267a8ae02,2026-05-14T09:06:05.802147,2026-06-08T06:01:54.451041,Peugeot 208 - 1.2 VTi Active,Peugeot,208,2013,4950,155752,Benzine,Handgeschakeld,60,Hatchback,Paars
8a8cf9429caf7db1,2026-05-14T09:06:05.802515,2026-05-18T06:01:54.668853,Volkswagen Polo - 1.2 Easyline 5 Deurs | Airco,Volkswagen,Polo,2010,5885,117245,Benzine,Handgeschakeld,44,Hatchback,Grijs
e43484380b3a7341,2026-05-14T09:06:05.802864,2026-06-26T06:01:54.880007,Volkswagen Golf Plus - 1.2 TSI Trendline,Volkswagen,Golf,2011,5750,145257,Benzine,Handgeschakeld,63,MPV,Grijs
7647b81a70df0db9,2026-05-14T09:06:05.803213,2026-05-24T06:01:58.650792,Chevrolet Aveo - 1.2 LT 2e Eig. 61.100 km +NAP NL-auto,Chevrolet,Aveo,2012,5450,61101,Benzine,Handgeschakeld,63,Hatchback,Zwart
a5017d744655da01,2026-05-14T09:06:05.803580,2026-05-23T06:01:56.028865,Peugeot 107 - 1.0 Active Pack Premium | 5 drs | Airco | Radio CD | Central,Peugeot,107,2013,4650,154179,Benzine,Handgeschakeld,50,Hatchback,Zwart
7ac403ebeb975b96,2026-05-14T09:06:05.806348,2026-06-14T06:01:55.015166,Fiat Panda - 0.9 TwinAir Lounge Airco - Dakrails - Elektrische ramen voor,Fiat,Panda,2013,5850,134671,Benzine,Handgeschakeld,63,Hatchback,Zwart
98fa6665b6aa2f9b,2026-05-14T09:06:05.806729,2026-07-22T06:02:57.563947,Opel Corsa - 1.2-16V Cosmo | Stoelverw. | Cruise | Trekhaak |,Opel,Corsa,2014,5250,116078,Benzine,Handgeschakeld,64,Hatchback,Grijs
eec81282608775ac,2026-05-14T09:06:05.807085,2026-07-30T06:02:36.958159,Opel Astra - Sports Tourer 1.4 Turbo Edition,Opel,Astra,2011,5495,119516,Benzine,Handgeschakeld,88,,Zwart
2936c05f9f00f878,2026-05-14T09:06:05.807454,2026-05-31T06:01:55.422379,Renault Twingo - 1.0 SCe Dynamique AIRCO 5 DEURS CENTRAAL VERGRENDELING LM VE,Renault,Twingo,2015,5535,124009,Benzine,Handgeschakeld,52,Hatchback,Geel
8cdd76c9d214d26a,2026-05-14T09:06:05.807822,2026-07-09T06:03:57.503730,Fiat Panda - 0.9 TwinAir Edizione Cool,Fiat,Panda,2014,5950,77144,Benzine,Handgeschakeld,59,Hatchback,Rood
fb624549679b3014,2026-05-14T09:06:05.808174,2026-07-17T06:07:54.620258,Ford C-Max - 1.8 92KW,Ford,C-Max,2010,6000,125522,Benzine,Handgeschakeld,92,MPV,Grijs
0724f0a71272043c,2026-05-14T09:06:05.808530,2026-05-20T06:01:55.645605,Smart ForFour - 1.0 Proxy (Navi / Cruise / Bluetooth),Smart,ForFour,2015,5990,89775,Benzine,Handgeschakeld,52,Hatchback,Wit
f88b959816c1a467,2026-05-14T09:06:05.808877,2026-05-14T09:32:52.358282,"Hyundai i20 - 1.2i i-Deal Airco Lichtmetalen velgen 15""",Hyundai,i20,2014,5950,142196,Benzine,Handgeschakeld,63,Hatchback,Grijs
200bae3bcf7f8814,2026-05-14T09:06:05.809278,2026-05-19T06:01:54.630912,Fiat Panda - 0.9 TwinAir Lounge | Airco | Elektr. ramen | 12 maanden gara,Fiat,Panda,2017,5940,94720,Benzine,Handgeschakeld,59,Hatchback,Zwart
b6a06f2f96e9c4db,2026-05-14T09:06:05.809659,2026-07-23T06:04:19.733876,Alfa Romeo MiTo - 0.9 TwinAir Esclusivo,Alfa,Romeo,2014,5800,100139,Benzine,Handgeschakeld,74,Hatchback,Rood
5bd7d62aee3a5336,2026-05-14T09:06:05.810023,2026-05-28T06:01:59.518714,Peugeot 107 - 1.0 Active,Peugeot,107,2013,4500,146147,Benzine,Handgeschakeld,50,Hatchback,Grijs
74257e5e1f07ff9f,2026-05-14T09:06:05.810377,2026-06-22T06:01:54.961465,Citroën C1 - 1.0 Collection Light AIRCO 5-DEURS AFNB-TREKHAAK NL AUTO,Citroën,C1,2014,4950,71230,Benzine,Handgeschakeld,50,Hatchback,Wit
685d57465abd8353,2026-05-14T09:06:05.810728,2026-06-11T06:01:54.652452,"Opel Corsa - 1.2-16V '111' Edition Airco, Cruise controle. Licht metalen",Opel,Corsa,2010,5450,79594,Benzine,Handgeschakeld,63,Hatchback,Zwart
c4c2777ba883d44d,2026-05-14T09:06:05.811076,2026-07-30T06:02:36.829380,Citroën C3 - 1.4 VTi Collection | CRUISE | AIRCO | CLIMA | GOED ONDERHOUD,Citroën,C3,2012,5950,128290,Benzine,Handgeschakeld,71,Hatchback,Zwart
d9e3ebbcefc14384,2026-05-14T09:06:05.811431,2026-07-26T06:04:06.875450,Renault Twingo - 1.2 16V Collection airco ALLINPRIJS,Renault,Twingo,2013,5750,114133,Benzine,Handgeschakeld,55,Hatchback,Rood
5dd09909270f4af7,2026-05-14T09:06:05.811779,2026-07-02T06:01:54.839837,Daihatsu Terios - 1.5 2WD Tour,Daihatsu,Terios,2010,5950,156171,Benzine,Handgeschakeld,77,SUV / Terreinwagen,Zwart
49bdf3927203971c,2026-05-14T09:06:05.812135,2026-07-07T06:04:00.716646,Seat Mii - 1.0 Style Airco (APK:Nieuw) Incl.Garantie,Seat,Mii,2012,5945,105000,Benzine,Handgeschakeld,44,Hatchback,Zwart
1e776b7ab1d829fa,2026-05-14T09:06:05.812499,2026-05-19T06:01:54.636387,Citroën C1 - 1.0 e-VTi Feel,Citroën,C1,2017,5945,124758,Benzine,Handgeschakeld,51,Hatchback,Blauw
39e8015eacac4f2b,2026-05-14T09:06:05.812856,2026-07-27T06:11:07.732223,Fiat Punto - 1.2 Dynamic,Fiat,Punto,2013,4850,158774,Benzine,Handgeschakeld,51,Hatchback,Zwart
2d78250d368cc59b,2026-05-14T09:06:05.813232,2026-06-19T06:01:54.684889,Ford Fiesta - 1.25 Limited,Ford,Fiesta,2011,5250,149896,Benzine,Handgeschakeld,44,Hatchback,Zwart
bee0c0c77c001799,2026-05-14T09:06:05.813600,2026-07-30T06:02:36.976164,Suzuki Splash - 1.0 VVT Exclusive,Suzuki,Splash,2011,5950,62394,Benzine,Handgeschakeld,50,Hatchback,Oranje
232903777dfe71cb,2026-05-14T09:06:05.813946,2026-05-14T09:32:52.362559,Renault Clio - Estate 1.2 TCe Collection Airco Navi trekhaak ALLINPRIJS,Renault,Clio,2011,4950,132767,Benzine,Handgeschakeld,74,,Grijs
fc1b39679b5d7e40,2026-05-14T09:06:05.814292,2026-06-16T06:01:56.179350,Seat Mii - 1.0 Chill Out | Airco | Cruise control | Elektrische ramen v,Seat,Mii,2013,5750,129696,Benzine,Handgeschakeld,43,Hatchback,Grijs
02d28a25bfd294e2,2026-05-14T09:06:05.814652,2026-06-06T06:01:54.815387,Hyundai i10 - 1.0i i-Motion,Hyundai,i10,2014,5950,110793,Benzine,Handgeschakeld,48,Hatchback,Blauw
39cef53969221108,2026-05-14T09:06:05.815001,2026-06-28T06:01:54.598919,Fiat 500 - 1.2 Lounge Cabrio|Airco|Bleu&me|Leder|PDC|APK nieuw|,Fiat,500,2013,5995,153401,Benzine,Handgeschakeld,51,Hatchback,Blauw
6c796db468039032,2026-05-15T06:00:02.857280,2026-07-27T06:11:07.767116,Fiat 500 - 1.2 Lounge,Fiat,500,2009,5350,111526,Benzine,Handgeschakeld,51,Hatchback,Blauw
4e8074bb145d48d7,2026-05-15T06:00:02.857658,2026-07-06T06:03:03.747512,Opel Agila - 1.0 Berlin | NAP | Orig. NL | Airco | Onderhoudshistorie com,Opel,Agila,2015,5850,104175,Benzine,Handgeschakeld,50,Hatchback,Zwart
7399ce329d63c0be,2026-05-15T06:00:02.858328,2026-07-04T06:01:54.906550,Citroën C1 - 1.0 e-VTi Feel (APK:Nieuw) Incl.Garantie,Citroën,C1,2014,5945,95000,Benzine,Handgeschakeld,51,Hatchback,Zwart
6519b2cdaa808286,2026-05-15T06:00:02.858681,2026-07-16T06:02:36.531555,Ford Ka - 1.2 Style start/stop,Ford,Ka,2015,4950,90928,Benzine,Handgeschakeld,51,Hatchback,Wit
e4c28f598f660d75,2026-05-15T06:00:02.859004,2026-05-25T06:01:54.705379,Ford Fiesta - 1.25 Titanium 82PK (APK:Nieuw) Incl.Garantie,Ford,Fiesta,2012,5945,115000,Benzine,Handgeschakeld,60,Hatchback,Bruin
231214dc4c3d51ec,2026-05-15T06:00:02.859639,2026-07-21T06:04:36.973404,Nissan Leaf - Clima I Camera I Navi I Beide laadkabels aanwezig I Rijklaar,Nissan,Leaf,2011,4500,138639,Elektrisch,Automaat,80,Hatchback,Wit
017b13b502dbed12,2026-05-15T06:00:02.859943,2026-06-02T06:01:56.869901,Peugeot 208 - 1.2 Puretech 82pk 5D Urban Soul | Cruise control |bluetooth,Peugeot,208,2016,5450,152222,Benzine,Handgeschakeld,60,Hatchback,Grijs
0cd6685185693a89,2026-05-15T06:00:02.860255,2026-07-20T06:15:00.350359,"Ford Ka - 1.2 Style start/stop Airco, EL Ramen, Centrale Deurvergrende",Ford,Ka,2014,5900,58875,Benzine,Handgeschakeld,51,Hatchback,Blauw
f8f3b1f7fa9cf0ce,2026-05-15T06:00:02.860574,2026-05-21T06:01:56.630058,Kia Venga - 1.4 CVVT X-tra,Kia,Venga,2010,5250,143077,Benzine,Handgeschakeld,66,MPV,Grijs
7484ec7dd0f72c27,2026-05-15T06:00:02.860887,2026-06-30T06:01:55.092115,"Fiat Panda - 1.2 Classic+ 68pk, Airco, 4-Cilinder, LMV, BT",Fiat,Panda,2013,4940,136228,Benzine,Handgeschakeld,51,Hatchback,Zwart
04c7a6ee35e8e3be,2026-05-15T06:00:02.861540,2026-06-20T06:01:55.570543,Suzuki Alto - 1.0 Exclusive Rijklaarprijs! | 12 Maanden Garantie | Onderho,Suzuki,Alto,2012,5450,55651,Benzine,Handgeschakeld,50,Hatchback,Blauw
84009070e5b955c4,2026-05-15T06:00:02.861870,2026-07-20T06:15:00.506581,Dacia Duster - 1.6 Duster 2wd,Dacia,Duster,2010,5350,135889,Benzine,Handgeschakeld,77,SUV / Terreinwagen,Wit
cae17abb743b9927,2026-05-15T06:00:02.862481,2026-05-15T06:01:55.174715,Peugeot 108 - 1.0 e-VTi Active | ELEKTRISCHE RAMEN | AIRCO |,Peugeot,108,2014,5450,117952,Benzine,Handgeschakeld,51,Hatchback,Zwart
290e4b14aa115535,2026-05-15T06:00:02.862790,2026-06-06T06:01:54.789463,Suzuki Alto - 1.0 Comfort Airco | LAGE KM-STAND | 12 Maanden Garantie |,Suzuki,Alto,2009,4895,55857,Benzine,Handgeschakeld,50,Hatchback,Blauw
4950bed2f712174b,2026-05-15T06:00:02.863117,2026-05-16T06:01:54.605151,Dacia Duster - 1.2 TCe 4x2 Lauréate,Dacia,Duster,2014,5950,158404,Benzine,Handgeschakeld,92,SUV / Terreinwagen,Grijs
a06de9841bbf5e41,2026-05-15T06:00:02.863468,2026-07-24T06:03:55.127797,Peugeot 108 - 1.0 e-VTi Active Airco (APK:Nieuw) Incl.Garantie,Peugeot,108,2015,5495,105000,Benzine,Handgeschakeld,50,Hatchback,Paars
d6864d2e3338d58c,2026-05-15T06:00:02.863775,2026-05-18T06:01:54.681067,MINI Clubman - Mini 1.6 One Business Line|Airco|Navi|NAP|NWAPK,MINI,Clubman,2010,4950,153500,Benzine,Handgeschakeld,72,,Grijs
de3b1fc0650d6e8b,2026-05-15T06:00:02.864077,2026-07-28T06:03:31.396040,Citroën C1 - 1.0 Collection | airco |,Citroën,C1,2013,5650,94657,Benzine,Handgeschakeld,50,Hatchback,Wit
d4b8f0f266b7833a,2026-05-15T06:00:02.864379,2026-07-17T06:07:54.486226,Kia Picanto - 1.0 CVVT ISG Plus Pack | Airco | LM velgen | LED dagrijverli,Kia,Picanto,2013,5950,139279,Benzine,Handgeschakeld,51,Hatchback,Beige
34bd88e0c2e008e6,2026-05-15T06:00:02.864704,2026-05-15T06:01:55.176921,Opel Corsa - 1.2-16V BlitZ,Opel,Corsa,2014,4950,120446,Benzine,Handgeschakeld,63,Hatchback,Grijs
2c4efe0aad1c9e66,2026-05-15T06:00:02.865341,2026-07-26T06:04:06.634326,Opel Corsa - 1.4-16V + AIRCO,Opel,Corsa,2010,4950,147806,Benzine,Handgeschakeld,64,Hatchback,Wit
17a9a15c72b578b3,2026-05-15T06:00:02.865650,2026-07-30T06:02:36.901450,Renault Twingo - 1.0 SCe Collection,Renault,Twingo,2016,5995,128997,Benzine,Handgeschakeld,52,Hatchback,Zwart
a82fe546c723d33d,2026-05-15T06:00:02.865951,2026-07-01T06:01:54.744247,Ford Fiesta - 1.25 Titanium,Ford,Fiesta,2012,5750,139551,Benzine,Handgeschakeld,44,Hatchback,Zwart
91552e11c059c149,2026-05-15T06:00:02.866548,2026-05-18T06:01:54.662910,"Volvo S40 - 1.8 Edition NAP NW APK, GOED ONDERHOUDEN! """"ZONDAG OPEN """"",Volvo,S40,2008,5999,147339,Benzine,Handgeschakeld,93,Sedan,Grijs
f77bb15d050afc3d,2026-05-15T06:00:02.866854,2026-06-08T06:01:54.467313,Suzuki SX4 - 1.6 Shogun,Suzuki,SX4,2010,4950,151528,Benzine,Handgeschakeld,79,MPV,Blauw
42b95fee4bcf14e7,2026-05-15T06:00:02.867153,2026-05-15T06:01:55.179258,Peugeot 108 - 1.0 e-VTi Active,Peugeot,108,2014,4950,137741,Benzine,Handgeschakeld,51,Hatchback,Grijs
8bbda9b2167fb11a,2026-05-15T06:00:02.867464,2026-05-20T06:01:55.658494,Citroën DS3 - 1.6 So Chic,Citroën,DS3,2011,5500,127638,Benzine,Handgeschakeld,88,Hatchback,Rood
88ac61d2658c34a0,2026-05-15T06:00:02.867786,2026-05-15T06:01:55.179835,Alfa Romeo MiTo - 0.9 TwinAir Esclusivo - Navigatie I Leer I Airco I Xenon / P,Alfa,Romeo,2014,6000,131430,Benzine,Handgeschakeld,74,Hatchback,Zwart
bd0e58938fe6c7e9,2026-05-15T06:00:02.868111,2026-06-06T06:01:54.797656,Fiat Panda - 1.2 Edizione Cool 77.300 km +NAP NL-auto,Fiat,Panda,2011,4950,77300,Benzine,Handgeschakeld,51,Hatchback,Geel
abcd1bbcf8106d8f,2026-05-15T06:00:02.868420,2026-07-29T06:02:56.359716,Hyundai Tucson - 2.0i Style Premium / Leder / Climate / Cruise C / Trekhaak,Hyundai,Tucson,2007,4950,139510,Benzine,Handgeschakeld,104,SUV / Terreinwagen,Grijs
c11dc14427cbb7ce,2026-05-15T06:00:02.868730,2026-07-13T06:11:36.133259,Citroën C1 - 1.0 e-VTi Shine | CABRIO | AIRCO | BT |,Citroën,C1,2014,5450,151437,Benzine,Handgeschakeld,51,Hatchback,Grijs
ea22dd7e11987641,2026-05-15T06:00:02.869054,2026-06-13T06:01:54.194863,Peugeot 108 - 1.0 VTi Active|Airco|5drs|Bluetooth,Peugeot,108,2015,5895,88222,Benzine,Handgeschakeld,51,Hatchback,Wit
05d131eee7961951,2026-05-15T06:00:02.869675,2026-07-03T06:01:55.433061,Ford Fiesta - Style 1.2 4-cil. 3drs Airco | LMV 16,Ford,Fiesta,2013,5432,147454,Benzine,Handgeschakeld,44,Hatchback,Rood
466c6964dbb152ce,2026-05-15T06:00:02.869991,2026-06-15T06:01:55.457933,Citroën C1 - 1.0 5-DRS COLLECTION|AIRCONDITIONING|ISOFIX|BLUETOOTH|USB+AU,Citroën,C1,2012,4750,107843,Benzine,Handgeschakeld,50,Hatchback,Wit
e334ecbfdb484d39,2026-05-15T06:00:02.870303,2026-05-15T06:01:55.182211,Mitsubishi Space Star - 1.0 MIVEC 71PK Entry 5D RIJKLAAR AIRCO,Mitsubishi,Space,2014,5450,124669,Benzine,Handgeschakeld,52,Hatchback,Wit
981c217275001600,2026-05-15T06:00:02.870633,2026-06-02T06:01:56.867615,Renault Twingo - 0.9 Dynamique | Half Leder | Airco | Cruise | LM Velgen | NA,Renault,Twingo,2015,5450,126834,Benzine,Handgeschakeld,66,Hatchback,Wit
67f2287515a6ee9b,2026-05-15T06:00:02.870952,2026-05-15T06:01:55.182806,Fiat Panda - 0.9 TwinAir 60pk Lounge,Fiat,Panda,2014,5835,85444,Benzine,Handgeschakeld,44,Hatchback,Zwart
1c8e241745f16d29,2026-05-15T06:00:02.871265,2026-05-20T06:01:55.655000,Honda Jazz - 1.2 S HONDA JAZZ /AIRCO INCL ONDERHOUD EN AFLEVERING,Honda,Jazz,2012,5950,121457,Benzine,Handgeschakeld,66,MPV,Rood
50227ffbcc5bb333,2026-05-15T06:00:02.871573,2026-07-24T06:03:55.176803,Peugeot 107 - 1.0 Première,Peugeot,107,2014,5250,107732,Benzine,Handgeschakeld,50,Hatchback,Grijs
6d8aac58520143b7,2026-05-15T06:00:02.871915,2026-06-12T06:01:55.861237,Ford Ka - 1.2 Titanium X start/stop 2015 85000km [POSTCODE],Ford,Ka,2015,5495,85980,Benzine,Handgeschakeld,51,Hatchback,Wit
4ed96a893c502921,2026-05-15T06:00:02.872241,2026-05-15T06:01:55.184033,Peugeot 108 - 1.0 e-VTi 68pk 5D Active AIRCO | Bluetooth bellen & muziekst,Peugeot,108,2014,5990,125774,Benzine,Handgeschakeld,51,Hatchback,Grijs
ea1a5347172824c7,2026-05-15T06:00:02.872886,2026-07-22T06:02:57.602017,Citroën C1 - 1.2 Shine / camera / nieuwe distributie / airco,Citroën,C1,2014,5650,124372,Benzine,Handgeschakeld,60,Hatchback,Grijs
251a832dcc76d5c1,2026-05-15T06:00:02.873209,2026-06-19T06:01:54.684590,Skoda Citigo - 1.0 Greentech Active (APK:Nieuw) Incl.Garantie,Skoda,Citigo,2013,5695,98000,Benzine,Handgeschakeld,44,Hatchback,Wit
201c79d8299646f6,2026-05-15T06:00:02.874427,2026-05-18T06:01:54.682827,Peugeot Partner - 120 1.6 HDI L1 XR Profit + Airco,Peugeot,Partner,2012,4750,152840,Diesel,Handgeschakeld,55,,Wit
3328a752b5527a30,2026-05-15T06:00:02.875038,2026-07-13T06:11:36.251240,Renault Twingo - 1.2 16v 75pk Série Limitée Parisienne,Renault,Twingo,2014,4995,93871,Benzine,Handgeschakeld,55,Hatchback,Wit
b8bc383dc8823be3,2026-05-15T06:00:02.875337,2026-05-30T06:01:59.629175,Volkswagen Up! - 1.0 high up,Volkswagen,Up!,2012,4500,152568,Benzine,Handgeschakeld,44,Hatchback,Zwart
b45bd36e91f0e638,2026-05-15T06:00:02.875649,2026-07-30T06:02:36.899549,Renault Clio - 5deurs 1.2TCe 100pk Navi Airco CruiseContr LM16,Renault,Clio,2012,5750,126627,Benzine,Handgeschakeld,74,Hatchback,Zwart
1d244075f8960695,2026-05-15T06:00:02.876556,2026-07-06T06:03:03.796863,Fiat 500C - 0.9 TwinAir Lounge,Fiat,500C,2013,5950,154315,Benzine,Handgeschakeld,63,Cabriolet,Grijs
86a425c25e5ee512,2026-05-15T06:00:02.876865,2026-05-15T06:01:55.188581,"Ford C-Max - 1.8-16V Limited, , Zaterdag 16-5 gesloten, Dealer onderhoude",Ford,C-Max,2010,5995,108544,Benzine,Handgeschakeld,93,MPV,Zwart
1ea4e58dd74a24c3,2026-05-15T06:00:02.877193,2026-05-15T06:01:55.188878,Peugeot 107 - 1.0-12V XS,Peugeot,107,2008,4750,66348,Benzine,Automaat,50,Hatchback,Grijs
bb6166f79532127a,2026-05-15T06:00:02.877505,2026-07-20T06:15:00.284719,Fiat 500 - 0.9 TwinAir,Fiat,500,2011,5350,80739,Benzine,Handgeschakeld,63,Hatchback,Grijs
fc798e905bd2b1d8,2026-05-15T06:00:02.877828,2026-05-23T06:01:56.042753,Mitsubishi Space Star - 1.0 Inform Navigatie Camera Airco Bluetooth Spoiler zeer lag,Mitsubishi,Space,2013,5290,81889,Benzine,Handgeschakeld,52,Hatchback,Zwart
a20721180106a6d0,2026-05-15T06:00:02.878142,2026-06-02T06:01:56.873183,Fiat 500C - 0.9 TwinAir Lounge Airco Cruise PDC,Fiat,500C,2013,5400,127367,Benzine,Handgeschakeld,63,Cabriolet,Grijs
e992d5fc814820d1,2026-05-15T06:00:02.878451,2026-05-16T06:01:54.592066,Seat Mii - 1.0 Reference | Airco | Radio |,Seat,Mii,2012,5900,79190,Benzine,Handgeschakeld,44,Hatchback,Wit
add28f9d8bc099b9,2026-05-15T06:00:02.878759,2026-06-13T06:01:54.181140,Ford Fiesta - 1.25 60PK Champion | Aux | Trekhaak | Cruise | Airco,Ford,Fiesta,2012,5450,144027,Benzine,Handgeschakeld,44,Hatchback,Blauw
3c420086e7a7a241,2026-05-15T06:00:02.879069,2026-06-23T06:01:55.601972,Kia Picanto - 1.0 CVVT Comfort Pack (APK:Nieuw) Incl.Garantie,Kia,Picanto,2012,5695,100000,Benzine,Handgeschakeld,51,Hatchback,Rood
2d7796ad55ce9d73,2026-05-15T06:00:02.879369,2026-05-15T06:01:55.190967,Ford C-Max - 1.8-16V 125 pk Limited Titanium | 100% dealer onderh. | 1e e,Ford,C-Max,2009,5890,121482,Benzine,Handgeschakeld,92,MPV,Grijs
66658fc21a4833c7,2026-05-15T06:00:02.879679,2026-06-07T06:01:55.420609,Hyundai i10 - 1.25i Dynamic|CARPLAY SCHERM|AIRCO|5DRS|,Hyundai,i10,2008,4750,136159,Benzine,Handgeschakeld,57,Hatchback,Zwart
8d85f3d4c599da7e,2026-05-15T06:00:02.879978,2026-05-21T06:01:56.630954,Mitsubishi Space Star - 1.0 Intense | Meeneemprijs | APK t/m 1-2027 |,Mitsubishi,Space,2014,5900,53662,Benzine,Handgeschakeld,52,Hatchback,Rood
ef61e7b42c17a494,2026-05-15T06:00:02.880298,2026-06-15T06:01:55.466735,Renault Scénic - 1.6 Parisiènne,Renault,Scénic,2011,5250,146952,Benzine,Handgeschakeld,81,MPV,Zwart
d4188dcbebfa8fe8,2026-05-15T06:00:02.880913,2026-05-19T06:01:54.644479,Peugeot 108 - 1.0 e-VTi 5-DEURS ACTIVE-uitv/LED-DAGRIJVERLICHTING/AIRCO/IS,Peugeot,108,2016,5999,129374,Benzine,Handgeschakeld,51,Hatchback,Wit
e3c0be2cfb75b610,2026-05-15T06:00:02.881241,2026-05-15T06:01:55.192747,Suzuki Alto - 1.0 COMFORT EASSS | BURBERRY EDITION | SPECIAL ROOF ART | AI,Suzuki,Alto,2013,4900,83469,Benzine,Handgeschakeld,50,Hatchback,Zwart
b2cbf64e59281c94,2026-05-15T06:00:02.881551,2026-07-30T06:02:36.934060,Toyota Aygo - 1.0 VVT-i Now | AIRCO | BETROUWBARE | EERSTE AUTO,Toyota,Aygo,2014,4999,158085,Benzine,Handgeschakeld,50,Hatchback,Zwart
e52ca3828cb53c33,2026-05-15T06:00:02.882168,2026-07-26T06:04:06.632118,Suzuki Alto - 1.0 Comfort 5-deurs Airco,Suzuki,Alto,2013,5950,80294,Benzine,Handgeschakeld,50,Hatchback,Blauw
333cff7c53fbcd15,2026-05-15T06:00:02.882482,2026-06-28T06:01:54.581395,Dacia Sandero - 0.9 TCe 90PK Airco/ Navigatie/ Bluetooth/ Lauréate,Dacia,Sandero,2014,4950,158257,Benzine,Handgeschakeld,66,Hatchback,Blauw
65c573dcbd56d5cb,2026-05-15T06:00:02.882800,2026-07-28T06:03:31.279801,Skoda Citigo - 1.0 5-Drs Sport LEES TEKST,Skoda,Citigo,2013,4999,80000,Benzine,Handgeschakeld,44,Hatchback,Zwart
45b819b278dd58df,2026-05-15T06:00:02.883113,2026-06-06T06:01:54.808294,Peugeot 108 - 1.0 e-VTi Active,Peugeot,108,2014,5740,100617,Benzine,Handgeschakeld,50,Hatchback,Wit
9d1e10aaa02ca870,2026-05-15T06:00:02.883434,2026-07-30T06:02:37.000156,Hyundai i10 - 1.1 Active Cool /// 80.000 km /// AIRCO,Hyundai,i10,2009,4950,80038,Benzine,Handgeschakeld,49,Hatchback,Blauw
081adf2b36f6e5f4,2026-05-15T06:00:02.883748,2026-05-28T06:01:59.532166,Fiat Panda - 0.9 TwinAir Easy | Airco • NAP • Garantie •,Fiat,Panda,2012,4850,67259,Benzine,Handgeschakeld,63,Hatchback,Wit
cde247db4312bbb3,2026-05-15T06:00:02.884057,2026-06-11T06:01:54.665469,"Peugeot 107 - 1.0 Active Airco, nw APK",Peugeot,107,2013,5450,69221,Benzine,Handgeschakeld,50,Hatchback,Grijs
2da423b98420293f,2026-05-15T06:00:02.884362,2026-07-30T06:02:36.801637,Kia Venga - 1.6 CVVT X-ecutive,Kia,Venga,2010,5950,132993,Benzine,Handgeschakeld,92,MPV,Blauw
3cc714b21481c99c,2026-05-15T06:00:02.884970,2026-07-27T06:11:07.697637,"Peugeot 3008 - 1.6 VTi Première Panoramdak, Climate contole, Cruise control",Peugeot,3008,2010,4950,95937,Benzine,Handgeschakeld,88,MPV,Grijs
9e88d46f226aec60,2026-05-15T06:00:02.885294,2026-05-15T06:01:55.196578,Ford Fusion - 1.6-16V Futura 83.500 km +NAP NL-auto,Ford,Fusion,2008,4750,83516,Benzine,Handgeschakeld,74,MPV,Zwart
2cabd9d5a071208c,2026-05-15T06:00:02.885610,2026-07-22T06:02:57.520592,Renault Clio - Estate 1.2 TCE Collection | Airco | Navi | Trekhaak | Cruise,Renault,Clio,2012,5450,109305,Benzine,Handgeschakeld,76,,Zwart
b19ae9499488e08d,2026-05-15T06:00:02.885939,2026-05-15T06:01:55.197193,"Alfa Romeo MiTo - 1.3 JTDM ECO EXCL. Navi, Pdc, Leer",Alfa,Romeo,2015,4950,154680,Diesel,Handgeschakeld,59,Hatchback,Grijs
a8fde3fb17784cbb,2026-05-15T06:00:02.886243,2026-06-28T06:01:54.595722,Suzuki Celerio - 1.0 Comfort | Airco | Elektrische ramen |,Suzuki,Celerio,2016,5700,138364,Benzine,Handgeschakeld,50,Hatchback,Wit
985772f863437779,2026-05-15T06:00:02.886559,2026-07-01T06:01:54.755155,Citroën C1 - 1.0 e-VTi Selection | 5 Deurs | Airco | Snelheids Begrenser,Citroën,C1,2017,5530,125096,Benzine,Handgeschakeld,51,Hatchback,Rood
b474d57420e51e75,2026-05-15T06:00:02.886884,2026-07-27T06:11:07.657714,Fiat Punto - 0.9 TwinAir Street,Fiat,Punto,2015,5850,108074,Benzine,Handgeschakeld,74,Hatchback,Grijs
a907a3502f1530ae,2026-05-15T06:00:02.887186,2026-07-28T06:03:31.224208,Lancia Ypsilon - 0.9 TwinAir Gold,Lancia,Ypsilon,2013,5950,134538,Benzine,Handgeschakeld,63,Hatchback,Beige
b8a3e84ff9cc3878,2026-05-15T06:00:02.887498,2026-07-28T06:03:31.343049,Skoda Citigo - 1.0 Grt. Arctic,Skoda,Citigo,2013,5995,137688,Benzine,Handgeschakeld,44,Hatchback,Zwart
3f837834d0d0e95b,2026-05-15T06:00:02.887810,2026-05-25T06:01:54.720692,Citroën Berlingo - 1.6 HDI | Elektrpakket | Schuifdeur,Citroën,Berlingo,2014,4900,148059,Diesel,Handgeschakeld,55,,Wit
1aee2a39b78a5f66,2026-05-15T06:00:02.888130,2026-07-27T06:11:07.676189,Toyota Aygo - 1.0-12V + 3-deurs | Airco | NL auto | Eerste Eigenaar | CPV,Toyota,Aygo,2007,4995,102045,Benzine,Handgeschakeld,50,Hatchback,Wit
4d467b15d26761f7,2026-05-16T06:00:02.246036,2026-06-16T06:01:56.186123,Peugeot 207 - CC 1.6 VTi Cabrio | Onderhoudshistorie bekend | Afn. Trekhaa,Peugeot,207,2011,5495,90058,Benzine,Handgeschakeld,88,Cabriolet,Grijs
08570e7cc30683b1,2026-05-16T06:00:02.246899,2026-07-15T06:02:31.131023,Nissan Micra - 1.2 80pk Tekna,Nissan,Micra,2012,5835,109944,Benzine,Handgeschakeld,59,Hatchback,Bruin
ca1dd1c87bc04cf1,2026-05-16T06:00:02.247299,2026-05-30T06:01:59.652207,Peugeot 208 - 1.2 VTi Allure,Peugeot,208,2013,5950,107716,Benzine,Handgeschakeld,60,Hatchback,Grijs
0d256e7307f24c18,2026-05-16T06:00:02.247651,2026-06-07T06:01:55.442601,Kia Picanto - 1.0 CVVT EconomyLine,Kia,Picanto,2016,5445,94072,Benzine,Handgeschakeld,48,Hatchback,Zwart
20b64ee44de430b2,2026-05-16T06:00:02.247993,2026-05-20T06:01:55.638355,Kia Picanto - 1.0 CVVT ComfortPack,Kia,Picanto,2011,4750,106761,Benzine,Handgeschakeld,51,Hatchback,Grijs
be7f89e487135469,2026-05-16T06:00:02.248321,2026-07-13T06:11:36.193916,Opel Agila - 1.0 Edition | Airco | Elektr. Ramen | Elektr. Verstelbare sp,Opel,Agila,2011,4740,54444,Benzine,Handgeschakeld,50,Hatchback,Blauw
f0cab4d9bc511f19,2026-05-16T06:00:02.248965,2026-07-25T06:05:44.152792,Opel Meriva - 1.4 Turbo Cosmo Navi.Clima.Cruise.Lm.velgen.Trekhaak,Opel,Meriva,2010,4999,150183,Benzine,Handgeschakeld,88,MPV,Grijs
2b1ee73e9bebb76c,2026-05-16T06:00:02.249294,2026-07-25T06:05:44.050041,Peugeot 107 - 1.0 Active Airco l Elek. ramen l CD speler,Peugeot,107,2014,4845,103000,Benzine,Handgeschakeld,50,Hatchback,Wit
e3b49faba8cfee96,2026-05-16T06:00:02.249615,2026-06-09T06:01:54.694386,Fiat 500 - 1.2 Lounge,Fiat,500,2012,5850,127311,Benzine,Handgeschakeld,51,Hatchback,Wit
8fd6bf1711f4bbd4,2026-05-16T06:00:02.250238,2026-05-31T06:01:55.419171,Fiat Punto - 1.4-16V Multiair Emotion,Fiat,Punto,2011,5950,139171,Benzine,Handgeschakeld,99,Hatchback,Grijs
709b3256ac1acd47,2026-05-16T06:00:02.250540,2026-06-04T06:01:54.738216,Seat Mii - 1.0 Chill Out | Navigatie,Seat,Mii,2013,5950,143871,Benzine,Handgeschakeld,44,Hatchback,Wit
84390e31fbf1d0b6,2026-05-16T06:00:02.250859,2026-07-02T06:01:54.862176,Skoda Citigo - 1.0 CNG Greentech Ambition|86.974km|Pano|gas,Skoda,Citigo,2013,5500,86974,,Handgeschakeld,50,Hatchback,Rood
c551551400242395,2026-05-16T06:00:02.251174,2026-05-20T06:01:55.644075,Fiat 500L - 0.9 TwinAir Easy (12 mnd BOVAG-garantie),Fiat,500L,2013,5495,124617,Benzine,Handgeschakeld,77,MPV,Grijs
4dcc4f6ac6385536,2026-05-16T06:00:02.251521,2026-05-22T06:01:55.716324,Peugeot 308 - 1.2 PureTech Active,Peugeot,308,2015,5950,147465,Benzine,Handgeschakeld,60,Hatchback,Grijs
fe3340a3c4e38ea9,2026-05-16T06:00:02.252430,2026-05-21T06:01:56.645768,Peugeot 208 - 1.2 PureTech Signature,Peugeot,208,2019,5995,113600,Benzine,Handgeschakeld,61,Hatchback,Rood
1952467c2bf54ba6,2026-05-16T06:00:02.252731,2026-07-16T06:02:36.447865,Ford Fiesta - 1.6 Titanium CLIMA / CRUISE / ELEKT RAMEN,Ford,Fiesta,2009,5295,151817,Benzine,Handgeschakeld,88,Hatchback,Wit
53eed820f0565615,2026-05-16T06:00:02.253677,2026-07-15T06:02:31.116674,Peugeot 108 - 1.0 e-VTi Active Airco,Peugeot,108,2017,5750,142463,Benzine,Handgeschakeld,51,Hatchback,Grijs
d508d233ec7c4fc0,2026-05-16T06:00:02.253997,2026-05-16T06:01:54.583366,Suzuki Alto - 1.0 Comfort,Suzuki,Alto,2012,5950,105796,Benzine,Handgeschakeld,50,Hatchback,Wit
3f9c8a5b04c786dd,2026-05-16T06:00:02.254614,2026-06-04T06:01:54.735832,Suzuki Swift - 1.2 94pk Engine Auto Start Stop System 5D Comfort,Suzuki,Swift,2012,5950,141678,Benzine,Handgeschakeld,69,Hatchback,Grijs
620bbfb5d3a7534e,2026-05-16T06:00:02.254928,2026-07-24T06:03:55.238835,Volkswagen Up! - 1.0 high up Lees tekst! 10 X OP VOORRAAD,Volkswagen,Up!,2013,4999,80000,Benzine,Handgeschakeld,55,Hatchback,Zwart
7ede1270d780247d,2026-05-16T06:00:02.255235,2026-07-02T06:01:54.854064,Opel Adam - 1.2 [ Bluetooth Airco Electr.ramen ],Opel,Adam,2014,4945,125095,Benzine,Handgeschakeld,51,Hatchback,Wit
77f90838d52901d9,2026-05-16T06:00:02.255541,2026-06-14T06:01:54.992715,Renault Grand Modus - 1.6-16V Exception,Renault,Grand,2011,4750,147047,Benzine,Automaat,82,MPV,Rood
de9285cb88769e68,2026-05-16T06:00:02.255912,2026-07-13T06:11:36.225798,Citroën DS3 - 1.2 PureTech So Chic - TOP onderhouden,Citroën,DS3,2015,4949,109370,Benzine,Handgeschakeld,60,Hatchback,Zwart
f43b034107225867,2026-05-16T06:00:02.256219,2026-06-16T06:01:56.189420,Renault Twingo - 1.2-16V Night & Day AUTOMAAT,Renault,Twingo,2011,5950,74340,Benzine,Automaat,55,Hatchback,Zwart
5eebb819948b27f0,2026-05-16T06:00:02.256526,2026-07-30T06:02:36.800983,Peugeot 308 - 1.6 THP XT,Peugeot,308,2009,5950,140314,Benzine,Handgeschakeld,110,Hatchback,Zwart
345f3c6dba0fc195,2026-05-16T06:00:02.256846,2026-07-28T06:03:31.252964,Fiat Panda - 0.9 TwinAir Lounge met Trekhaak Orignele interieur kleuren,Fiat,Panda,2013,5650,137600,Benzine,Handgeschakeld,63,Hatchback,Zwart
75b3ab14762ba68b,2026-05-16T06:00:02.257493,2026-06-10T06:01:55.357209,Peugeot 108 - 1.2 VTI ALLURE,Peugeot,108,2014,5450,130238,Benzine,Handgeschakeld,60,Hatchback,Grijs
89bc031d6e61c430,2026-05-16T06:00:02.258126,2026-06-10T06:01:55.356903,Fiat Panda - 1.2 Active 60.100 km +NAP NL-auto,Fiat,Panda,2011,4950,60115,Benzine,Handgeschakeld,51,Hatchback,Zwart
010b1c211d0cca17,2026-05-16T06:00:02.258430,2026-06-02T06:01:56.868531,Suzuki SX4 - 1.6 VVT 120pk 2WD Automaat cruise controle airco,Suzuki,SX4,2007,5850,150367,Benzine,Automaat,79,Hatchback,Oranje
749cd5c705676763,2026-05-16T06:00:02.259042,2026-05-26T06:01:55.159252,Renault Grand Modus - 1.2 TCE Night & Day | Airco | Cruise control | radio |,Renault,Grand,2012,4950,120177,Benzine,Handgeschakeld,76,MPV,Grijs
87cd9f9d8b4fd34f,2026-05-16T06:00:02.259345,2026-05-18T06:01:54.670033,Kia Rio - 1.2 CVVT DynamicLine STOELVERWARMING - AIRCO - LMV - CRUISE,Kia,Rio,2015,4990,114189,Benzine,Handgeschakeld,63,Hatchback,Geel
3e5929e2d449f69d,2026-05-16T06:00:02.259654,2026-05-24T06:01:58.631524,Fiat 500 - 0.9 TwinAir Pop,Fiat,500,2012,5300,80066,Benzine,Handgeschakeld,63,Hatchback,Grijs
4706c4aa43663370,2026-05-16T06:00:02.259961,2026-05-23T06:01:56.035809,Opel Karl - 1.0 ecoFLEX Edition [ Airco Cruise Control Start/Stop systee,Opel,Karl,2016,5709,103424,Benzine,Handgeschakeld,55,Hatchback,Wit
897fe5eaf731c6db,2026-05-16T06:00:02.261884,2026-07-30T06:02:36.830303,Renault Scénic - 1.2 TCe Bose |Trekhaak|CAMERA|XENON|LM-VELGEN,Renault,Scénic,2015,5695,159042,Benzine,Handgeschakeld,97,MPV,Grijs
7446e2b939a3da7e,2026-05-16T06:00:02.262815,2026-07-08T06:08:02.263368,Suzuki Alto - 1.0 Comfort EASSS|Airco|5-Deurs,Suzuki,Alto,2014,5850,94723,Benzine,Handgeschakeld,50,Hatchback,Zwart
6fe1146dba5758b7,2026-05-16T06:00:02.263123,2026-07-29T06:02:56.140169,"Chevrolet Spark - 1.0 16V LS Airco, Centrale Deurvergrndeling, EL Ramen.",Chevrolet,Spark,2012,4800,86459,Benzine,Handgeschakeld,50,Hatchback,Blauw
fcd2bb621f45bf4a,2026-05-16T06:00:02.263424,2026-06-02T06:01:56.868823,Citroën C1 - 1.0 VTi 68pk 5-drs Style Edition,Citroën,C1,2016,5835,136890,Benzine,Handgeschakeld,51,Hatchback,Grijs
5dca03d6fd382124,2026-05-16T06:00:02.263748,2026-07-26T06:04:06.742061,Opel Agila - 1.0 Berlin | Airconditioning | Elektrisch Pakket | Style Pak,Opel,Agila,2013,5950,64658,Benzine,Handgeschakeld,50,Hatchback,Rood
c65ff1c6b8923d1f,2026-05-16T06:00:02.264382,2026-07-24T06:03:55.342380,Peugeot 208 - 1.2 PureTech Blue Lion NETTE AUTO RIJDT GOED NAP APK,Peugeot,208,2017,5295,159390,Benzine,Handgeschakeld,60,Hatchback,Grijs
9ae2e19921c24cb7,2026-05-16T06:00:02.265007,2026-05-27T06:01:55.425678,Fiat Panda - 1.2 Edizione Cool DAB/Carplay/Airco,Fiat,Panda,2008,4950,97250,Benzine,Automaat,44,Hatchback,Beige
0c895d6d33ef9fbd,2026-05-16T06:00:02.265328,2026-06-15T06:01:55.487559,Citroën C1 - 1.0i 12v 5-DEURS COLLECTION-uitv|2eEIGENAAR|99.893 km NAP|AI,Citroën,C1,2013,4999,99893,Benzine,Handgeschakeld,50,Hatchback,Blauw
60f2082237a3390d,2026-05-16T06:00:02.265635,2026-07-30T06:02:36.999197,Citroën DS3 - 1.4 l CRUISE l AIRCO l RIJKLAAR,Citroën,DS3,2012,5350,121442,Benzine,Handgeschakeld,70,Hatchback,Blauw
486e2bdb0223c0eb,2026-05-16T06:00:02.266557,2026-06-03T06:01:54.636986,Citroën C1 - 1.0 Collection Bluetooth l Airco l Centrale Deurvergrendelin,Citroën,C1,2013,5450,123634,Benzine,Handgeschakeld,50,Hatchback,Zwart
467d68e2c5ca14ba,2026-05-16T06:00:02.267202,2026-05-16T06:01:54.597057,Fiat 500C - 1.2 Pop 70 pk | Elektrisch bedienbare kap | Lichtmetalen vel,Fiat,500C,2013,4950,133301,Benzine,Handgeschakeld,51,Cabriolet,Zwart
f64af33bc16946b0,2026-05-16T06:00:02.267513,2026-06-09T06:01:54.669675,Kia Picanto - 1.2 CVVT Comfort P. TREKHAAK-AIRCO-KETTING,Kia,Picanto,2011,5450,155681,Benzine,Handgeschakeld,63,Hatchback,Grijs
984d07dedbbef94d,2026-05-16T06:00:02.268143,2026-05-26T06:01:55.141547,Peugeot 308 - 1.6 THP XT,Peugeot,308,2010,4750,118982,Benzine,Automaat,103,Hatchback,Grijs
5a3d191779045285,2026-05-16T06:00:02.268447,2026-06-12T06:01:55.855067,Kia Picanto - 1.0 CVVT ComfortLine Airco (APK:Nieuw) Incl.Garantie,Kia,Picanto,2014,5695,109000,Benzine,Handgeschakeld,51,Hatchback,Grijs
a609461d69281548,2026-05-16T06:00:02.268753,2026-07-17T06:07:54.648897,Fiat 500 - 1.0 TwinAir Pop | AIRCO | ALLSEASON | RIJKLAAR,Fiat,500,2015,5450,124352,Benzine,Handgeschakeld,44,Hatchback,Wit
87ea3ac45930563e,2026-05-16T06:00:02.269077,2026-06-06T06:01:54.786464,Hyundai i10 - 1.2 i-Drive Cool | Airco | Bestuurdersstoel in hoogte verste,Hyundai,i10,2011,5200,97600,Benzine,Handgeschakeld,62,Hatchback,Blauw
ac9ec5f20b18f557,2026-05-16T06:00:02.269693,2026-05-26T06:01:55.155984,Fiat Punto - 0.9 TwinAir Street,Fiat,Punto,2014,4950,103319,Benzine,Handgeschakeld,74,Hatchback,Grijs
10db64a110015cbd,2026-05-16T06:00:02.270017,2026-05-16T06:01:54.599754,Renault Zoe - R240 Intens 22 (huur accu),Renault,Zoe,2016,4990,116962,Elektrisch,Automaat,68,Hatchback,Wit
a0de5e9ed35ead80,2026-05-16T06:00:02.270320,2026-05-29T06:01:55.398262,Citroën C3 - 1.2 VTi Exclusive,Citroën,C3,2014,4945,121132,Benzine,Handgeschakeld,60,Hatchback,Rood
c0364d91d1939718,2026-05-16T06:00:02.272485,2026-05-29T06:01:55.397084,Chrysler Sebring - 2.7 Limited BNS Edition / Orginele NL Auto / Automaat / Navi,Chrysler,Sebring,2009,5888,119932,Benzine,Automaat,137,Sedan,Bruin
b72835aeb4adbf69,2026-05-16T06:00:02.272807,2026-05-16T06:01:54.602499,Kia Rio - 1.2 CVVT Comfort Pack [ Airco Elek.Ramen Cruise],Kia,Rio,2013,5945,159265,Benzine,Handgeschakeld,63,Hatchback,Blauw
a9db276a059606c4,2026-05-16T06:00:02.273145,2026-05-16T06:01:54.602802,Peugeot 108 - 1.0 VTi Active | Airco | Bluetooth | Allseason banden,Peugeot,108,2014,5440,96268,Benzine,Handgeschakeld,51,Hatchback,Rood
e72e1454ee1eda61,2026-05-16T06:00:02.273459,2026-06-28T06:01:54.583169,Opel Corsa - 1.2 EcoFlex Selection Airco (APK:Nieuw) Incl.Garantie,Opel,Corsa,2012,5445,125000,Benzine,Handgeschakeld,51,Hatchback,Zwart
90be49ddb0a4bf0c,2026-05-16T06:00:02.274068,2026-07-26T06:04:06.775546,Toyota Aygo - 1.0-12V Comfort | NL-AUTO | AIRCO | ELEKTR. RAMEN | AFSTANDS,Toyota,Aygo,2010,4950,139846,Benzine,Handgeschakeld,,Hatchback,Blauw
183adf7ba5bc620e,2026-05-16T06:00:02.275248,2026-06-08T06:01:54.467893,Fiat Panda - 1.2 Edizione Cool 1e Eigenaar 58.900 km +NAP NL-auto,Fiat,Panda,2011,5450,58945,Benzine,Handgeschakeld,51,Hatchback,Wit
503982d8a0ede31e,2026-05-16T06:00:02.277149,2026-05-29T06:01:55.400619,Peugeot 108 - 1.0 e-VTi|RIJKLAAR|CARPLAY|T.HAAK|NWE KOPPELING,Peugeot,108,2015,5890,130333,Benzine,Handgeschakeld,51,Hatchback,Wit
6305cc68a8b51aca,2026-05-16T06:00:02.277458,2026-05-17T06:01:55.623359,Citroën C1 - 1.0 Collection 2014 95000km [POSTCODE],Citroën,C1,2014,4995,95051,Benzine,Handgeschakeld,50,Hatchback,Grijs
67f53b29679b4fdf,2026-05-17T06:00:02.539697,2026-07-21T06:04:36.831114,Peugeot 2008 - 1.2 VTi Blue Lease 82pk Blue Lease,Peugeot,2008,2013,5995,151898,Benzine,Handgeschakeld,60,SUV / Terreinwagen,Grijs
28c2236039cf5aeb,2026-05-17T06:00:02.540387,2026-05-25T06:01:54.722205,Fiat Panda - 1.2 Edizione Cool | 4 cilinder !! | 5 persoons uitvoering |,Fiat,Panda,2015,5545,129037,Benzine,Handgeschakeld,51,Hatchback,Zwart
a8c9d2dc870210b6,2026-05-17T06:00:02.541375,2026-07-09T06:03:57.380939,Seat Ibiza - ST 1.2 TSI FR Dynamic | FR | Navigatie | lichtmetaal | Stati,Seat,Ibiza,2014,4922,152521,Benzine,Handgeschakeld,63,,Rood
2db27a34e3dd7a17,2026-05-17T06:00:02.541699,2026-07-11T06:04:01.201781,Volkswagen Eos - 1.4 TSI Highline BlueMotion,Volkswagen,Eos,2010,5950,151379,Benzine,Handgeschakeld,90,Cabriolet,Grijs
b835f86b8d1b15e7,2026-05-17T06:00:02.542637,2026-06-27T06:01:55.265901,Fiat Panda - 0.9 TwinAir Lounge Airco - Dakrails - Radio/cd speler - Stuu,Fiat,Panda,2012,5850,139290,Benzine,Handgeschakeld,63,Hatchback,Blauw
a7368c0b6a284e81,2026-05-17T06:00:02.543286,2026-07-30T06:02:36.856828,Suzuki Splash - 1.0 Comfort Airco 5-deurs PDC,Suzuki,Splash,2011,5450,126515,Benzine,Handgeschakeld,48,Hatchback,Groen
44ac3b0901316d89,2026-05-17T06:00:02.544858,2026-05-21T06:01:56.647250,Peugeot Expert - 229 1.6 HDI L2H1 148dkm Airco 3-pers. Marge PDC 2e eig. Nwe,Peugeot,Expert,2014,5950,148230,Diesel,Handgeschakeld,66,,Wit
a8b2d104213373e8,2026-05-17T06:00:02.545190,2026-06-15T06:01:55.474588,Ford Fiesta - 1.25 44KW 5DR,Ford,Fiesta,2012,5395,106204,Benzine,Handgeschakeld,44,Hatchback,Grijs
1733456b452c300f,2026-05-17T06:00:02.545808,2026-05-17T06:01:55.625541,Chevrolet Captiva - 2.4i Shadow 2WD,Chevrolet,Captiva,2011,5995,111800,Benzine,Handgeschakeld,100,SUV / Terreinwagen,Zwart
d9fe2d34aebb4d63,2026-05-17T06:00:02.546413,2026-07-24T06:03:55.217720,Kia Picanto - 1.0 CVVT Plus Pack,Kia,Picanto,2012,5295,118325,Benzine,Handgeschakeld,51,Hatchback,Grijs
0ded7a6e10d415e4,2026-05-17T06:00:02.546730,2026-06-04T06:01:54.752487,Citroën C3 - Clima 1.6 VTi Exclusive Pack Zenith Cruise Control Trekhaak,Citroën,C3,2011,4950,105541,Benzine,Handgeschakeld,88,Hatchback,Zwart
d5671af52afcea4e,2026-05-17T06:00:02.547039,2026-07-19T06:02:54.023754,Peugeot 107 - 1.0 Envy 5 drs airco blue tooth led dagrijlampen,Peugeot,107,2013,5290,60789,Benzine,Handgeschakeld,50,Hatchback,Grijs
9d995d16f1d020f0,2026-05-17T06:00:02.547954,2026-07-22T06:02:57.599237,Ford Fiesta - 1.0 Style | Airco | Navigatie |,Ford,Fiesta,2014,5445,115952,Benzine,Handgeschakeld,48,Hatchback,Grijs
9b999dde16285b16,2026-05-17T06:00:02.548257,2026-06-20T06:01:55.590856,Hyundai i20 - 1.2i Business Edition,Hyundai,i20,2011,4995,104468,Benzine,Handgeschakeld,57,Hatchback,Grijs
9265a60aa0a0f470,2026-05-17T06:00:02.548563,2026-05-17T06:01:55.628197,"Kia Picanto - 1.0 CvvT Edition GT Sport , 1e Eig, Airco, Pdc, Led, Elek Pa",Kia,Picanto,2013,5500,112714,Benzine,Handgeschakeld,51,Hatchback,Grijs
ff2341cd54537ec3,2026-05-17T06:00:02.549227,2026-05-28T06:01:59.506800,Peugeot 108 - 1.0 e-VTi Active// AIRCO//5DRS,Peugeot,108,2016,5950,104818,Benzine,Handgeschakeld,51,Hatchback,Wit
7166b61ca90462fc,2026-05-17T06:00:02.549561,2026-06-11T06:01:54.671293,Citroën C1 - 1.0 e-VTi Live | Airconditioning | Radio | LED Dagrijverlich,Citroën,C1,2016,5245,107644,Benzine,Handgeschakeld,51,Hatchback,Wit
91fc7180dedd21b3,2026-05-17T06:00:02.550268,2026-06-02T06:01:56.850007,Toyota HiAce - 2.5 D-4D KWB Comfort,Toyota,HiAce,2007,4950,159245,Diesel,Handgeschakeld,70,,
e0b1fba695548e3b,2026-05-17T06:00:02.550565,2026-07-26T06:04:06.631808,Citroën C1 - 1.0-12V Ambiance | Elek. Ramen Voor | Airco | Stoelverwarmin,Citroën,C1,2010,4950,119693,Benzine,Handgeschakeld,50,Hatchback,Grijs
7e1975c97de41864,2026-05-17T06:00:02.550870,2026-07-30T06:02:36.900182,Citroën C1 - 1.0 Tendance| ELEKTRISCHE RAMEN| 5 DEURS|,Citroën,C1,2012,5450,60189,Benzine,Handgeschakeld,50,Hatchback,Grijs
d59ed069f406b5be,2026-05-17T06:00:02.551177,2026-07-27T06:11:07.635560,"Renault Clio - 1.2 Collection - Airco, Cruise Control en NAP",Renault,Clio,2012,4950,149337,Benzine,Handgeschakeld,55,Hatchback,Zwart
96004c973912da4b,2026-05-17T06:00:02.551782,2026-06-08T06:01:54.448099,Hyundai Santa Fe - 2.7i V6 Style Premium ! ORG NL! Clima / Cruise / Trekhaak /,Hyundai,Santa,2007,5000,140355,Benzine,Handgeschakeld,139,SUV / Terreinwagen,Blauw
601bb7a66558d840,2026-05-17T06:00:02.552391,2026-05-17T06:01:55.631825,"Opel Corsa - 1.4 Twinport 100pk 3d Color Edition, AIRCO, CRUISE CONTROL,",Opel,Corsa,2013,5995,129278,Benzine,Handgeschakeld,74,Hatchback,Wit
bc25debccbaad3bb,2026-05-17T06:00:02.552725,2026-05-20T06:01:55.643761,Fiat 500C - 0.9 TwinAir Lounge/ Cabrio/ automaat,Fiat,500C,2015,5950,144315,Benzine,Automaat,63,Cabriolet,Blauw
e3aea3af2625e86a,2026-05-17T06:00:02.553060,2026-07-13T06:11:36.284428,Renault Twingo - 1.2 16V Collection,Renault,Twingo,2013,5450,131299,Benzine,Handgeschakeld,55,Hatchback,Zwart
9b2a04a983d3dff3,2026-05-17T06:00:02.553972,2026-07-23T06:04:19.818767,Alfa Romeo MiTo - 1.4 Progression,Alfa,Romeo,2012,5495,135580,Benzine,Handgeschakeld,51,Hatchback,Rood
8fd8a680e6a358fb,2026-05-17T06:00:02.554276,2026-05-28T06:01:59.521418,Toyota Aygo - 1.0 VVT-i Dynamic Orange,Toyota,Aygo,2013,4950,85906,Benzine,Handgeschakeld,50,Hatchback,Oranje
317dbacc598ac56a,2026-05-17T06:00:02.554582,2026-06-07T06:01:55.420924,Opel Agila - 1.2 Edition,Opel,Agila,2011,4850,115411,Benzine,Handgeschakeld,69,Hatchback,Zwart
325e24c7a3b4ae3a,2026-05-17T06:00:02.555198,2026-07-24T06:03:55.095262,Renault Clio - 1.2 TCe Collection,Renault,Clio,2011,4950,101180,Benzine,Handgeschakeld,76,Hatchback,Blauw
926d7dae79012e5f,2026-05-17T06:00:02.555815,2026-05-27T06:01:55.422633,Opel Meriva - 1.4 Turbo Color Edition,Opel,Meriva,2012,5950,151163,Benzine,Handgeschakeld,88,MPV,Grijs
b9f0b7c0037a7046,2026-05-17T06:00:02.556441,2026-05-17T06:01:55.635750,Peugeot 208 - 1.0 VTi Access incl. 12 maanden BOVAG garantie,Peugeot,208,2014,5950,108867,Benzine,Handgeschakeld,50,Hatchback,Wit
bb18f1647f2c855c,2026-05-17T06:00:02.557116,2026-07-16T06:02:36.530936,Citroën C3 - 1.2 PURE Tech EXCLUSIVE,Citroën,C3,2015,5900,93596,Benzine,Handgeschakeld,81,Hatchback,Zwart
a4b3998013cf0ef5,2026-05-17T06:00:02.557421,2026-05-30T06:01:59.647210,Kia Picanto - 1.2 CVVT ISG Plus Pack | Airco | Allseason banden | Elektris,Kia,Picanto,2012,5750,110403,Benzine,Handgeschakeld,63,Hatchback,Rood
b72c5a0da10d5c72,2026-05-17T06:00:02.557752,2026-06-01T06:01:55.910026,Citroën C1 - 1.0 e-VTi Airscape Shine / camera / airco,Citroën,C1,2014,4650,138863,Benzine,Handgeschakeld,60,Hatchback,Wit
5f186d3a7f3de717,2026-05-17T06:00:02.559681,2026-05-21T06:01:56.644232,Seat Ibiza - 1.4 Style / nap / airco / 5-deur,Seat,Ibiza,2010,4550,159057,Benzine,Handgeschakeld,63,Hatchback,Grijs
7cd82e7546b03aae,2026-05-17T06:00:02.559981,2026-06-27T06:01:55.277698,Kia Picanto - 1.0 CVVT Comfort Pack (APK:Nieuw) Incl.Garantie,Kia,Picanto,2012,5445,95000,Benzine,Handgeschakeld,51,Hatchback,Zwart
68cc2185e860bf8e,2026-05-17T06:00:02.560296,2026-05-17T06:01:55.639704,Toyota Yaris - I 1.8 VVTi TS I 2008 I Airco I NAP I Uniek,Toyota,Yaris,2008,4950,145369,Benzine,Handgeschakeld,98,Hatchback,Blauw
86a4701f0f3cb32f,2026-05-17T06:00:02.560618,2026-05-26T06:01:55.158646,Renault Twingo - 1.2 16V COLLECTION + AIRCO/CRUISE CONTROL,Renault,Twingo,2012,4750,132169,Benzine,Handgeschakeld,55,Hatchback,Blauw
6b1fd10ce7c31920,2026-05-17T06:00:02.561858,2026-05-31T06:01:55.426283,Ford B-Max - 1.0 EcoBoost Titanium. Trekhaak,Ford,B-Max,2013,5449,105864,Benzine,Handgeschakeld,93,MPV,Grijs
0633dd958b2053aa,2026-05-17T06:00:02.562483,2026-05-23T06:01:56.051135,Toyota Yaris Verso - 1.3 VVT-i Sol TREKHAAK AIRCO,Toyota,Yaris,2005,5995,159038,Benzine,Handgeschakeld,63,MPV,Grijs
f963d71fa3f73bc5,2026-05-17T06:00:02.563116,2026-05-24T06:01:58.647770,Opel Agila - 1.2 Enjoy Automaat | Airco | Lichtmetaal | NAP,Opel,Agila,2008,5885,73266,Benzine,Automaat,63,Hatchback,Rood
dd618e7848ce8669,2026-05-17T06:00:02.564036,2026-06-08T06:01:54.468466,Kia Picanto - 1.0 CVVT Comfort | Airco | 100% Onderhouden! - RIJKLAAR + BO,Kia,Picanto,2013,5950,90377,Benzine,Handgeschakeld,51,Hatchback,Zwart
95c50ce055e184b6,2026-05-17T06:00:02.564693,2026-06-02T06:01:56.881917,BMW 1-serie - 116i,BMW,1-serie,2006,4950,150896,Benzine,Handgeschakeld,85,Hatchback,Blauw
e8616edc14f446fc,2026-05-17T06:00:02.565686,2026-06-09T06:01:54.689961,Fiat Punto - 1.4 16v Racing * 12 mnd BOVAG garantie * RIJKLAARPRIJS,Fiat,Punto,2011,5900,99645,Benzine,Handgeschakeld,77,Hatchback,Wit
b7d69148752410d7,2026-05-17T06:00:02.565993,2026-06-15T06:01:55.476700,Kia Picanto - 1.0 CVVT | Airco | Lichtmetalen velgen | Navigatie | 5-deurs,Kia,Picanto,2014,5850,113528,Benzine,Handgeschakeld,51,Hatchback,Zwart
feb70e1d1051f87b,2026-05-17T06:00:02.566306,2026-07-27T06:11:07.594220,"Honda Jazz - 1.2 Cool 1 EIGENAAR, AIRCO,",Honda,Jazz,2009,4999,117787,Benzine,Handgeschakeld,66,MPV,Blauw
25b01b2f6c52871b,2026-05-17T06:00:02.566613,2026-07-30T06:02:36.958482,Suzuki Celerio - 1.0 68PK Start/Stop Comfort,Suzuki,Celerio,2015,4950,149239,Benzine,Handgeschakeld,50,Hatchback,Grijs
a369472ce4e81909,2026-05-17T06:00:02.567220,2026-05-17T06:01:55.646814,Renault Twingo - 1.0 SCe Expression AIRCO / BLUETOOTH,Renault,Twingo,2014,5650,111717,Benzine,Handgeschakeld,52,Hatchback,Zwart
f01d1f900c609989,2026-05-17T06:00:02.567534,2026-07-30T06:02:36.933110,Opel Meriva - 1.4 Turbo Cosmo,Opel,Meriva,2013,5950,107676,Benzine,Handgeschakeld,88,MPV,Bruin
7753678f2a1a5aa7,2026-05-17T06:00:02.568774,2026-07-30T06:02:36.828116,Citroën C3 - 1.4 VTi Ligne Business NAVI CRUISE CLIMA PDC TREKHAAK,Citroën,C3,2010,5999,63412,Benzine,Handgeschakeld,70,Hatchback,Beige
f7b490d771c68815,2026-05-17T06:00:02.569099,2026-05-26T06:01:55.149427,Opel Agila - 1.0i 12v EDITION-uitv/AIRCONDITIONING/LM-VELGEN/HOGERE ZIT+I,Opel,Agila,2012,4500,122891,Benzine,Handgeschakeld,50,Hatchback,Zwart
8e3d5c139c4b89d9,2026-05-17T06:00:02.569404,2026-05-22T06:01:55.717252,Fiat 500 - 0.9 TwinAir Lounge met zonnedak,Fiat,500,2013,5450,89977,Benzine,Handgeschakeld,63,Hatchback,Zwart
58aae9f807c7f823,2026-05-18T06:00:02.712973,2026-05-26T06:01:55.135500,Citroën Berlingo - 1.6 HDI 90 Comfort Economy Uniek! 53.000 Km,Citroën,Berlingo,2015,5950,53326,Diesel,Handgeschakeld,66,,Wit
dd745e2339af0262,2026-05-18T06:00:02.713620,2026-07-28T06:03:31.281907,Volkswagen Up! - 1.0 BMT move up,Volkswagen,Up!,2016,5750,156969,Benzine,Handgeschakeld,44,Hatchback,Wit
81d7241a07d43f01,2026-05-18T06:00:02.715808,2026-07-01T06:01:54.767273,Ford C-Max - 1.8-16V Limited,Ford,C-Max,2010,5295,157304,Benzine,Handgeschakeld,92,MPV,Grijs
c7af09608dd661b5,2026-05-18T06:00:02.716737,2026-05-30T06:01:59.629883,Peugeot 107 - 1.0 Active | Airco | CV | Lichtmetaal | Mistlamp |,Peugeot,107,2014,4995,111188,Benzine,Handgeschakeld,50,Hatchback,Blauw
7b74225104590a65,2026-05-18T06:00:02.718896,2026-05-23T06:01:56.043745,Peugeot 208 - 1.2 VTI Blue Lion 82 PK. Gereviseerde Motor en niewe koppeli,Peugeot,208,2016,5850,140712,Benzine,Handgeschakeld,60,Hatchback,Rood
44299c59576950f9,2026-05-18T06:00:02.719197,2026-05-24T06:01:58.643248,Peugeot 107 - 1.0 Envy -Rijklaar,Peugeot,107,2014,4744,121966,Benzine,Handgeschakeld,50,Hatchback,Zwart
cc2b3c1c036e7a23,2026-05-18T06:00:02.720109,2026-07-27T06:11:07.678336,Seat Altea - 1.6 Hattrick,Seat,Altea,2010,4850,155269,Benzine,Handgeschakeld,75,MPV,Grijs
d337d9f6fad004c1,2026-05-18T06:00:02.721078,2026-07-20T06:15:00.285025,Toyota Aygo - 1.0-12V + 3-deurs | Airco | NL auto,Toyota,Aygo,2008,4995,124980,Benzine,Handgeschakeld,50,Hatchback,Rood
5c705854b73d142b,2026-05-18T06:00:02.722322,2026-06-03T06:01:54.638783,Peugeot 107 - 1.0 Access Accent ✅Airco✅5-drs✅Radio✅All Season✅,Peugeot,107,2013,4950,107278,Benzine,Handgeschakeld,50,Hatchback,Wit
6334c539222d21fe,2026-05-18T06:00:02.723245,2026-07-04T06:01:54.894837,Fiat 500 - 0.9 TwinAir Airco | Pano NW APK,Fiat,500,2011,4500,114153,Benzine,Handgeschakeld,63,Hatchback,Wit
54c4c43eb335f5bd,2026-05-18T06:00:02.725418,2026-07-01T06:01:54.749850,"Ford Fiesta - 1.0 Grijs Kenteken Ex btw, Cruise Control, Navigatie",Ford,Fiesta,2020,6000,141875,Benzine,Handgeschakeld,55,,Wit
634342e6e91968ab,2026-05-18T06:00:02.725733,2026-07-30T06:02:37.028425,"Opel Corsa - 1.2 Cosmo Airco, Cruise (APK:Nieuw) Incl.Garantie",Opel,Corsa,2011,5645,130000,Benzine,Handgeschakeld,63,Hatchback,Bruin
7e67752ce8e6959a,2026-05-18T06:00:02.726037,2026-07-30T06:02:36.857769,Citroën C1 - 1.0 e-VTi Feel | Trekhaak | Airco | Elektrische ramen | Blue,Citroën,C1,2014,5950,114861,Benzine,Handgeschakeld,51,Hatchback,Zwart
f06b605133d4ec4c,2026-05-18T06:00:02.726351,2026-06-15T06:01:55.466145,Citroën C3 - 1.2 PT COLLECTION (85.600 KM!),Citroën,C3,2014,5950,85666,Benzine,Handgeschakeld,60,Hatchback,Grijs
f9413c8c5216c1aa,2026-05-18T06:00:02.728199,2026-07-30T06:02:36.880877,Renault Clio - 1.2 16V // Airco // Cruise // Navi,Renault,Clio,2013,5995,127849,Benzine,Handgeschakeld,54,Hatchback,Grijs
7dd1ad4c50307429,2026-05-18T06:00:02.729455,2026-05-18T06:01:54.674516,Fiat 500C - 1.2 Rock Cabrio Leder Navi Parkdistance blue tooth airco 16,Fiat,500C,2011,5950,99160,Benzine,Handgeschakeld,51,Cabriolet,Zwart
411841e22cf2dfdb,2026-05-18T06:00:02.730688,2026-05-27T06:01:55.414987,Toyota Aygo - 1.0 VVT-i Comfort | Airco | Radio | Electrische ramen voor |,Toyota,Aygo,2012,5950,99178,Benzine,Handgeschakeld,50,Hatchback,Grijs
b13de3391227e77d,2026-05-18T06:00:02.731008,2026-07-30T06:02:36.858383,Opel Astra - TwinTop 1.8 Enjoy,Opel,Astra,2007,5950,122813,Benzine,Handgeschakeld,103,Cabriolet,Zwart
35f28a741d87e6c7,2026-05-18T06:00:02.731614,2026-07-22T06:02:57.677631,"Renault Clio - 1.2 Authentique, zeer nette auto! goed onderhouden",Renault,Clio,2012,4950,128679,Benzine,Handgeschakeld,55,Hatchback,Bruin
21193d95dae69ac0,2026-05-18T06:00:02.732849,2026-05-22T06:01:55.704051,Citroën C1 - 1.0-12V Ambiance Airco (APK:Nieuw) Incl.Garantie,Citroën,C1,2010,4745,135000,Benzine,Handgeschakeld,50,Hatchback,Wit
549db1c86cfbe493,2026-05-18T06:00:02.733491,2026-06-17T06:01:54.864393,Fiat 500 - 0.9 TwinAir Plus / Airco / Elektrische ramen / Half leder,Fiat,500,2011,5950,90493,Benzine,Handgeschakeld,63,Hatchback,Zwart
82022f45cd91d18c,2026-05-18T06:00:02.735637,2026-07-20T06:15:00.438289,Ford Fiesta - 1.25 Limited,Ford,Fiesta,2011,4950,144684,Benzine,Handgeschakeld,44,Hatchback,Grijs
52fd75d3b47d407e,2026-05-18T06:00:02.735937,2026-06-24T06:01:55.238655,Ford Focus - 1.0 EcoBoost Lease Trend,Ford,Focus,2012,5950,128442,Benzine,Handgeschakeld,74,Hatchback,Zwart
a7ff164d6bf7e448,2026-05-18T06:00:02.737183,2026-05-18T06:01:54.681944,"Toyota Yaris - 1.3 16V VVT-I 5DR Airco , Elect ruiten voor , cdv afst",Toyota,Yaris,2010,4950,109043,Benzine,Handgeschakeld,73,Hatchback,Rood
2ba90c3f89f1327a,2026-05-18T06:00:02.738431,2026-05-24T06:01:58.648673,Fiat 500 - 1.0 TwinAir Pop,Fiat,500,2014,4744,142975,Benzine,Handgeschakeld,44,Hatchback,Grijs
dd07a5c256df575d,2026-05-18T06:00:02.739040,2026-05-18T06:01:54.683702,Peugeot 108 - 1.0 VTi Active - Airco - El. Ramen - Bluetooth - Stuurwielbe,Peugeot,108,2014,5950,69136,Benzine,Handgeschakeld,51,Hatchback,Rood
d2911cf24e3ba878,2026-05-18T06:00:02.741016,2026-06-11T06:01:54.677411,Skoda Citigo - 1.0 Elegance,Skoda,Citigo,2013,5450,113564,Benzine,Handgeschakeld,55,Hatchback,Wit
264a9736203e3553,2026-05-19T06:00:02.469154,2026-07-22T06:02:57.520907,Volkswagen Up! - 1.0 move up! BlueMotion * Airco * 5-Deurs * Elek-ramen * CNG,Volkswagen,Up!,2016,5999,129456,,Handgeschakeld,50,Hatchback,Wit
518121010552a4bb,2026-05-19T06:00:02.472005,2026-06-23T06:01:55.604222,Smart ForTwo - cabrio 1.0 mhd Passion,Smart,ForTwo,2011,4950,94363,Benzine,Automaat,52,Cabriolet,Grijs
8270244b9677f233,2026-05-19T06:00:02.472308,2026-07-30T06:02:36.857447,Nissan Juke - 1.6 Visia,Nissan,Juke,2011,5445,159661,Benzine,Handgeschakeld,86,SUV / Terreinwagen,Wit
f3d460128a5018da,2026-05-19T06:00:02.475436,2026-07-23T06:04:19.811717,Citroën C3 - 1.2 VTi Collection,Citroën,C3,2013,5950,104534,Benzine,Handgeschakeld,60,Hatchback,Grijs
ceef5238e61a9409,2026-05-19T06:00:02.476377,2026-06-10T06:01:55.355437,Alfa Romeo MiTo - 0.9 TwinAir Distinctive|LEDER|NL AUTO|NAVI|CLIMA|GOED ONDERH,Alfa,Romeo,2014,4840,135770,Benzine,Handgeschakeld,77,Hatchback,Grijs
d29aa202b817b273,2026-05-19T06:00:02.482001,2026-05-22T06:01:55.726025,Ford Fiesta - 1.0 Titanium | Navigatie | Parkeersensoren v+a | Trekhaak |,Ford,Fiesta,2016,5744,131242,Benzine,Handgeschakeld,74,Hatchback,Wit
c50f3aa49d93dbe7,2026-05-19T06:00:02.482610,2026-06-23T06:01:55.618676,Suzuki Alto - 1.0 Comfort EASSS 5-deurs met Airco,Suzuki,Alto,2014,5350,82693,Benzine,Handgeschakeld,50,Hatchback,Wit
64902fcf0cae7a1d,2026-05-19T06:00:02.482924,2026-05-19T06:01:54.640002,Suzuki Alto - 1.0 Comfort EASSS Airco,Suzuki,Alto,2013,4750,116559,Benzine,Handgeschakeld,50,Hatchback,Wit
150f7329576112a0,2026-05-19T06:00:02.484764,2026-07-08T06:08:02.230924,"Renault Twingo - 1.0 SCe 70pk Expression, AIRCO, BLUETOOTH, PDC",Renault,Twingo,2015,5995,147788,Benzine,Handgeschakeld,52,Hatchback,Zwart
3863249694ff4663,2026-05-19T06:00:02.485083,2026-05-20T06:01:55.657272,Opel Corsa - 1.4-16V Color Edition Rijklaar ! Incl. beurt en APK | 6m gar,Opel,Corsa,2010,5450,121714,Benzine,Handgeschakeld,74,Hatchback,Wit
d2c958dbde191d80,2026-05-19T06:00:02.485705,2026-07-25T06:05:44.199835,Seat Mii - 1.0 Sport Dynamic Airco I Elek ramen I Voorstoelen verwarmd,Seat,Mii,2014,4940,150735,Benzine,Handgeschakeld,44,Hatchback,Rood
0f3545d00d5b533a,2026-05-19T06:00:02.487256,2026-05-29T06:01:55.397963,Renault Twingo - 1.0 SCe Expression [Cruise Control Airco Bluetooth elektrisc,Renault,Twingo,2014,5445,104003,Benzine,Handgeschakeld,52,Hatchback,Blauw
b98f89f1ecded8d3,2026-05-19T06:00:02.489442,2026-07-05T06:01:55.102925,Skoda Citigo - 1.0 Easy,Skoda,Citigo,2012,4950,113333,Benzine,Handgeschakeld,44,Hatchback,Wit
e505ac8b305c476c,2026-05-19T06:00:02.490068,2026-05-24T06:01:58.645965,Citroën DS3 - 1.2 VTi So Chic,Citroën,DS3,2013,4950,94570,Benzine,Handgeschakeld,60,Hatchback,Grijs
bf07ceff1f3f4291,2026-05-19T06:00:02.490371,2026-06-10T06:01:55.362531,Fiat Panda - 0.9 TwinAir Lounge AUTOMAAT - AIRCO,Fiat,Panda,2016,5990,136553,Benzine,Automaat,59,Hatchback,Bruin
cefe1d58a88b935f,2026-05-19T06:00:02.490686,2026-07-20T06:15:00.507695,Volkswagen Up! - 1.0 high up! BlueMotion,Volkswagen,Up!,2012,5499,154486,Benzine,Handgeschakeld,44,Hatchback,Rood
a5302f200fdd175e,2026-05-19T06:00:02.491315,2026-05-19T06:01:54.648101,Toyota Yaris - 1.3 VVTi Aspiration,Toyota,Yaris,2009,5950,119900,Benzine,Automaat,74,Hatchback,Grijs
2b9392586f19dc0c,2026-05-19T06:00:02.491632,2026-05-31T06:01:55.433965,"Peugeot 2008 - 1.2 PureTech Active, Airco Led, Navi, Elec pakket",Peugeot,2008,2015,5940,148486,Benzine,Automaat,60,SUV / Terreinwagen,Zwart
5b6daa724fa6979b,2026-05-19T06:00:02.492865,2026-07-13T06:11:36.164919,Opel Agila - 1.0 Berlin 5drs airco apk 08-04-2027,Opel,Agila,2014,5950,62888,Benzine,Handgeschakeld,50,Hatchback,Grijs
ad1d0c30b81efb3c,2026-05-19T06:00:02.493800,2026-05-31T06:01:55.439402,Toyota Aygo - 1.0 VVT-i|RIJKLAAR|2EIG|AIRCO|ISOFIX|AUX|GARANTY,Toyota,Aygo,2014,5990,77716,Benzine,Handgeschakeld,50,Hatchback,Blauw
8ae38cec156651d1,2026-05-19T06:00:02.495061,2026-07-17T06:07:54.621155,Dacia Logan Mcv - 0.9 TCe Prestige,Dacia,Logan,2014,5250,132244,Benzine,Handgeschakeld,66,MPV,Grijs
bc8f469b7bf09e85,2026-05-19T06:00:02.496311,2026-05-29T06:01:55.384007,"Renault Twingo - 1.2 16V Parisienne Airco, Radio Cd, Bluetooth, Electrische r",Renault,Twingo,2014,5940,51744,Benzine,Handgeschakeld,55,Hatchback,Zwart
f0fdb8d7c130bd7f,2026-05-19T06:00:02.497027,2026-05-23T06:01:56.026472,Opel Corsa - 1.4-16V BlitZ Airco Navigatie LM Velgen Multifunctioneel Stu,Opel,Corsa,2014,5350,106542,Benzine,Handgeschakeld,74,Hatchback,Grijs
53936607ed13e4f3,2026-05-19T06:00:02.499212,2026-07-12T06:03:02.698304,Suzuki Alto - 1.0 Comfort AUTOMAAT,Suzuki,Alto,2010,4599,156205,Benzine,Automaat,50,Hatchback,Grijs
9af569167b67dee9,2026-05-19T06:00:02.499519,2026-05-21T06:01:56.652074,"Ford Fiesta - 1.0 EcoBoost Titanium, Airco, 5-deurs",Ford,Fiesta,2016,4950,156848,Benzine,Handgeschakeld,74,Hatchback,Wit
e637dd83e82c1ab4,2026-05-20T06:00:02.357889,2026-07-06T06:03:03.613175,Ford Fiesta - 1.0 ECOBOOST TITANIUM | 3 DEURS | ALL SEASONS | CLIMA | CRUI,Ford,Fiesta,2013,4899,134198,Benzine,Handgeschakeld,74,Hatchback,Geel
342321e91352b599,2026-05-20T06:00:02.358284,2026-06-04T06:01:54.752781,Ford C-Max - 1.8-16V Titanium|Boekjes|Nap|Trekhaak,Ford,C-Max,2008,4845,102777,Benzine,Handgeschakeld,92,MPV,Grijs
5bfdf3f47b123346,2026-05-20T06:00:02.359929,2026-07-21T06:04:36.680276,Fiat 500 - 0.9 TwinAir Sport,Fiat,500,2011,4950,158720,Benzine,Handgeschakeld,63,Hatchback,Zwart
866f65677523c9c1,2026-05-20T06:00:02.364394,2026-06-11T06:01:54.670955,Fiat Panda - 0.9 TwinAir Lounge | Climate control | Lichtmetalen velgen |,Fiat,Panda,2015,5950,127403,Benzine,Handgeschakeld,59,Hatchback,Rood
eba82890a5f82b97,2026-05-20T06:00:02.364713,2026-05-29T06:01:55.395846,Fiat Panda - 1.2 69pk Edizione Cool,Fiat,Panda,2010,4835,56060,Benzine,Handgeschakeld,51,Hatchback,Grijs
8daae74664a3600e,2026-05-20T06:00:02.365400,2026-06-10T06:01:55.368507,Volkswagen Up! - 1.0 Take Up! BlueMotion - 5Drs I Airco I Comfort pakket I St,Volkswagen,Up!,2016,5900,126314,Benzine,Handgeschakeld,44,Hatchback,Zwart
a5a73e8e45ffa779,2026-05-20T06:00:02.366994,2026-06-03T06:01:54.646935,Fiat Punto - 0.9 TwinAir Street Airco. LMV,Fiat,Punto,2014,5250,111218,Benzine,Handgeschakeld,74,Hatchback,Grijs
c6da26075ecad63c,2026-05-20T06:00:02.372046,2026-05-26T06:01:55.142142,Opel Astra - TwinTop 1.8 Enjoy Cabriolet vast dak -2e eigenaar 93.000 km-,Opel,Astra,2012,5995,93246,Benzine,Handgeschakeld,103,Cabriolet,Beige
7c93a5366ce4b2ee,2026-05-20T06:00:02.375494,2026-06-10T06:01:55.358671,Peugeot 108 - 1.0 e-VTi Active Airco / Zelf onderhouden / 5Drs,Peugeot,108,2015,5600,135731,Benzine,Handgeschakeld,51,Hatchback,Wit
7f481fab6e7fa536,2026-05-20T06:00:02.376768,2026-07-26T06:04:06.672491,Renault Scénic - 1.4 TCE Dynamique | Airco | Cruise control | Keyless | Trekh,Renault,Scénic,2010,5900,125568,Benzine,Handgeschakeld,96,MPV,Grijs
89ffefdee48d0f07,2026-05-20T06:00:02.377108,2026-05-31T06:01:55.430979,"Renault Clio - 0.9 TCe Expression - Airco, Navi, Cruise, Trekhaak",Renault,Clio,2015,5845,147286,Benzine,Handgeschakeld,66,Hatchback,Grijs
55052d1708dddffc,2026-05-20T06:00:02.377726,2026-06-11T06:01:54.653937,Fiat 500 - 1.2 Lounge Airco Pandak Lmv,Fiat,500,2008,5450,132241,Benzine,Automaat,51,Hatchback,Grijs
8a060d63781a5666,2026-05-20T06:00:02.378678,2026-05-22T06:01:55.714225,Nissan Micra - 1.2 DIG-S 98PK Acenta | Airco| Cruise | 16-inch | 1 jaar BOV,Nissan,Micra,2015,5950,142736,Benzine,Handgeschakeld,72,Hatchback,Wit
aeb931adc9212c40,2026-05-20T06:00:02.380573,2026-05-28T06:01:59.514539,Ford Fiesta - 1.25 Trend|82Pk|5Drs|Airco|Boekjes|Nap,Ford,Fiesta,2011,5445,148325,Benzine,Handgeschakeld,60,Hatchback,Blauw
8005c63766307cf9,2026-05-20T06:00:02.381542,2026-05-27T06:01:55.420799,"Ford Fiesta - 1.0 Titanium Airco, Stoelverwarming",Ford,Fiesta,2015,5700,124456,Benzine,Handgeschakeld,59,Hatchback,Bruin
48943da687d8efb5,2026-05-20T06:00:02.382803,2026-06-02T06:01:56.854944,Toyota Aygo - 1.0 VVT-i Now | Airco | 1e Eigenaar | Meeneemprijs |,Toyota,Aygo,2014,4900,139787,Benzine,Handgeschakeld,50,Hatchback,Wit
403fd7ced15fb3c2,2026-05-20T06:00:02.383735,2026-05-20T06:01:55.659104,Renault Scénic - 1.2 TCe | stoelverwarming | trekhaak | uitstekend onderhoude,Renault,Scénic,2014,5950,153274,Benzine,Handgeschakeld,97,MPV,Grijs
982e7cc1486284ec,2026-05-20T06:00:02.385021,2026-07-24T06:03:55.127089,Suzuki SX4 - 1.6 Shogun - Trekhaak en NAP,Suzuki,SX4,2008,4750,138177,Benzine,Handgeschakeld,79,MPV,Grijs
4f9cb28236336a7a,2026-05-20T06:00:02.385978,2026-07-27T06:11:07.655552,MINI Cooper - Mini 1.6 Business Line 123pk | | JCW look | Cruise | Airco |,MINI,Cooper,2010,5495,156413,Benzine,Handgeschakeld,90,Hatchback,Wit
a0fae84c1acd532a,2026-05-20T06:00:02.387518,2026-05-20T06:01:55.662712,Volkswagen Golf - 1.4 TSI Highline|Panoramadak|Stoelverwarming|Rijklaarprijs,Volkswagen,Golf,2009,5950,142387,Benzine,Handgeschakeld,90,Hatchback,Zwart
bead77e78c9886e4,2026-05-20T06:00:02.387836,2026-07-11T06:04:01.304422,Suzuki Swift - 1.2 Base EASSS / 3 drs / nette auto / stuurbekrachtiging / a,Suzuki,Swift,2013,5250,152239,Benzine,Handgeschakeld,69,Hatchback,Grijs
3efc812651d94c0c,2026-05-20T06:00:02.388811,2026-06-15T06:01:55.485473,Renault Clio - 1.2 TCe Collection Distributieriem vv Trekhaak dealer onderh,Renault,Clio,2011,5950,99968,Benzine,Handgeschakeld,76,Hatchback,Zwart
ae8b306d007a1487,2026-05-21T06:00:02.659718,2026-06-25T06:01:55.007136,Opel Corsa - 1.2-16V Business+ Navi,Opel,Corsa,2014,5449,127776,Benzine,Handgeschakeld,63,Hatchback,Grijs
c7b17a6dd2611ca4,2026-05-21T06:00:02.660379,2026-05-25T06:01:54.720392,Suzuki Swift - 1.2 Comfort,Suzuki,Swift,2011,4885,134593,Benzine,Handgeschakeld,69,Hatchback,Grijs
4f8c73d9d634dc40,2026-05-21T06:00:02.663257,2026-06-09T06:01:54.679503,Skoda Fabia - 1.2 TSI TOUR,Skoda,Fabia,2013,4950,133400,Benzine,Handgeschakeld,63,,Groen
9247250b096c606d,2026-05-21T06:00:02.665746,2026-05-27T06:01:55.439199,Opel Karl - 1.0 ecoFLEX 75pk Edition Airconditioning Cruise Control 5drs,Opel,Karl,2016,5900,56944,Benzine,Handgeschakeld,55,Hatchback,Blauw
2cafa7c526cab925,2026-05-21T06:00:02.666393,2026-06-13T06:01:54.186132,Kia Picanto - 1.0 CVVT Comfort Pack Navi Camera Airco PDC LED,Kia,Picanto,2012,5750,66013,Benzine,Handgeschakeld,51,Hatchback,Beige
1fbf71a7c41bf86f,2026-05-21T06:00:02.667311,2026-06-24T06:01:55.226503,Ford Fiesta - 1.25 Champion | Parkeersensoren | Voorruitverwarming | Clima,Ford,Fiesta,2012,5440,157127,Benzine,Handgeschakeld,44,Hatchback,Grijs
31dd30123c93d3c9,2026-05-21T06:00:02.669022,2026-06-06T06:01:54.807973,Opel Meriva - 1.4 EDITION 5-DRS. + AIRCO/LMV,Opel,Meriva,2010,4950,88060,Benzine,Handgeschakeld,74,MPV,Grijs
81c16b1a02f4e58f,2026-05-21T06:00:02.672424,2026-06-06T06:01:54.806991,Renault Twingo - 0.9 TCe Expression / Airco / LMV / Cruise Control / Bluetoot,Renault,Twingo,2015,5885,123575,Benzine,Handgeschakeld,66,Hatchback,Zwart
09d35c873c91e4f8,2026-05-21T06:00:02.672731,2026-06-05T06:02:04.175583,Kia Venga - 1.4 CVVT Seven NAVI CLIMA CAMERA DEALER-AUTO NAP,Kia,Venga,2011,5000,123589,Benzine,Handgeschakeld,66,SUV / Terreinwagen,Grijs
52a0aa622af82e5e,2026-05-21T06:00:02.673369,2026-06-09T06:01:54.681702,Ford Fusion - 1.4-16V Cool & Sound,Ford,Fusion,2009,4995,52388,Benzine,Handgeschakeld,59,MPV,Grijs
5b9347264c9e758d,2026-05-21T06:00:02.674340,2026-05-21T06:01:56.642731,"Citroën C3 - 1.2 PureTech Shine Carplay, navigatie, Camera",Citroën,C3,2017,5950,152764,Benzine,Handgeschakeld,60,Hatchback,Wit
a0adecde935fee42,2026-05-21T06:00:02.674966,2026-05-30T06:01:59.654871,"Nissan Leaf - Acenta 30 kWh - Navi, Camera, Stuur/Stoel Verwarming",Nissan,Leaf,2016,5845,125860,Elektrisch,Automaat,80,Hatchback,Wit
4c529daf50fca722,2026-05-21T06:00:02.675573,2026-05-21T06:01:56.643933,Citroën C1 - 1.0 e-VTi Feel airco led 5drs,Citroën,C1,2015,5450,117819,Benzine,Handgeschakeld,51,Hatchback,Grijs
12e4b1ff4c689f2d,2026-05-21T06:00:02.679656,2026-06-18T06:01:54.928938,Citroën C1 - 1.0 e-VTi Feel | Airco | LED Dagrijverlichting,Citroën,C1,2014,5450,139510,Benzine,Handgeschakeld,51,Hatchback,Rood
a3a75d2cb39e8248,2026-05-21T06:00:02.682809,2026-05-27T06:01:55.437422,Toyota Yaris - 1.3 VVTi Sol MMT | Automaat | Trekhaak | Sensoren | Cruis Co,Toyota,Yaris,2008,5800,158344,Benzine,Automaat,64,Hatchback,Grijs
2a34788e2fea9918,2026-05-21T06:00:02.683127,2026-07-30T06:02:36.975479,Renault Twingo - 1.2-16V Collection Airco lage km's ALLINPRIJS,Renault,Twingo,2011,4950,98165,Benzine,Handgeschakeld,55,Hatchback,Rood
e0ba7a61683edfc3,2026-05-21T06:00:02.683430,2026-07-23T06:04:19.770328,Volkswagen Crafter - 50 2.5 TDI Aut. L2H2 DC Dubbel Cabine EXPORT 5 cil/ 3.5t Tre,Volkswagen,Crafter,2008,5750,148182,Diesel,Automaat,100,,Wit
162378ecfa915a4e,2026-05-21T06:00:02.684989,2026-07-06T06:03:03.568972,Renault Twingo - 1.0 SCe Collection Parkeercamera l Cruise control l Bluetoot,Renault,Twingo,2016,5945,151000,Benzine,Handgeschakeld,52,Hatchback,Wit
610f061a889278d1,2026-05-21T06:00:02.686876,2026-06-30T06:01:55.091530,Toyota Aygo - 1.0 VVT-i x-fun * Led * Cruise * Airco * Bluetooth * Goed On,Toyota,Aygo,2017,5950,156659,Benzine,Handgeschakeld,51,Hatchback,Rood
6514bec17ea8bef6,2026-05-21T06:00:02.687178,2026-06-21T06:01:54.023638,Peugeot 108 - 1.0 e-VTi Active,Peugeot,108,2017,5950,92148,Benzine,Handgeschakeld,51,Hatchback,Wit
8fb9e1d5d05bd74f,2026-05-21T06:00:02.689102,2026-05-25T06:01:54.724008,Opel Agila - 1.2 Enjoy,Opel,Agila,2009,5250,110092,Benzine,Automaat,63,Hatchback,Wit
f2fe36c4f5613222,2026-05-21T06:00:02.689413,2026-07-11T06:04:01.368707,Ford B-Max - 1.0 EcoBoost Style | Airco | Reservewiel | Elektrische ramen,Ford,B-Max,2014,5950,96190,Benzine,Handgeschakeld,74,MPV,Rood
59a6007f8b37fa5f,2026-05-22T06:00:02.778442,2026-06-09T06:01:54.676540,Hyundai i10 - 1.0 I-DRIVE COOL,Hyundai,i10,2013,5450,83912,Benzine,Handgeschakeld,51,Hatchback,Grijs
e21b1260e68fd2aa,2026-05-22T06:00:02.780111,2026-07-12T06:03:02.549529,MINI One - Mini 1.6 Salt - 75 Pk - Euro 5 - Airco,MINI,One,2011,4899,131401,Benzine,Handgeschakeld,55,Hatchback,Wit
d9fbbb48a7a018cc,2026-05-22T06:00:02.780738,2026-06-07T06:01:55.426293,"Mazda 2 - 1.3 S-VT Touring Stoelverwarming, Airco",Mazda,2,2008,4650,86389,Benzine,Handgeschakeld,55,Hatchback,Grijs
91957db4200a2e0d,2026-05-22T06:00:02.782232,2026-05-22T06:01:55.701377,Ford Fiesta - 2.0 16V ST 3D ST - 82.000KM - EERSTE EIGENAAR-NEDERLANDSE AU,Ford,Fiesta,2007,5950,82685,Benzine,Handgeschakeld,110,Hatchback,Blauw
c543d293d658dfda,2026-05-22T06:00:02.784404,2026-05-24T06:01:58.645377,Citroën C1 - 1.0 e-VTi Business | Cabrio Dak | 82.000 KM | Airco |,Citroën,C1,2015,5950,82493,Benzine,Handgeschakeld,51,Hatchback,Grijs
93c4fae87bfe11bd,2026-05-22T06:00:02.786275,2026-05-23T06:01:56.052344,Toyota Yaris - 1.3 VVTi Aspiration | Trekhaak | Org. NL | Volledig Ond. | 5,Toyota,Yaris,2009,4750,135164,Benzine,Handgeschakeld,74,Hatchback,Blauw
4ab009ab2047cf67,2026-05-22T06:00:02.786920,2026-05-22T06:01:55.705842,Volkswagen Polo - 1.2-12V TEAM|SCHERM|CAMERA|CRUISE|AIRCO|PDC,Volkswagen,Polo,2010,5995,156665,Benzine,Handgeschakeld,51,Hatchback,Zwart
7c701743f608f8b2,2026-05-22T06:00:02.787222,2026-05-22T06:01:55.706135,Renault Trafic - 1.6 dCi T29 L2H1 Turbo2 Energy (Schade) Airco Cruise 3 Zits,Renault,Trafic,2015,4950,128040,Diesel,Handgeschakeld,88,,Zwart
b26e32f9a8357b24,2026-05-22T06:00:02.787856,2026-05-26T06:01:55.157169,Ford Fiesta - 1.25 Champion | BLUETOOTH | CRUISE CONTROL |,Ford,Fiesta,2012,4950,144513,Benzine,Handgeschakeld,44,Hatchback,Wit
62dfd6520bd126e5,2026-05-22T06:00:02.788156,2026-05-27T06:01:55.435743,Kia Picanto - 1.0 CVVT Comfort P.| nw.koppeling | ac | voll. dealer o.h +,Kia,Picanto,2012,5450,125979,Benzine,Handgeschakeld,51,Hatchback,Grijs
9139da0fc7e57310,2026-05-22T06:00:02.792887,2026-06-11T06:01:54.666933,Citroën DS3 - 1.2 VTi So Chic Nieuwe DB riem/Clima/Trekhaak,Citroën,DS3,2014,5450,141903,Benzine,Handgeschakeld,60,Hatchback,Grijs
bc745b1303c508f4,2026-05-22T06:00:02.796026,2026-05-26T06:01:55.139396,"Kia Sportage - 2.0 CVVT X-tra - Clima, Leer, Trekhaak, NAP",Kia,Sportage,2009,4845,141135,Benzine,Handgeschakeld,104,SUV / Terreinwagen,Zwart
74f14e76d0c39c88,2026-05-22T06:00:02.797272,2026-05-29T06:01:55.397378,Seat Ibiza - ST 1.2 TSI Chill Out CRUISE-CLIMA,Seat,Ibiza,2013,5950,132303,Benzine,Handgeschakeld,63,,Zwart
5a0a447e446a6585,2026-05-22T06:00:02.797570,2026-07-20T06:15:00.283176,Seat Mii - 1.0 Style STOELVERW-CRUISE-1E EIGENAAR,Seat,Mii,2012,5750,141442,Benzine,Handgeschakeld,55,Hatchback,Rood
057db2467c581c27,2026-05-22T06:00:02.798196,2026-05-22T06:01:55.716626,Toyota Aygo - 1e eigenaar|Dealer onderhouden|Airco|APK 2027,Toyota,Aygo,2012,4995,104468,Benzine,Handgeschakeld,50,Hatchback,Grijs
aab36cc050ecac36,2026-05-22T06:00:02.798502,2026-07-30T06:02:37.002022,Fiat Panda - 0.9 TwinAir Edizione Cool NAP AIRCO ELEC RAMEN CITY STUURBEK,Fiat,Panda,2013,4799,117960,Benzine,Handgeschakeld,48,Hatchback,Zwart
aa860a1b06149d97,2026-05-22T06:00:02.799417,2026-07-30T06:02:36.933748,Suzuki Alto - 1.0 Comfort 5-deurs Airco,Suzuki,Alto,2012,5250,118890,Benzine,Handgeschakeld,50,Hatchback,Blauw
67e7fb9df171b857,2026-05-22T06:00:02.800043,2026-05-29T06:01:55.396174,"Peugeot 208 - 1.0 VTi Access Airco, Navigatie(carplay), Trekhaak, TOP ONDE",Peugeot,208,2014,4750,156672,Benzine,Handgeschakeld,50,Hatchback,Wit
61618fd70e373805,2026-05-22T06:00:02.801314,2026-06-01T06:01:55.913889,Citroën C3 - 1.0 PT Attraction | Airco |Trekhaak | NAP | Distributie rece,Citroën,C3,2016,5995,91105,Benzine,Handgeschakeld,50,Hatchback,Rood
7782d3a075535da6,2026-05-22T06:00:02.803156,2026-05-22T06:01:55.721475,"Citroën C3 Picasso - 1.2 PureTech Exclusive , navigatie , camera",Citroën,C3,2016,5750,143558,Benzine,Handgeschakeld,81,MPV,Wit
586d9426615b6040,2026-05-22T06:00:02.804701,2026-05-24T06:01:58.625688,Ford Fiesta - 1.25 Limited|Trekhaak|NL AUTO|AIRCO|GOED ONDERHOUDEN,Ford,Fiesta,2011,4895,96138,Benzine,Handgeschakeld,44,Hatchback,Wit
ce378236d2c2f965,2026-05-22T06:00:02.805345,2026-06-30T06:01:55.097172,Volkswagen Up! - 1.0 High Up BlueMotion | Cruise Control | Climate Control |,Volkswagen,Up!,2014,5950,141859,Benzine,Handgeschakeld,44,Hatchback,Grijs
04df8b756b7048e5,2026-05-22T06:00:02.805972,2026-07-02T06:01:54.861269,"Mazda 2 - 1.3 TS Plus | Airco | 15"" | Radio cd-aux | Leuke auto!! | NA",Mazda,2,2010,4950,145520,Benzine,Handgeschakeld,63,Hatchback,Grijs
e1727ad4a62788ab,2026-05-22T06:00:02.806578,2026-05-22T06:01:55.724818,Peugeot 108 - 1.0 e-VTi Première | Camera | Climate Control | Lichtmetalen,Peugeot,108,2014,5900,125196,Benzine,Handgeschakeld,51,Hatchback,Bruin
ad1075fdc184c4eb,2026-05-22T06:00:02.807511,2026-05-23T06:01:56.045578,Citroën C1 - 1.0 e-VTi Style Edition | 1e eigenaar | Goed onderhouden! |,Citroën,C1,2015,5940,102652,Benzine,Handgeschakeld,51,Hatchback,Groen
9ef507e900e136a3,2026-05-22T06:00:02.808432,2026-06-06T06:01:54.797971,Kia Picanto - 1.0 CVVT ISG Comfort Pack Carkit|Elektr.ramen|Airco,Kia,Picanto,2013,5945,133397,Benzine,Handgeschakeld,51,Hatchback,Zwart
e223c1b52165ccd8,2026-05-22T06:00:02.809072,2026-07-04T06:01:54.919859,Suzuki Celerio - 1.0 Comfort l Airco,Suzuki,Celerio,2018,5950,116683,Benzine,Handgeschakeld,50,Hatchback,Grijs
16ab87d053a1c360,2026-05-23T06:00:03.001445,2026-07-26T06:04:06.633078,Citroën C1 - 1.0 e-VTi Feel > Trekhaak/12 maand BOVAG garantie...,Citroën,C1,2015,5950,127930,Benzine,Handgeschakeld,51,Hatchback,Zwart
9dcd2b8e0af0443f,2026-05-23T06:00:03.003772,2026-07-11T06:04:01.242334,Fiat 500C - 1.2 Rock Cabrio Leder Navi Parkdistance blue tooth airco 16,Fiat,500C,2011,5950,99268,Benzine,Handgeschakeld,51,Cabriolet,Zwart
526a36b2af7db9cd,2026-05-23T06:00:03.005044,2026-07-12T06:03:02.504534,BMW 1-serie - 118d Corporate Executive | OPEN SCHUIF/KANTELDAK | TREKHAAK,BMW,1-serie,2008,4995,152916,Diesel,Handgeschakeld,100,Hatchback,Grijs
43d5c29b11739e46,2026-05-23T06:00:03.010938,2026-07-11T06:04:01.200229,Toyota Aygo - 1.0-12V Dynamic Blue 5-deurs | Airco | LM | CPV,Toyota,Aygo,2009,5995,125662,Benzine,Handgeschakeld,50,Hatchback,Blauw
0153b80ae2a09064,2026-05-23T06:00:03.013738,2026-06-09T06:01:54.693226,Renault Clio - 0.9 TCe Expression|NL AUTO|NAVI|AIRCO|TREKHAAK|GOED ONDERHOU,Renault,Clio,2014,5330,149107,Benzine,Handgeschakeld,66,Hatchback,Zwart
598c8da8f11dec17,2026-05-23T06:00:03.014057,2026-06-03T06:01:54.636391,"Honda Jazz - 1.4 5-Drs Automaat LS CLIMA, PDC, TREKHAAK, NAP",Honda,Jazz,2007,5750,59474,Benzine,Automaat,61,MPV,Grijs
9d532957ed0503f3,2026-05-23T06:00:03.014409,2026-05-30T06:01:59.639444,Renault Zoe - Q210 Zen Quickcharge 22 kWh Koop Accu | Camera | Airco | SoH,Renault,Zoe,2013,5900,133409,Elektrisch,Automaat,65,Hatchback,Zwart
8a24f82ae4d4f59c,2026-05-23T06:00:03.015647,2026-07-26T06:04:06.632763,Suzuki Splash - 1.0 Comfort 5-deurs Airco,Suzuki,Splash,2012,5750,157691,Benzine,Handgeschakeld,48,Hatchback,Zwart
4940c890cc68fc44,2026-05-23T06:00:03.015954,2026-05-26T06:01:55.136400,Skoda Citigo - 1.0 Greentech Tour | incl. 12 maanden garantie | Airco | Nav,Skoda,Citigo,2012,4950,136259,Benzine,Handgeschakeld,44,Hatchback,Geel
70299a23bd5c268e,2026-05-23T06:00:03.016567,2026-06-12T06:01:55.869043,"Suzuki Alto - 1.0 Exclusive, nw koppeling met garantie",Suzuki,Alto,2010,4950,122855,Benzine,Handgeschakeld,50,Hatchback,Grijs
a51ce3449dd7da4a,2026-05-23T06:00:03.018729,2026-06-08T06:01:54.454185,Volkswagen Up! - 1.0 high up! BlueMotion | Navigatie | 3-drs | Lichtmetalen v,Volkswagen,Up!,2012,5400,95224,Benzine,Handgeschakeld,44,Hatchback,Zwart
9c4af1018c4a5ba4,2026-05-23T06:00:03.020475,2026-07-15T06:02:31.097933,Opel Agila - 1.0 Berlin,Opel,Agila,2013,5950,106141,Benzine,Handgeschakeld,50,Hatchback,Bruin
83a244b50a73ec23,2026-05-23T06:00:03.025845,2026-05-28T06:01:59.519309,Skoda Citigo - 1.0 Greentech Sport - Airco - Navi - [URL],Skoda,Citigo,2015,5790,138673,Benzine,Handgeschakeld,44,Hatchback,Rood
49fec854c0de5e01,2026-05-23T06:00:03.027721,2026-06-08T06:01:54.448408,Fiat Doblò Cargo - 1.3 MultiJet Maxi INVALIDE ROLSTOEL UITVOERING|AUX+BLUETOOTH,Fiat,Doblò,2011,5950,119534,Diesel,Handgeschakeld,66,,Wit
5976a6e59f0c7af2,2026-05-23T06:00:03.028030,2026-07-26T06:04:06.776745,Mitsubishi Lancer - Sportback 1.6 Edition Two,Mitsubishi,Lancer,2011,5950,137776,Benzine,Handgeschakeld,86,Hatchback,Blauw
070c8cf25edb66d3,2026-05-23T06:00:03.030253,2026-05-23T06:01:56.052961,Opel Corsa - 1.2 Twinport Automaat 85pk 3d Color Edition* Airco / Cruise,Opel,Corsa,2012,5925,69825,Benzine,Automaat,63,Hatchback,Blauw
cffb162ea8f7a8ac,2026-05-24T06:00:02.469545,2026-06-05T06:02:04.181630,DS DS 3 - 1.2 PureTech Business / Airco clima/ Navigatie/ Cruise/ PDC/,DS,DS,2015,5950,92512,Benzine,Handgeschakeld,60,Hatchback,Zwart
6ee39012beb2a15e,2026-05-24T06:00:02.469926,2026-07-10T06:02:30.476729,Opel Meriva - 1.4 Turbo Edition 120pk | Airco | Lichtmetalen Velgen | Crui,Opel,Meriva,2011,5450,141714,Benzine,Handgeschakeld,88,MPV,Zwart
be3d4d1b577f18d4,2026-05-24T06:00:02.471471,2026-05-31T06:01:55.438806,Ford Fiesta - 1.6 Titanium X AIRCO/ECC / CRUISE CONTR. / D-RIEM VV,Ford,Fiesta,2010,5495,151939,Benzine,Handgeschakeld,88,Hatchback,Paars
53d243903665a33a,2026-05-24T06:00:02.473651,2026-07-30T06:02:36.967631,Fiat 500 - 0.9 TwinAir Lounge APK MEI 2027,Fiat,500,2011,4865,115523,Benzine,Handgeschakeld,63,Hatchback,Wit
464b1b9f729870b8,2026-05-24T06:00:02.478245,2026-05-28T06:01:59.533982,Opel Corsa - 1.4-16V Cosmo | Airco | Fietsendrager | 1e eigenaar,Opel,Corsa,2010,5999,70714,Benzine,Handgeschakeld,74,Hatchback,Zwart
33a9001ae3b87671,2026-05-24T06:00:02.479470,2026-05-24T06:01:58.636068,Citroën C3 - 1.2 PureTech Tendance 2015 | 58 dkm ! | Navigatie | Pdc| nwe,Citroën,C3,2015,5999,58858,Benzine,Handgeschakeld,60,Hatchback,Rood
a387dea28cd1c4d6,2026-05-24T06:00:02.481641,2026-07-24T06:03:55.095905,"Renault Twingo - 1.2 16V Parisienne, Airco, BNluetooth, Radio/ multi media, e",Renault,Twingo,2014,4940,75990,Benzine,Handgeschakeld,55,Hatchback,Grijs
24d8ef79e470ae27,2026-05-24T06:00:02.483196,2026-06-01T06:01:55.896526,Fiat 500 - 0.9 TwinAir,Fiat,500,2012,5250,152244,Benzine,Handgeschakeld,63,Hatchback,Zwart
a84d17a7a637a96e,2026-05-24T06:00:02.487812,2026-07-25T06:05:44.295888,Fiat Fiorino - 1.4 Easy Pro / Benzine & Gas / Airco,Fiat,Fiorino,2018,5250,132216,,Handgeschakeld,57,,Wit
af1f27ebb7f6fd65,2026-05-24T06:00:02.488119,2026-05-24T06:01:58.644455,Opel Zafira - 2.2 Cosmo 150pk 7-zits [POSTCODE] trekgewicht | Trekhaak | Clima,Opel,Zafira,2009,4950,153180,Benzine,Handgeschakeld,110,MPV,Grijs
fb98c4af2c97ed8a,2026-05-24T06:00:02.488745,2026-06-08T06:01:54.455365,"Kia Picanto - 1.0 CVVT Airco, Trekhaak",Kia,Picanto,2012,5750,87981,Benzine,Handgeschakeld,51,Hatchback,Wit
0e55bd65ba9a1834,2026-05-24T06:00:02.493114,2026-06-11T06:01:54.681413,Peugeot 108 - 1.0 12V E-VTI 51KW 5DR Active,Peugeot,108,2014,5450,109370,Benzine,Handgeschakeld,51,Hatchback,Paars
7c6809bf0ef7f1c7,2026-05-24T06:00:02.499382,2026-05-27T06:01:55.433937,Hyundai i20 - 1.2i i-Vision 86pk | Cruise Control | Airco | Parkeersensore,Hyundai,i20,2014,5950,127320,Benzine,Handgeschakeld,63,Hatchback,Grijs
3f564fbe16049577,2026-05-25T06:00:01.891759,2026-06-09T06:01:54.673894,Suzuki SX4 - 1.6 Shogun Airco/Lichtmetaal/Spiegel v.w.,Suzuki,SX4,2009,5950,98257,Benzine,Handgeschakeld,79,MPV,Grijs
321af5bcad59e7f9,2026-05-25T06:00:01.894460,2026-05-30T06:01:59.650738,Ford B-Max - 1.0 EcoBoost Titanium 100pk | Voorruit verwarming | Navigati,Ford,B-Max,2014,4950,154352,Benzine,Handgeschakeld,74,MPV,Zwart
066ade71ca72d34a,2026-05-25T06:00:01.896010,2026-07-30T06:02:36.827486,Toyota Aygo - 1.0-12V + 5-deurs | NL auto | Airco | CPV,Toyota,Aygo,2008,5495,116952,Benzine,Handgeschakeld,50,Hatchback,Rood
675089a127052a76,2026-05-25T06:00:01.897638,2026-07-10T06:02:30.499554,"Opel Agila - 1.2 Edition 5 deurs, Airco, LAGE KILOMETERSTAND",Opel,Agila,2009,4750,65156,Benzine,Handgeschakeld,63,Hatchback,Grijs
a6d1c4988c53e100,2026-05-25T06:00:01.900086,2026-05-25T06:01:54.709057,Peugeot 108 - 1.0 e-VTi Blue Lion 5 Deurs - Airco,Peugeot,108,2017,5645,123534,Benzine,Handgeschakeld,51,Hatchback,Zwart
0e66b8fc080953a2,2026-05-25T06:00:01.903188,2026-06-25T06:01:54.998363,Citroën C1 - 1.0 VTi Feel,Citroën,C1,2019,5950,128282,Benzine,Handgeschakeld,54,Hatchback,Zwart
493e95e1be3d570f,2026-05-25T06:00:01.905063,2026-05-29T06:01:55.374140,Toyota Aygo - 1.0-12V Cool - Airco - Trekhaak - Verzorgde auto,Toyota,Aygo,2012,4595,98302,Benzine,Handgeschakeld,50,Hatchback,Wit
6f9751b3a1f046b7,2026-05-25T06:00:01.906918,2026-06-13T06:01:54.190044,Peugeot 108 - 1.0 e-VTi Allure (APK:Nieuw) Incl.Garantie,Peugeot,108,2014,5945,98000,Benzine,Handgeschakeld,50,Hatchback,Rood
e6571c7412f4b5da,2026-05-25T06:00:01.909732,2026-06-02T06:01:56.871686,Ford Courier,Ford,Courier,2019,6000,115834,Diesel,Handgeschakeld,55,,Wit
eed4c3c3c9795de3,2026-05-25T06:00:01.910016,2026-07-28T06:03:31.367679,Toyota Aygo - 1.0-12V Comfort 5-deurs | NL auto | Airco | Stuurbekrachtigi,Toyota,Aygo,2010,5995,109731,Benzine,Handgeschakeld,50,Hatchback,Grijs
b14b91efb68540dc,2026-05-25T06:00:01.912831,2026-05-28T06:01:59.525896,"Ford Ka - 1.2 Titanium X start/stop Panoramadak, Lichtmetalen Velgen,",Ford,Ka,2014,4900,120714,Benzine,Handgeschakeld,51,Hatchback,Wit
8d86c773ff13c089,2026-05-25T06:00:01.914720,2026-06-26T06:01:54.870796,Toyota Yaris - 1.3 VVTi Luna MMT Airco - Licht metalen velgen 15 inch - Rad,Toyota,Yaris,2007,5940,132878,Benzine,Automaat,65,Hatchback,Grijs
fb58966404342640,2026-05-25T06:00:01.918439,2026-06-06T06:01:54.804347,Seat Mii - 1.0 Style Chic // Airco // LM Velgen,Seat,Mii,2012,4995,126708,Benzine,Handgeschakeld,44,Hatchback,Zwart
ea8d6ad0a7961827,2026-05-25T06:00:01.921208,2026-06-05T06:02:04.176178,Ford Ka - 1.2 Cool & Sound start/stop Nieuwe distributie,Ford,Ka,2011,5450,59991,Benzine,Handgeschakeld,51,Hatchback,Wit
1c847125c39d282a,2026-05-26T06:00:02.799778,2026-06-06T06:01:54.784778,Suzuki Wagon R+ - 1.3 FreeStyle Automaat Airco,Suzuki,Wagon,2005,4650,117426,Benzine,Automaat,69,Hatchback,Grijs
ee2b5701447bba59,2026-05-26T06:00:02.801093,2026-07-23T06:04:19.521460,Mitsubishi Space Star - 1.0 Inform Airco (APK:Nieuw) Incl.Garantie,Mitsubishi,Space,2014,4945,125000,Benzine,Handgeschakeld,52,Hatchback,Grijs
e8aee49103ec4d71,2026-05-26T06:00:02.807171,2026-05-27T06:01:55.430248,Fiat 500 - 0.9 TwinAir Lounge Panoramadak | Leer | Clima | Parelmoer wi,Fiat,500,2012,5980,104983,Benzine,Handgeschakeld,63,Hatchback,Wit
eb2142307f430ae9,2026-05-26T06:00:02.807535,2026-05-26T06:01:55.137911,Citroën C4 Cactus - 1.2 VTi Business // CLIMA // CRUISE // CAMERA // TREKHAAK //,Citroën,C4,2015,5950,141246,Benzine,Handgeschakeld,60,SUV / Terreinwagen,Paars
205d4de50361ea66,2026-05-26T06:00:02.811635,2026-05-28T06:01:59.512174,Citroën C3 Picasso - 1.4 VTi Tendance Trekhaak I All season I AC,Citroën,C3,2013,4950,90903,Benzine,Handgeschakeld,71,MPV,Zwart
9770573aebdf3fa3,2026-05-26T06:00:02.814288,2026-07-27T06:11:07.656787,Opel Meriva - 1.4 Turbo Cosmo,Opel,Meriva,2011,5950,135698,Benzine,Handgeschakeld,88,MPV,Blauw
c5e5f2c33412ac99,2026-05-26T06:00:02.816537,2026-07-26T06:04:06.876821,Ford C-Max - 1.6 Trend,Ford,C-Max,2011,5950,132791,Benzine,Handgeschakeld,77,MPV,Zwart
77b3b9494aa2b4d8,2026-05-26T06:00:02.821342,2026-07-29T06:02:56.222976,Hyundai i10 - 1.0i i-Motion Comfort,Hyundai,i10,2016,5490,135362,Benzine,Handgeschakeld,49,Hatchback,Grijs
b4e290c0d130e055,2026-05-26T06:00:02.826180,2026-06-06T06:01:54.791413,Seat Ibiza - 1.2 TSI SPORT,Seat,Ibiza,2012,5600,153751,Benzine,Automaat,77,,Zwart
14660d69290bdeb4,2026-05-26T06:00:02.831742,2026-06-28T06:01:54.585527,Renault Twingo - 1.2 16V Parisienne | Airco | Bluetooth | Centrale deurvergre,Renault,Twingo,2014,4950,101497,Benzine,Handgeschakeld,55,Hatchback,Wit
d062cb602f9a95aa,2026-05-26T06:00:02.832124,2026-06-05T06:02:04.188084,Toyota Aygo - 1.0-12V Dynamic Navigator,Toyota,Aygo,2012,4901,123430,Benzine,Handgeschakeld,50,Hatchback,Wit
605dd42af24fb304,2026-05-26T06:00:02.833575,2026-07-30T06:02:36.802269,Peugeot 2008 - 1.2 VTi Active D-riem vernieuwd.,Peugeot,2008,2013,4750,146648,Benzine,Handgeschakeld,60,,Blauw
ad39893d01bd63af,2026-05-27T06:00:02.144007,2026-05-30T06:01:59.633796,Suzuki Alto - 1.0 Celebration EASSS,Suzuki,Alto,2015,5945,67507,Benzine,Handgeschakeld,50,Hatchback,Wit
ac7e10a808213f14,2026-05-27T06:00:02.145966,2026-06-16T06:01:56.179931,Mercedes-Benz Vito - 110 CDI Lang Motor defect Camera/Airco,Mercedes-Benz,Vito,2020,4950,153876,Diesel,Handgeschakeld,75,,Wit
1b66635a804c68f5,2026-05-27T06:00:02.148156,2026-05-27T06:01:55.413945,Opel Agila - 1.0 Berlin / Geen Import / 100% Onderhoud,Opel,Agila,2014,5840,95837,Benzine,Handgeschakeld,50,Hatchback,Grijs
e10401d9b38e5f8e,2026-05-27T06:00:02.150656,2026-06-13T06:01:54.196338,Fiat Punto - 1.2 Street,Fiat,Punto,2015,4945,112479,Benzine,Handgeschakeld,51,Hatchback,Zwart
fcbc978cf2fd3092,2026-05-27T06:00:02.151563,2026-05-27T06:01:55.417782,Peugeot 208 - 1.2 PureTech Blue Lion 5DRS NAVI PDC NAP DIST-Vervangen 2023,Peugeot,208,2018,5888,135477,Benzine,Handgeschakeld,60,Hatchback,Zwart
b866f37d41b923a5,2026-05-27T06:00:02.161329,2026-06-03T06:01:54.655400,Renault Scénic - 1.4 TCE Dynamique 131PK | Rijklaarprijs | Clima | Cruise | L,Renault,Scénic,2011,4950,104500,Benzine,Handgeschakeld,96,MPV,Zwart
28ee4fab463d60f3,2026-05-27T06:00:02.162559,2026-05-27T06:01:55.428402,"Mercedes-Benz Citan - 108 CDI Edition Airco, Radio, Bluetooth, 75pk, Uniek",Mercedes-Benz,Citan,2017,4500,136734,Diesel,Handgeschakeld,55,,
5dd9cf193d80168f,2026-05-27T06:00:02.164094,2026-07-28T06:03:31.198145,Kia Venga - 1.4 CVVT X-tra Airco / Navigatie / Parkeersensoren,Kia,Venga,2011,5900,152090,Benzine,Handgeschakeld,66,MPV,Wit
41b615274d738edf,2026-05-27T06:00:02.164717,2026-07-26T06:04:06.857192,Opel Meriva - 1.4 Turbo Cosmo|TREKHAAK|PDC|LM-VELG|141DKM,Opel,Meriva,2015,4850,141057,Benzine,Handgeschakeld,88,MPV,Grijs
600e7a3ffd302027,2026-05-27T06:00:02.167495,2026-07-15T06:02:31.116995,Toyota Aygo - 1.0 VVT-i Now Airco 5 deurs,Toyota,Aygo,2014,5950,79680,Benzine,Handgeschakeld,50,Hatchback,Wit
aae97faf46a9d218,2026-05-27T06:00:02.167808,2026-05-27T06:01:55.433616,Peugeot 108 - 1.0 e-VTi Active | Airco | 5DRS | Bluetooth | Goed Onderhoud,Peugeot,108,2014,5440,123194,Benzine,Handgeschakeld,51,Hatchback,Grijs
21665a0d0d277676,2026-05-27T06:00:02.169651,2026-05-27T06:01:55.435436,Renault Clio - 0.9 TCe Expression | 1e EIGENAAR | AIRCO | BLUETOOTH | CRUIS,Renault,Clio,2013,5850,145246,Benzine,Handgeschakeld,66,Hatchback,Grijs
04491aded3e243c5,2026-05-27T06:00:02.172438,2026-06-27T06:01:55.291551,Fiat 500 - 0.9 TwinAir 60pk Pop,Fiat,500,2014,5835,117875,Benzine,Handgeschakeld,44,Hatchback,Grijs
20c152603059339d,2026-05-28T06:00:02.642997,2026-05-28T06:01:59.515720,"Skoda Roomster - 1.4 16V Tour - Airco, Trekhaak",Skoda,Roomster,2011,4645,125977,Benzine,Handgeschakeld,63,MPV,Grijs
d480fdf5fa377fb3,2026-05-28T06:00:02.645759,2026-05-31T06:01:55.442380,Dacia Logan Mcv - 0.9 TCe PRESTIGE .1e EIG. LEDER.NAVI. TREKHAAK.ZEER GOED OND,Dacia,Logan,2013,5999,107930,Benzine,Handgeschakeld,66,MPV,Blauw
1feae8ab418539b2,2026-05-28T06:00:02.649487,2026-06-05T06:02:04.161865,Hyundai H 300 - 2.5 CRDi Dynamic AIRCO 3PERS 2DE EIG. NAP APK 1-2027 TOP CON,Hyundai,H,2011,4795,136028,Diesel,Handgeschakeld,100,,Grijs
dcdc66aec33f3eac,2026-05-28T06:00:02.650703,2026-06-15T06:01:55.483655,Volkswagen Up! - 1.0 move up! BlueMotion,Volkswagen,Up!,2015,5350,157548,Benzine,Handgeschakeld,44,Hatchback,Wit
7c96e59f6185d234,2026-05-28T06:00:02.652533,2026-06-02T06:01:56.873968,"Toyota Yaris - 1.3 VVT-I 87pk 5-Deurs, Airco, Trekhaak",Toyota,Yaris,2007,4990,118302,Benzine,Handgeschakeld,65,Hatchback,Grijs
6c28fbab9dc28c18,2026-05-28T06:00:02.652851,2026-07-03T06:01:55.440555,Seat Altea XL - 1.4 TSI Businessline,Seat,Altea,2011,4999,138094,Benzine,Handgeschakeld,92,,Wit
fdbbc0af28e38fbe,2026-05-28T06:00:02.656540,2026-06-02T06:01:56.854653,Ford Fiesta - 1.25 Trend,Ford,Fiesta,2012,5150,119188,Benzine,Handgeschakeld,44,Hatchback,Oranje
43e0abdc472a021e,2026-05-28T06:00:02.661483,2026-05-29T06:01:55.377119,Peugeot 108 - 1.0 e-VTi Access 5-drs LED-dagrij|78.712km,Peugeot,108,2014,5750,78712,Benzine,Handgeschakeld,51,Hatchback,Grijs
6d0763c3c2116eea,2026-05-28T06:00:02.663059,2026-07-08T06:08:02.132568,Fiat Ducato - 35H 3.0 MultiJet LH2 Gran Volume 3 Zits Trekhaak [POSTCODE] Eur,Fiat,Ducato,2011,5950,150433,Diesel,Handgeschakeld,130,,Wit
ab1818490b500a74,2026-05-28T06:00:02.663677,2026-06-20T06:01:55.566941,Citroën C4 Cactus - 1.2 PureTech Shine|NL AUTO|LEDER|CAMERA|TREKHAAK,Citroën,C4,2016,5880,144711,Benzine,Handgeschakeld,81,SUV / Terreinwagen,Wit
8caeee06b3ad1a18,2026-05-29T06:00:02.751922,2026-06-07T06:01:55.427486,Ford C-Max - 1.0 Titanium RIEM RECENT VERVANGEN,Ford,C-Max,2013,5950,119503,Benzine,Handgeschakeld,93,MPV,Grijs
e8efa0721e2b8cbb,2026-05-29T06:00:02.759484,2026-05-29T06:01:55.378556,Fiat Panda - 0.9 TwinAir Lounge CONSIGNATIE,Fiat,Panda,2013,4600,91819,Benzine,Handgeschakeld,49,Hatchback,Blauw
01f9035bdb3d33e0,2026-05-29T06:00:02.760087,2026-06-06T06:01:54.800619,Toyota Aygo - 1.0 VVT-i x-play Airco.,Toyota,Aygo,2016,5950,131987,Benzine,Handgeschakeld,51,Hatchback,Blauw
ff0e8cf2657cfd99,2026-05-29T06:00:02.760693,2026-06-20T06:01:55.564189,Renault Twingo - 1.0 SCe Authentique CRUISE / BLUETOOTH / AIRCO,Renault,Twingo,2015,5950,137074,Benzine,Handgeschakeld,52,Hatchback,Wit
3e4fe678cd729d40,2026-05-29T06:00:02.763471,2026-07-26T06:04:06.741752,Volkswagen Golf Plus - 1.4 TSI Comfortline,Volkswagen,Golf,2007,5995,118700,Benzine,Automaat,103,MPV,Grijs
e090ee221962586e,2026-05-29T06:00:02.765342,2026-07-27T06:11:07.696430,Renault Twingo - 1.0 SCe Expression 5-drs Airco|1e Eigenaar,Renault,Twingo,2015,5250,118026,Benzine,Handgeschakeld,52,Hatchback,Blauw
ad9a7bab0b32edc8,2026-05-29T06:00:02.775671,2026-06-10T06:01:55.367917,Citroën DS3 - 1.2 VTi So Chic/leer/navi/stoel verwarming/clima/cruisec/boe,Citroën,DS3,2014,5400,136154,Benzine,Handgeschakeld,60,Hatchback,Geel
02f5460f297f57b3,2026-05-30T06:00:02.563948,2026-06-05T06:02:04.165036,Peugeot 107 - 1.0 Première Airco (APK:Nieuw) Incl.Garantie,Peugeot,107,2012,4745,119000,Benzine,Handgeschakeld,50,Hatchback,Zwart
848e085d346afbb0,2026-05-30T06:00:02.567642,2026-06-05T06:02:04.168599,Peugeot 2008 - 1.2 VTi Allure | Panoramadak | Parkeersensoren | Cruise Cont,Peugeot,2008,2013,5400,115614,Benzine,Handgeschakeld,60,SUV / Terreinwagen,Zwart
41ae93650cba7ea2,2026-05-30T06:00:02.568562,2026-07-08T06:08:02.199367,Kia Venga - 1.4 CVVT X-tra,Kia,Venga,2012,5745,138470,Benzine,Handgeschakeld,66,MPV,Zwart
e47fdeda0e9dcb4d,2026-05-30T06:00:02.576531,2026-06-11T06:01:54.675524,Suzuki Alto - 1.0 CELEBRATION EASSS <| AIRCO | 14'' LM VELGEN | ELEKTRISCH,Suzuki,Alto,2014,5700,54544,Benzine,Handgeschakeld,50,Hatchback,Blauw
c9297b7d8cb23694,2026-05-30T06:00:02.577798,2026-06-23T06:01:55.593947,Ford Fiesta - 1.25 TITANIUM-uitv|CLIMA AIRCO|LM-VELGEN|ISOFIX|VOICE CONTRO,Ford,Fiesta,2009,4750,108234,Benzine,Handgeschakeld,60,Hatchback,Rood
356a07a6177fda5b,2026-05-30T06:00:02.579632,2026-07-25T06:05:44.049153,Citroën C1 - 1.0 E-VTI AIRS COOL,Citroën,C1,2014,5950,145149,Benzine,Handgeschakeld,51,Hatchback,Grijs
498f23ab0b1fc923,2026-05-30T06:00:02.582682,2026-06-26T06:01:54.889673,Ford Fiesta - 1.6 Titanium met AppleCarPlay! Nwe riem,Ford,Fiesta,2009,5595,157813,Benzine,Handgeschakeld,88,Hatchback,Zwart
85bc1c4b6c71e8f0,2026-05-30T06:00:02.585557,2026-06-06T06:01:54.803115,Suzuki Alto - 1.0 68 pk Exclusive | Airco | Centrale vergr. + afst. bed. |,Suzuki,Alto,2012,4740,108437,Benzine,Handgeschakeld,50,Hatchback,Bruin
3ea0d40e63163f39,2026-05-30T06:00:02.588271,2026-05-31T06:01:55.428215,Hyundai i20 - 1.4i i-Catcher | Airco | Radio,Hyundai,i20,2010,4900,96722,Benzine,Handgeschakeld,74,Hatchback,Grijs
77c6f31bbd27ee67,2026-05-30T06:00:02.590830,2026-07-03T06:01:55.428050,Suzuki Celerio - 1.0 COMFORT,Suzuki,Celerio,2016,5950,124595,Benzine,Handgeschakeld,50,Hatchback,Blauw
b0f1a694130fd933,2026-05-31T06:00:02.235254,2026-06-26T06:01:54.880606,Ford Fiesta - 1.25 TREND-uitv|CLIMA AIRCO|LM-VELGEN|ISOFIX|VOICE CONTROL|U,Ford,Fiesta,2012,5950,101245,Benzine,Handgeschakeld,60,Hatchback,Wit
04b27443fa73abf3,2026-05-31T06:00:02.236818,2026-05-31T06:01:55.420384,Ford Fiesta - 1.0 EcoBoost Titanium navigatie,Ford,Fiesta,2014,5950,110813,Benzine,Handgeschakeld,93,Hatchback,Rood
61da5006e431095a,2026-05-31T06:00:02.237467,2026-05-31T06:01:55.421042,Peugeot 308 - 1.2 PureTech Active TREKHAAK NAVI CRUISE NAP 2xPDC CLIMA,Peugeot,308,2014,5945,151829,Benzine,Handgeschakeld,96,Hatchback,Grijs
da3771cb23fbd195,2026-05-31T06:00:02.241766,2026-07-29T06:02:56.256831,Opel Agila - 1.0 Edition/Airco/Lm velgen/Donker glas/Hele nette auto/Slec,Opel,Agila,2011,5950,89771,Benzine,Handgeschakeld,50,Hatchback,Blauw
cb381d74c6437c47,2026-05-31T06:00:02.242062,2026-05-31T06:01:55.425964,Kia Picanto - 1.2 CVVT ISG Comfort Pack // 99.000 km // AIRCO // TREKHAAK,Kia,Picanto,2014,5450,99538,Benzine,Handgeschakeld,63,Hatchback,Grijs
f170e9aa28e7e511,2026-05-31T06:00:02.246408,2026-06-07T06:01:55.423354,Renault Twingo - 1.2-16V Dynamique AUTOMAAT airco trekhaak ALLINPRIJS,Renault,Twingo,2009,4950,143113,Benzine,Automaat,56,Hatchback,Geel
1d452aab1593204a,2026-05-31T06:00:02.247941,2026-06-15T06:01:55.458252,Ford Focus - Titanium Electric | Cruise Control | Navigatie | Climate Con,Ford,Focus,2013,5900,88398,Elektrisch,Automaat,107,Hatchback,Groen
7afeaa21cd582624,2026-05-31T06:00:02.248862,2026-07-24T06:03:55.129161,Fiat Panda - 0.9 TwinAir Edizione Cool AIRCO / ELEKT RAMEN / NAP,Fiat,Panda,2014,4695,86720,Benzine,Handgeschakeld,48,Hatchback,Grijs
d4a95ca380930837,2026-05-31T06:00:02.249501,2026-06-29T06:01:55.194818,Ford C-Max - 1.6 Titanium | Park pilot | Airco | Cruise control | Voorrui,Ford,C-Max,2011,5900,143239,Benzine,Handgeschakeld,93,MPV,Zwart
1fdcef243042155a,2026-05-31T06:00:02.256698,2026-07-22T06:02:57.423642,Peugeot Expert - 229 2.0 HDI L2H1 Profit+ 3 persoons 130 PK,Peugeot,Expert,2014,5980,126382,Diesel,Handgeschakeld,94,,Wit
5408eefad2b86167,2026-05-31T06:00:02.261407,2026-05-31T06:01:55.444147,Skoda Citigo - 1.0 Grt. Arctic,Skoda,Citigo,2013,5950,140241,Benzine,Handgeschakeld,44,Hatchback,Blauw
4d2cbe007030abea,2026-05-31T06:00:02.261725,2026-06-04T06:01:54.735251,Peugeot 208 - 1.4 VTi Active 2014 89000KM [POSTCODE],Peugeot,208,2012,4995,89293,Benzine,Handgeschakeld,70,Hatchback,Grijs
4a2b56030b5e3c46,2026-05-31T06:00:02.262035,2026-06-06T06:01:54.803740,Renault Grand Modus - 1.2 TCE Exception airco lage km nieuwe distributie ALLINPRIJ,Renault,Grand,2011,4950,101155,Benzine,Handgeschakeld,74,MPV,Blauw
b737cdadb084081d,2026-05-31T06:00:02.262684,2026-05-31T06:01:55.445369,Peugeot 307 - CC 2.0-16V (12 mnd BOVAG garantie),Peugeot,307,2007,4995,90464,Benzine,Automaat,103,Cabriolet,Zwart
2e1cbd09cd095751,2026-05-31T06:00:02.263908,2026-07-30T06:02:36.855478,Seat Mii - 1.0 Style Sport | CRUISE CONTROL | AIRCO | NAVIGATIE | BLEUT,Seat,Mii,2012,5439,86495,Benzine,Handgeschakeld,44,Hatchback,Rood
ff147da2095b3bf5,2026-05-31T06:00:02.264219,2026-07-29T06:02:56.396631,Fiat 500 - 0.9 TwinAir 500S - ORGINEEL NEDERLANDSE AUTO - EERSTE EIGENA,Fiat,500,2013,5950,128294,Benzine,Handgeschakeld,63,Hatchback,Zwart
8c9ae898887a0ad5,2026-06-01T06:00:02.949452,2026-06-01T06:01:55.891141,Volkswagen Polo - 1.4-16V Highline 3-deurs NAP Airco/Cruise,Volkswagen,Polo,2010,5950,141013,Benzine,Handgeschakeld,63,Hatchback,Grijs
f15a0b7be96a7e5b,2026-06-01T06:00:02.949790,2026-07-23T06:04:19.542856,Opel Agila - 1.2 Edition Airco trekhaak,Opel,Agila,2012,5450,102609,Benzine,Handgeschakeld,69,Hatchback,Zwart
c03d1370dd06cd03,2026-06-01T06:00:02.951039,2026-06-13T06:01:54.169874,"Skoda Citigo - 1.0 Greentech Ambition , Airco, Navi, Cruise, Stoelverwarmin",Skoda,Citigo,2013,5750,96725,Benzine,Handgeschakeld,55,Hatchback,Zwart
21f3ec411a8993fa,2026-06-01T06:00:02.954458,2026-06-02T06:01:56.867028,"Ford Fiesta - 1.25 Limited Sport (AIRCO, LAGE KILOMETERSTAND, ELEKTRISCH P",Ford,Fiesta,2012,4745,90652,Benzine,Handgeschakeld,44,Hatchback,Blauw
6886982c0217f895,2026-06-01T06:00:02.956321,2026-07-09T06:03:57.549504,Daihatsu Sirion - 2 1.3-16V Prestige / Airco / Automaat / Trekhaak,Daihatsu,Sirion,2008,5500,126807,Benzine,Automaat,68,Hatchback,Beige
b3ccc6a6b7369a87,2026-06-01T06:00:02.961307,2026-06-01T06:01:55.902576,Peugeot 208 - 1.2 PureTech Active,Peugeot,208,2017,5450,147946,Benzine,Handgeschakeld,60,Hatchback,Zwart
ae18f28f4b6215c0,2026-06-01T06:00:02.962862,2026-06-20T06:01:55.587838,Ford Ka - 1.2 Titanium X start/stop Clima|Stoelverw|LMV,Ford,Ka,2015,5750,108999,Benzine,Handgeschakeld,51,Hatchback,Grijs
a43e3aee939bb9c8,2026-06-01T06:00:02.965985,2026-06-01T06:01:55.907082,Volkswagen Up! - 1.0 high up! BlueMotion - NL- Auto!! Radio-CD,Volkswagen,Up!,2012,5450,84095,Benzine,Handgeschakeld,44,Hatchback,Zwart
e5972b0b076e6c37,2026-06-01T06:00:02.970016,2026-07-27T06:11:07.675336,"Volkswagen Caddy - 1.6 TDI Economy Baseline AIRCO, 2 EIGENAAR , NAP",Volkswagen,Caddy,2014,5950,134201,Diesel,Handgeschakeld,55,,Wit
e60596489cefae24,2026-06-01T06:00:02.970947,2026-06-20T06:01:55.577120,Renault Twingo - 1.2 16V 75pk Parisienne Airco Bluetooth LM Velgen Dakspoiler,Renault,Twingo,2014,4900,76565,Benzine,Handgeschakeld,55,Hatchback,Zwart
c76c9f7680e651c1,2026-06-01T06:00:02.973771,2026-07-21T06:04:37.030225,Fiat 500 - E-Classic - Super aanbieding / Summersale,Fiat,500,2014,5950,139345,Elektrisch,Automaat,,Hatchback,Wit
f5ff10c8c01151f6,2026-06-01T06:00:02.974681,2026-06-01T06:01:55.915347,Kia Picanto - 1.0 CVVT Comfort Pack | Airco | 5-Deurs | 6 maanden garantie,Kia,Picanto,2012,5450,125985,Benzine,Handgeschakeld,51,Hatchback,Grijs
8971d8630cb352e3,2026-06-01T06:00:02.976523,2026-06-04T06:01:54.758440,"Opel Agila - 1.2 Berlin apk tot 1 april 2027.airco, trekhaak",Opel,Agila,2014,5250,125705,Benzine,Handgeschakeld,69,Hatchback,Rood
244659735166bc44,2026-06-01T06:00:02.977796,2026-06-01T06:01:55.918345,Skoda Citigo - 1.0 Greentech Sport | Navigatie | Elek Ramen | Airco | Radio,Skoda,Citigo,2014,5999,112341,Benzine,Handgeschakeld,44,Hatchback,Zwart
c19770881bc965fe,2026-06-02T06:00:02.813541,2026-06-02T06:01:56.851645,Fiat Punto - 1.4-16V | 135 PK | LEDER | STOELV | CLIMATE | CRUISE | 5-DRS,Fiat,Punto,2010,4999,152282,Benzine,Handgeschakeld,99,Hatchback,Zwart
7e231fb18f1fa68d,2026-06-02T06:00:02.813853,2026-07-28T06:03:31.311837,Kia Rio - 1.2 CVVT Comfort Pack 5-drs Airco|1e Eigenaar,Kia,Rio,2012,4650,157966,Benzine,Handgeschakeld,63,Hatchback,Rood
f081d08c26b2f358,2026-06-02T06:00:02.819518,2026-06-02T06:01:56.857410,Opel Astra - 1.4 Turbo Sport,Opel,Astra,2011,4900,110875,Benzine,Handgeschakeld,104,Hatchback,Zwart
90e2971a7837d876,2026-06-02T06:00:02.822603,2026-06-03T06:01:54.643060,Mazda 2 - 1.3 Silver Edition AIRCO NAVI PDC ZEER NETTE AUTO APK,Mazda,2,2014,4995,127618,Benzine,Handgeschakeld,62,Hatchback,Zwart
55be9fd82d15e596,2026-06-02T06:00:02.833556,2026-07-23T06:04:19.379490,Mazda 2 - 1.3 TS Airco (APK:Nieuw) Incl.Garantie,Mazda,2,2010,5845,135000,Benzine,Handgeschakeld,55,Hatchback,Zwart
667c588130e863ae,2026-06-02T06:00:02.836661,2026-06-07T06:01:55.441409,Mitsubishi Space Star - 1.0 Bright AIRCO APK T/M 3-6-2027,Mitsubishi,Space,2016,5499,102038,Benzine,Handgeschakeld,52,Hatchback,Zwart
5b02a8b93a09bf54,2026-06-02T06:00:02.837609,2026-07-05T06:01:55.101720,Citroën C1 - 1.0 E-VTI FEEL,Citroën,C1,2014,5250,124116,Benzine,Handgeschakeld,51,Hatchback,Zwart
ee401b4e5578c2fc,2026-06-02T06:00:02.837906,2026-07-27T06:11:07.655859,"Toyota Aygo - 1.0 12V VVT-I 5DRS MMT Plus, AUTOMAAT",Toyota,Aygo,2008,4995,120941,Benzine,Automaat,50,Hatchback,Blauw
740fc5ec452eb728,2026-06-02T06:00:02.838526,2026-06-02T06:01:56.877919,Fiat 500 - 1.0 TwinAir Lounge,Fiat,500,2013,4950,105909,Benzine,Handgeschakeld,48,Hatchback,Geel
b3ac5a9166fbc21c,2026-06-02T06:00:02.839746,2026-06-02T06:01:56.879390,Peugeot 107 - 1.0 68pk 5-drs XS,Peugeot,107,2011,4835,75642,Benzine,Handgeschakeld,50,Hatchback,Blauw
87946ddd975e0898,2026-06-02T06:00:02.840054,2026-07-01T06:01:54.769927,"Volkswagen Up! - 1.0 move up! Stoelverwarming, airco",Volkswagen,Up!,2012,5850,122173,Benzine,Handgeschakeld,44,Hatchback,Zwart
e6f10e4253369ad1,2026-06-02T06:00:02.840359,2026-07-01T06:01:54.771152,Citroën C1 - 1.0 e-VTi Airscape Feel Edition Weinig KM.!|Airco|5DRS|BEURT,Citroën,C1,2014,5499,79593,Benzine,Handgeschakeld,51,Hatchback,Rood
7260c0242d64f2ee,2026-06-02T06:00:02.842562,2026-06-02T06:01:56.882609,Ford Focus - 1.0 EcoBoost Edition 100pk Wagon,Ford,Focus,2013,5995,98002,Benzine,Handgeschakeld,74,,Bruin
9a003b73a2db8bf7,2026-06-03T06:00:02.133594,2026-06-03T06:01:54.636112,Hyundai H 300 - 2.5 CRDi Dynamic,Hyundai,H,2009,4500,156001,Diesel,Handgeschakeld,125,,
9a0abc320c2fd238,2026-06-03T06:00:02.135426,2026-06-23T06:01:55.597854,Mazda 2 - 1.3 GT-M Line,Mazda,2,2012,5950,148228,Benzine,Handgeschakeld,62,Hatchback,Blauw
9f82fda6759b29de,2026-06-03T06:00:02.138501,2026-06-03T06:01:54.640859,Toyota Yaris - 1.0 VVT-i Comfort,Toyota,Yaris,2012,5250,90253,Benzine,Handgeschakeld,51,Hatchback,Grijs
ded261dddc172c6e,2026-06-03T06:00:02.145079,2026-06-03T06:01:54.647225,Mitsubishi Colt - 1.3 Edition Two | AUTOMAAT | TREKHAAK | 12 MAANDEN BOVAG GAR,Mitsubishi,Colt,2010,5940,122835,Benzine,Automaat,70,Hatchback,Grijs
ef1a62c1c267d9a4,2026-06-03T06:00:02.146617,2026-06-03T06:01:54.648717,Suzuki Celerio - 1.0 68PK Start/Stop Comfort I Airco,Suzuki,Celerio,2015,5940,81440,Benzine,Handgeschakeld,50,Hatchback,Grijs
f0898ae464ee10b5,2026-06-03T06:00:02.146934,2026-06-03T06:01:54.649028,Hyundai i10 - 1.0i i-Drive | 5drs. |,Hyundai,i10,2017,5950,73724,Benzine,Handgeschakeld,49,Hatchback,Grijs
8a755e0f670bde29,2026-06-03T06:00:02.152186,2026-06-15T06:01:55.470940,Peugeot 208 - 1.2 VTi Envy / Trekhaak,Peugeot,208,2014,5900,138398,Benzine,Handgeschakeld,60,Hatchback,Zwart
1da3f3946566a86c,2026-06-04T06:00:02.657461,2026-06-06T06:01:54.793687,Opel Karl - 1.0 ecoFLEX Edition 5-drs Airco|Cruise,Opel,Karl,2018,5950,144602,Benzine,Handgeschakeld,55,Hatchback,Rood
a2a8961513e754c8,2026-06-04T06:00:02.663441,2026-06-24T06:01:55.224124,Opel Agila - 1.0 12V / Airco / Hoge in/uit-stap / 4 seizoensbanden,Opel,Agila,2014,4850,111974,Benzine,Handgeschakeld,50,Hatchback,Grijs
d8d0445426d094c5,2026-06-04T06:00:02.666199,2026-06-05T06:02:04.175291,"Peugeot 3008 - 1.6 THP GT, 1e EIGENAAR!, trekhaak, Pano dak, All season ban",Peugeot,3008,2011,5500,152761,Benzine,Automaat,115,MPV,Grijs
e3e14f406be10b50,2026-06-04T06:00:02.668222,2026-06-27T06:01:55.272302,Renault Mégane - Estate 1.2 TCe 5DRS Bose ECC NAVI CRUISE LMV TR.HAAK NAP,Renault,Mégane,2013,5750,146884,Benzine,Handgeschakeld,85,,Zwart
d54bf081619666a5,2026-06-04T06:00:02.670676,2026-07-27T06:11:07.753032,Peugeot 108 - 1.0 e-VTi Access,Peugeot,108,2018,5499,112644,Benzine,Handgeschakeld,51,Hatchback,Wit
8f24441ecb9c8609,2026-06-04T06:00:02.674280,2026-06-06T06:01:54.796312,Mercedes-Benz A-klasse - 160 BlueEFFICIENCY Business Class Airco|Radio/CD|Trekhaak,Mercedes-Benz,A-klasse,2012,5450,114877,Benzine,Handgeschakeld,70,MPV,Grijs
4b15ee1859cce58f,2026-06-04T06:00:02.675002,2026-06-25T06:01:55.010136,Smart ForTwo - 1.0 Passion / Zeer nette auto/ APK november 2026,Smart,ForTwo,2018,4999,100761,Benzine,Handgeschakeld,52,Hatchback,Rood
a28358ba6337a47f,2026-06-04T06:00:02.675701,2026-06-18T06:01:54.914667,Opel Agila - 1.2 Enjoy 5-drs Aut. Airco|LMV,Opel,Agila,2009,5750,83136,Benzine,Automaat,63,Hatchback,Grijs
9527ec66f8e89e5e,2026-06-04T06:00:02.677911,2026-07-22T06:02:57.423970,Seat Mii - 1.0 Reference | Airco | Parrot Carkit | LM Velgen |,Seat,Mii,2013,5440,100800,Benzine,Handgeschakeld,44,Hatchback,Rood
1794baff16f1db3a,2026-06-04T06:00:02.685776,2026-06-16T06:01:56.178470,Citroën C4 Cactus - 1.2 PureTech Feel | Incl. 12 maanden garantie | Nieuwe distr,Citroën,C4,2015,5950,149280,Benzine,Handgeschakeld,60,SUV / Terreinwagen,Wit
78cf376741369db0,2026-06-04T06:00:02.686097,2026-07-14T06:02:01.118398,Volkswagen Up! - 1.0 move up! Airco,Volkswagen,Up!,2011,4650,131357,Benzine,Handgeschakeld,44,Hatchback,Rood
9afe586b6ca0a328,2026-06-04T06:00:02.688256,2026-06-04T06:01:54.760220,Toyota Aygo - 1.0 VVT-i x / CRUISE / AIRCO,Toyota,Aygo,2019,5995,106990,Benzine,Handgeschakeld,53,Hatchback,Wit
26b1dc3833eacd3b,2026-06-04T06:00:02.688555,2026-06-05T06:02:04.164420,Toyota Aygo - 1.0 VVT-i Navigator.,Toyota,Aygo,2013,5950,91534,Benzine,Handgeschakeld,50,Hatchback,Zwart
813b2d3c2ca77fab,2026-06-04T06:00:02.689509,2026-07-29T06:02:56.138594,Opel Agila - 1.0 Berlin 5-drs *71.590km!* Airco|LMV,Opel,Agila,2014,5250,71589,Benzine,Handgeschakeld,50,Hatchback,Grijs
d395f1f2fa2642e0,2026-06-05T06:00:02.942428,2026-07-25T06:05:44.092183,Opel Astra - Sports Tourer 1.4 Turbo Edition|NL AUTO|TREKHAAK|NAVI|GOED O,Opel,Astra,2015,5740,156430,Benzine,Handgeschakeld,103,,Grijs
9ca1e767585c7318,2026-06-05T06:00:02.942756,2026-07-30T06:02:37.001718,Opel Agila - 1.0 Essentia lm velgen,Opel,Agila,2009,4950,99075,Benzine,Handgeschakeld,48,Hatchback,Grijs
645c8911f622494a,2026-06-05T06:00:02.944388,2026-07-01T06:01:54.760519,Opel Agila - 1.0 Berlin 5-drs Airco|LMV,Opel,Agila,2014,5450,58356,Benzine,Handgeschakeld,50,Hatchback,Grijs
f3253d86ba97ddba,2026-06-05T06:00:02.946868,2026-06-06T06:01:54.801226,Volkswagen Polo - 1.2 TDI Comfortline | Zeer zuinig! | Airco|1e Eig!|Cruise|LM,Volkswagen,Polo,2011,5750,103137,Diesel,Handgeschakeld,55,Hatchback,Blauw
38f183ff7b0e45b5,2026-06-05T06:00:02.947174,2026-06-05T06:02:04.168007,Hyundai i10 - 1.2 i-Catcher | Airco | Elektrische ramen | LM velgen | AUX,Hyundai,i10,2013,5900,94116,Benzine,Handgeschakeld,62,Hatchback,Grijs
92187f35d441e647,2026-06-05T06:00:02.950242,2026-06-08T06:01:54.467607,Fiat 500 - 1.2 Pop (12 mnd BOVAG-garantie),Fiat,500,2012,5495,87544,Benzine,Handgeschakeld,51,Hatchback,Rood
e6e5987c43850c41,2026-06-05T06:00:02.952422,2026-06-15T06:01:55.465858,Seat Mii - 1.0 Chill Out,Seat,Mii,2013,5450,128183,Benzine,Handgeschakeld,55,Hatchback,Wit
712c9f36afda7c8b,2026-06-05T06:00:02.955823,2026-06-10T06:01:55.366114,Mitsubishi Colt - 1.1 Edition One 5-drs Airco,Mitsubishi,Colt,2011,4750,139009,Benzine,Handgeschakeld,55,Hatchback,Grijs
fe186d92783a5421,2026-06-05T06:00:02.957668,2026-07-07T06:04:00.967002,Suzuki Alto - 1.0 Comfort Plus Airco 56.000 km,Suzuki,Alto,2011,4950,56498,Benzine,Handgeschakeld,50,Hatchback,Grijs
5db1055dbb40a6e8,2026-06-05T06:00:02.958280,2026-06-05T06:02:04.178948,Peugeot 107 - 1.0 Access Accent | NAP | Airco | LM - Velgen,Peugeot,107,2014,4995,62942,Benzine,Handgeschakeld,50,Hatchback,Wit
bff80943df9c55e1,2026-06-05T06:00:02.958893,2026-07-30T06:02:37.027796,Peugeot 2008 - 1.2 Active / Distributieriem Vervangen / NL Auto / Navigatie,Peugeot,2008,2013,5850,140413,Benzine,Handgeschakeld,60,SUV / Terreinwagen,Zwart
7d34e3129f46a8b3,2026-06-05T06:00:02.962597,2026-06-05T06:02:04.183107,Toyota Aygo - 1.0-12V Comfort | Airco | Automaat | Centrale deurvergrendel,Toyota,Aygo,2009,5555,112186,Benzine,Automaat,50,Hatchback,Zwart
20de8392e4ea1371,2026-06-05T06:00:02.962902,2026-07-15T06:02:31.079080,Opel Agila - 1.0 Berlin 5-drs Airco|LMV,Opel,Agila,2014,4650,107636,Benzine,Handgeschakeld,50,Hatchback,Zwart
64b72ed59ca06dd9,2026-06-05T06:00:02.964736,2026-06-15T06:01:55.486072,Renault Mégane - Estate 1.2 TCe Bose|Camera|keyless|Trekhaak,Renault,Mégane,2012,5899,122775,Benzine,Handgeschakeld,85,,Grijs
0cbd58b72c285615,2026-06-05T06:00:02.965366,2026-06-11T06:01:54.680715,Opel Astra - COSMO 1.6,Opel,Astra,2009,4950,131528,Benzine,Handgeschakeld,85,Hatchback,Grijs
71206ee7d9fd70a9,2026-06-05T06:00:02.966525,2026-06-05T06:02:04.186910,Kia Ceed - Cee'd 1.4 CVVT Seven Business CLIMATE | CRUISE | 1e EIGENAAR,Kia,Ceed,2010,4749,158831,Benzine,Handgeschakeld,66,Hatchback,Grijs
24c65b811ffe2371,2026-06-06T06:00:02.949635,2026-07-26T06:04:06.739655,"Toyota Aygo - 1.0 VVT-i Navigator. Leder, Stoelverwarming & Airco",Toyota,Aygo,2013,5950,91535,Benzine,Handgeschakeld,50,Hatchback,Zwart
6b7edcd5be84e147,2026-06-06T06:00:02.950612,2026-06-26T06:01:54.875272,Nissan Qashqai - 2.0 Acenta|18inch velgen|PANORAMADAK,Nissan,Qashqai,2011,5750,143052,Benzine,Handgeschakeld,104,SUV / Terreinwagen,Grijs
24d2e2c345febd04,2026-06-06T06:00:02.951247,2026-07-07T06:04:00.603539,Mitsubishi Colt - 1.3 Edition Two | Trekhaak,Mitsubishi,Colt,2013,5895,116285,Benzine,Handgeschakeld,70,Hatchback,Grijs
969996cb6e5694d9,2026-06-06T06:00:02.954684,2026-07-30T06:02:37.028108,Opel Agila - 1.0 Edition 5-drs *50.230km!* Airco|LMV,Opel,Agila,2013,4950,50231,Benzine,Handgeschakeld,50,Hatchback,Groen
a2e0b79771dfea31,2026-06-06T06:00:02.957118,2026-06-08T06:01:54.450456,Peugeot 308 - 1.2 PureTech Allure,Peugeot,308,2015,5950,147124,Benzine,Handgeschakeld,81,Hatchback,Zwart
5507735dbea12248,2026-06-06T06:00:02.958037,2026-06-08T06:01:54.466732,Opel Agila - 1.0 Berlin | Airco | Lichtmetalen Velgen | All Season Banden,Opel,Agila,2014,5940,71037,Benzine,Handgeschakeld,50,Hatchback,Zwart
7bbac2351c23ad40,2026-06-06T06:00:02.963331,2026-07-11T06:04:01.302782,Renault Clio - Estate 1.2 TCE 20th Anniversary - MEENEEMPRIJS! - Airco - Cl,Renault,Clio,2010,4950,140383,Benzine,Handgeschakeld,74,,Grijs
807d5b14cd4e8a02,2026-06-06T06:00:02.963640,2026-06-08T06:01:54.449015,Mercedes-Benz B-klasse - 170 5drs. automaat 2007 99000km [POSTCODE],Mercedes-Benz,B-klasse,2007,4995,99903,Benzine,Automaat,,MPV,Grijs
d59df3dd257cb7dc,2026-06-06T06:00:02.967286,2026-07-21T06:04:37.077442,Kia Picanto - 1.0 CVVT ComfortLine | Airco |,Kia,Picanto,2015,5445,159159,Benzine,Handgeschakeld,48,Hatchback,Wit
38c382a43bebebf9,2026-06-06T06:00:02.972559,2026-07-29T06:02:56.283128,Peugeot 107 - 1.0-12V Urban Move | Airco | Radio/AUX/CD-speler | Elektrisc,Peugeot,107,2010,4950,100667,Benzine,Handgeschakeld,50,Hatchback,Grijs
27234311994e8cd7,2026-06-06T06:00:02.972864,2026-07-30T06:02:36.879581,Volvo V40 - 2.0 Sports Edition NAP Origineel NL Airco/Cruise,Volvo,V40,2008,5950,148310,Benzine,Handgeschakeld,100,,Zwart
4d63614162e2b1d8,2026-06-06T06:00:02.974110,2026-06-17T06:01:54.872909,"Mazda 2 - 1.3 GT-M Line Clima, Cruise",Mazda,2,2011,5950,137520,Benzine,Handgeschakeld,62,Hatchback,Grijs
d66cf257e9c371e5,2026-06-06T06:00:02.975355,2026-06-29T06:01:55.186174,"Suzuki Alto - 1.0 Exclusive, Airco",Suzuki,Alto,2012,4750,118167,Benzine,Handgeschakeld,50,Hatchback,Wit
13ae61b8cdfcdeea,2026-06-07T06:00:02.860050,2026-06-27T06:01:55.272593,Fiat 500C - 0.9 TwinAir Lounge | Cruise Control | PDC | Climate Control,Fiat,500C,2011,5495,126067,Benzine,Handgeschakeld,63,Cabriolet,Blauw
ca3d6278156e7305,2026-06-07T06:00:02.861700,2026-07-29T06:02:56.116384,Seat Mii - 1.0 Style Chic | Airco | 5 deurs | Radio,Seat,Mii,2013,5995,127041,Benzine,Handgeschakeld,44,Hatchback,Wit
983e231a5a3a234c,2026-06-07T06:00:02.865772,2026-06-14T06:01:55.017227,Citroën C1 - PureTech Shine Keyless|Camera|Stoelver|Airco,Citroën,C1,2016,5995,81793,Benzine,Handgeschakeld,60,Hatchback,Blauw
aa3dc138be9c43e8,2026-06-07T06:00:02.869474,2026-06-07T06:01:55.426594,"Hyundai i10 - 1.0i i-Drive 5-drs *87, 500km",Hyundai,i10,2014,5250,87454,Benzine,Handgeschakeld,49,Hatchback,Zwart
cdfb226a2c62e6f4,2026-06-07T06:00:02.870695,2026-06-09T06:01:54.689086,Mitsubishi Space Star - 1.0 Cool+,Mitsubishi,Space,2016,5950,147122,Benzine,Handgeschakeld,52,Hatchback,Wit
1675f8c38d34539f,2026-06-07T06:00:02.872548,2026-07-02T06:01:54.845920,Nissan Juke - 1.6 Acenta // NAVI // CRUISE CONTROL // CLIMA // PARKEERCAME,Nissan,Juke,2011,5445,153796,Benzine,Handgeschakeld,86,SUV / Terreinwagen,Rood
f1c6fba6688097e7,2026-06-07T06:00:02.873199,2026-06-10T06:01:55.374449,Mitsubishi Colt - 1.5 Intense/trekhaak/lage KM stand,Mitsubishi,Colt,2010,5450,108151,Benzine,Handgeschakeld,80,Hatchback,Grijs
d7e02dc98d3f98bd,2026-06-07T06:00:02.873499,2026-07-24T06:03:55.272034,Opel Corsa - 1.4-16V Cosmo | AUTOMAAT | PDC | AIRCO | 2E EIGENAAR |,Opel,Corsa,2007,5950,106060,Benzine,Automaat,66,Hatchback,Blauw
3134370aaa60d185,2026-06-07T06:00:02.873812,2026-06-12T06:01:55.854476,Smart ForFour - 1.0 Prime | Cruise Control | Navigatie | leder | Stoelverwar,Smart,ForFour,2015,5950,118011,Benzine,Handgeschakeld,52,Hatchback,Bruin
2584fc1a1a65bbd8,2026-06-07T06:00:02.874419,2026-06-25T06:01:54.996379,Opel Meriva - 1.4 Selection,Opel,Meriva,2011,4750,142200,Benzine,Handgeschakeld,74,MPV,Bruin
7599817537845b1b,2026-06-07T06:00:02.879036,2026-06-25T06:01:55.014728,Opel Astra - TwinTop 1.8 Temptation|Airco|Leder|Bluetooth|PDC|,Opel,Astra,2007,4995,110020,Benzine,Handgeschakeld,103,Cabriolet,Grijs
faa48fab6a50de3d,2026-06-07T06:00:02.880501,2026-07-30T06:02:37.001096,Peugeot 208 - 1.2 PureTech Blue Lease Allure WINTERSET/GOED-ONDERHOUDEN/NA,Peugeot,208,2019,5950,135051,Benzine,Handgeschakeld,81,Hatchback,Blauw
452fb637cc683ce2,2026-06-07T06:00:02.880796,2026-06-07T06:01:55.437553,Toyota Yaris - 1.3 VVT-i COMFORT 5-DEURS AIRCO TREKHAAK METALLIC-LAK NL-AUT,Toyota,Yaris,2010,5900,93824,Benzine,Handgeschakeld,74,Hatchback,Grijs
bd4b14d8f0ff3c9d,2026-06-07T06:00:02.883642,2026-06-11T06:01:54.648423,Ford Ka - 1.2 COMFORT S/S GOED ONDERHOUDEN,Ford,Ka,2011,4850,118760,Benzine,Handgeschakeld,51,Hatchback,Wit
1c8faf7fa20b7533,2026-06-07T06:00:02.883946,2026-07-05T06:01:55.104424,Citroën C3 Picasso - 1.4VTi |Pano|Navi|Cruise|Bluetooth|PDC,Citroën,C3,2013,4890,159244,Benzine,Handgeschakeld,70,MPV,Grijs
8b49da2b37e91059,2026-06-07T06:00:02.884254,2026-07-03T06:01:55.451264,Fiat 500 - TWINAIR LOUNGE | OUTLETDEAL! | AIRCO | BLUETOOTH | PDC | 16',Fiat,500,2013,5899,90379,Benzine,Handgeschakeld,63,Hatchback,Wit
a75a1f43dec625f2,2026-06-07T06:00:02.885203,2026-06-18T06:01:54.930933,Hyundai i10 - 1.0I PRIVATE LEASE,Hyundai,i10,2017,5950,106844,Benzine,Handgeschakeld,49,Hatchback,Wit
32438b2410dd14dd,2026-06-07T06:00:02.885507,2026-07-15T06:02:31.151803,Opel Meriva - 1.6-16V Cosmo Aut. Navi|Clima|LMV,Opel,Meriva,2010,5450,88917,Benzine,Automaat,77,MPV,Blauw
0abbde79b764b6c1,2026-06-07T06:00:02.886435,2026-06-24T06:01:55.216690,Renault Laguna - 2.0 Expression Navi|Clima|Half Leder|LMV,Renault,Laguna,2011,5950,123977,Benzine,Handgeschakeld,103,Hatchback,Zwart
95b4556aae6eca14,2026-06-07T06:00:02.887972,2026-06-07T06:01:55.444407,"Peugeot 108 - 1.0 e-VTi Active |Airco, ElekPakket, NAP|",Peugeot,108,2016,5995,144596,Benzine,Handgeschakeld,51,Hatchback,Zwart
97414d2765389c5d,2026-06-07T06:00:02.888589,2026-07-09T06:03:57.535098,Citroën C1 - 1.0 e-VTi Selection // LED // AIRCO // ELEK. RAMEN // BLUETO,Citroën,C1,2017,5945,84996,Benzine,Handgeschakeld,51,Hatchback,Grijs
d6be10e97812fa52,2026-06-08T06:00:02.490972,2026-06-08T06:01:54.447807,Peugeot 3008 - 1.6 VTi Trekhaak/Panoramadak/Ecc/Lmv/Cruise MEENEEMPRIJS inc,Peugeot,3008,2012,4500,141684,Benzine,Handgeschakeld,88,MPV,Grijs
7d0459d7a140d3e5,2026-06-08T06:00:02.494049,2026-07-27T06:11:07.734097,Toyota Aygo - 1.0-12V Sport 5-drs Aut. Airco|LMV,Toyota,Aygo,2008,5250,91032,Benzine,Automaat,50,Hatchback,Blauw
f7787a6ff01c7171,2026-06-08T06:00:02.495250,2026-07-21T06:04:37.207675,Kia Venga - 1.4 CVVT X-tra [ Airco Trekhaak Radio ],Kia,Venga,2012,4909,152714,Benzine,Handgeschakeld,66,MPV,Wit
2394308f7368ba7f,2026-06-08T06:00:02.496138,2026-06-11T06:01:54.657939,Opel Corsa - 1.2 16V 86PK 5DEURS BERLIN Trekhaak | Airco | Cruise | Audio,Opel,Corsa,2013,5900,113173,Benzine,Handgeschakeld,63,Hatchback,Blauw
279c2e256d807060,2026-06-08T06:00:02.496460,2026-06-23T06:01:55.605107,Kia Picanto - 1.0 CVVT ISG Comfort Pack,Kia,Picanto,2014,5950,98907,Benzine,Handgeschakeld,51,Hatchback,Grijs
e6befd246d133c33,2026-06-08T06:00:02.497385,2026-06-15T06:01:55.479098,Kia Picanto - 1.0 CVVT ComfortLine | AIRCO |,Kia,Picanto,2015,5900,121829,Benzine,Handgeschakeld,51,Hatchback,Wit
f2b7f57793eeeec0,2026-06-08T06:00:02.498346,2026-06-10T06:01:55.365229,Kia Rio - 1.2 CVVT Plus Pack,Kia,Rio,2012,5695,148546,Benzine,Handgeschakeld,63,Hatchback,Zwart
7939d95ddc7cc39f,2026-06-08T06:00:02.499253,2026-06-09T06:01:54.666029,Nissan Micra - 1.2 Visia Pack 5 Drs,Nissan,Micra,2015,5945,120642,Benzine,Handgeschakeld,59,Hatchback,Wit
7d696e57b3e2903d,2026-06-08T06:00:02.505396,2026-06-11T06:01:54.668415,Fiat 500 - 1.0 TwinAir Airco. Elek. Pakket APK 01-2027,Fiat,500,2015,4949,102986,Benzine,Handgeschakeld,44,Hatchback,Zwart
86102665a4f11d72,2026-06-08T06:00:02.508168,2026-06-20T06:01:55.585166,Renault Clio - Estate 0.9 TCe Expression,Renault,Clio,2014,5295,133770,Benzine,Handgeschakeld,66,,Wit
5fc772957ac38e9d,2026-06-08T06:00:02.510027,2026-06-16T06:01:56.182007,"Volkswagen Up! - 1.0I 60PK move up! BlueMotion Airco, Centrale Deurvergrendel",Volkswagen,Up!,2013,5880,150114,Benzine,Handgeschakeld,44,Hatchback,Zwart
ccf0c873f2281aeb,2026-06-08T06:00:02.512741,2026-07-28T06:03:31.368682,Toyota Aygo - 1.0 VVT-i Now,Toyota,Aygo,2014,4999,153422,Benzine,Handgeschakeld,50,Hatchback,Wit
277757f8e5148a07,2026-06-08T06:00:02.513065,2026-06-08T06:01:54.469074,Fiat 500 - 1.2 Lounge AUTOMAAT | Org. NL | Incl. | Slechts 83.000km NAP,Fiat,500,2010,5990,83826,Benzine,Automaat,51,Hatchback,Wit
e04ddba9601926d6,2026-06-08T06:00:02.514269,2026-06-24T06:01:55.214852,Kia Picanto - 1.0 CVVT Design Edition,Kia,Picanto,2013,4750,132365,Benzine,Handgeschakeld,51,Hatchback,Wit
bac87dd2b607721d,2026-06-08T06:00:02.514572,2026-07-25T06:05:44.047634,Seat Mii - 1.0 STYLE,Seat,Mii,2018,5950,146333,Benzine,Handgeschakeld,44,Hatchback,Rood
d462b218356f4b0f,2026-06-08T06:00:02.515177,2026-07-13T06:11:36.285352,Kia Picanto - 1.0 CVVT BusinessLine AIRCO|EL.RAMEN|NAP|APK,Kia,Picanto,2014,5499,149743,Benzine,Handgeschakeld,51,Hatchback,Grijs
2dc8c89868a31642,2026-06-09T06:00:02.246123,2026-06-09T06:01:54.667581,Citroën Berlingo - 1.6 HDI 500 Club Economy|2-ZITS|MARGE|AIRCO|NAVIGATIE|CRUISE,Citroën,Berlingo,2014,4950,101582,Diesel,Handgeschakeld,55,,Zwart
1d3c6f9293ef7970,2026-06-09T06:00:02.246753,2026-07-16T06:02:36.419758,Fiat 500C - 0.9 TwinAir Turbo Popstar Cabrio,Fiat,500C,2015,5949,138355,Benzine,Handgeschakeld,60,Cabriolet,Grijs
38c84eeb6305cb94,2026-06-09T06:00:02.247056,2026-06-26T06:01:54.879107,"Fiat Panda - TwinAir Turbo 80PK Edizione Cool, Rijklaarprijs | Airco | Tr",Fiat,Panda,2015,4950,142145,Benzine,Handgeschakeld,59,Hatchback,Zwart
1ff52904ec71de26,2026-06-09T06:00:02.248934,2026-06-13T06:01:54.174326,Opel Adam - 1.4 Glam PANO/1STE-EIG/NIEUWE-APK,Opel,Adam,2014,5950,126372,Benzine,Handgeschakeld,64,Hatchback,Zwart
ef66a0fa8c9317c2,2026-06-09T06:00:02.250172,2026-06-22T06:01:54.932979,Ford Fiesta - STYLE 5-DEURS 1e EIGENAAR AIRCO NAVI BLUETOOTH LM-VELGEN,Ford,Fiesta,2016,5900,159934,Benzine,Handgeschakeld,48,Hatchback,Blauw
001ca177ec85f730,2026-06-09T06:00:02.252003,2026-06-12T06:01:55.856858,Seat Mii - 1.0 Sport Dynamic Gratis Afleverpakker! | Stoelverwarming,Seat,Mii,2014,5490,128472,Benzine,Handgeschakeld,43,Hatchback,Wit
cc36b9f26c995a7f,2026-06-09T06:00:02.253862,2026-06-29T06:01:55.172121,Hyundai i10 - 1.25i Dynamic Cool | Uniek! | Open dak | Airco | Elek. ramen,Hyundai,i10,2009,4995,108120,Benzine,Handgeschakeld,57,Hatchback,Zwart
4d38d0863d690f00,2026-06-09T06:00:02.257549,2026-06-16T06:01:56.182294,Renault Scénic - 1.2 TCe Bose Camera Navi Trekhaak Enz,Renault,Scénic,2013,4950,129881,Benzine,Handgeschakeld,85,MPV,Grijs
62684c26a8cad2bf,2026-06-09T06:00:02.257857,2026-06-30T06:01:55.095975,Kia Picanto - 1.0 CVVT Airco (APK:Nieuw) Incl.Garantie,Kia,Picanto,2013,5445,145000,Benzine,Handgeschakeld,51,Hatchback,Blauw
1f9563b1c43fd222,2026-06-09T06:00:02.259085,2026-07-27T06:11:07.612356,Opel Agila - 1.0 Berlin | 1e eigenaar | Trekhaak voor fietsendrager | Dea,Opel,Agila,2013,5450,115538,Benzine,Handgeschakeld,50,Hatchback,Grijs
cfd0e60d5fe343e5,2026-06-09T06:00:02.263100,2026-07-22T06:02:57.424915,Ford Grand C-Max - 1.0 Ambiente | Trekhaak | Airco.,Ford,Grand,2014,5950,135346,Benzine,Handgeschakeld,74,MPV,Blauw
aa55802188a5ccbc,2026-06-09T06:00:02.264343,2026-06-09T06:01:54.685259,Citroën C3 - 1.0 Feel edition I Airco I PDC I Cruise I,Citroën,C3,2016,4950,113352,Benzine,Handgeschakeld,50,Hatchback,Blauw
d6a5e3a55ecd812c,2026-06-09T06:00:02.271227,2026-06-26T06:01:54.890887,Skoda Citigo - 1.0 Elegance,Skoda,Citigo,2013,4999,156926,Benzine,Handgeschakeld,55,Hatchback,Groen
b420dcd274cbd4c9,2026-06-09T06:00:02.271827,2026-07-09T06:03:57.748063,Fiat 500C - 1.2 |Lounge|Leer|Pdc|S&S|Lm velgen|Cabrio|Nwe apk en service,Fiat,500C,2011,5499,118150,Benzine,Handgeschakeld,51,Cabriolet,Grijs
aa7d318fff8ae591,2026-06-09T06:00:02.273633,2026-07-04T06:01:54.916273,Volkswagen Up! - 1.0 high up! Airco|Cruise|Parkeersensor .,Volkswagen,Up!,2012,5495,129984,Benzine,Handgeschakeld,44,Hatchback,Rood
bfc487a9a5abcfa3,2026-06-09T06:00:02.274226,2026-07-05T06:01:55.104134,MINI One - Mini 1.4 Pepper | Tijdloos | Lage km stand,MINI,One,2010,5980,89650,Benzine,Handgeschakeld,70,Hatchback,Grijs
263bc94c2a6d31eb,2026-06-10T06:00:02.580100,2026-06-13T06:01:54.168359,Fiat 500 - 1.2 AUT 69PK Lounge |schuifdak|,Fiat,500,2010,5950,115681,Benzine,Automaat,51,Hatchback,Beige
ad1d230bcf273b16,2026-06-10T06:00:02.582397,2026-06-13T06:01:54.184349,Peugeot 208 - 1.2 VTi STYLE 5-DRS + AIRCO/NAVI,Peugeot,208,2014,5950,124475,Benzine,Handgeschakeld,60,Hatchback,Grijs
d5a728981992ac01,2026-06-10T06:00:02.583002,2026-06-10T06:01:55.349879,Honda Jazz - 1.4 LS 5-drs Clima|LMV,Honda,Jazz,2008,4950,107479,Benzine,Handgeschakeld,61,MPV,Blauw
f2987a52d0d7bf80,2026-06-10T06:00:02.587890,2026-06-14T06:01:54.997638,Peugeot 108 - 1.0 e-VTi Active Pack-Premium 5drs l AIRCO l l 112.000km,Peugeot,108,2016,5850,112044,Benzine,Handgeschakeld,51,Hatchback,Wit
0bb8d5f9e26ed7ef,2026-06-10T06:00:02.588187,2026-06-10T06:01:55.354855,Hyundai i10 - 1.0i i-Motion Comfort | Cruise contr | Airco | Nw APK | Alls,Hyundai,i10,2016,5990,119846,Benzine,Handgeschakeld,48,Hatchback,Wit
4ad7d5f12da66314,2026-06-10T06:00:02.589409,2026-07-12T06:03:02.505997,Opel Corsa - 1.4-16V 2011 81000km [POSTCODE],Opel,Corsa,2011,4950,81464,Benzine,Handgeschakeld,64,Hatchback,Bruin
62c9ee7578888d80,2026-06-10T06:00:02.594920,2026-07-05T06:01:55.102019,Renault Clio - 1.2 TCe Collection Airco Trekhaak Cruise Control,Renault,Clio,2011,4950,137077,Benzine,Handgeschakeld,76,Hatchback,Blauw
9bd0a45741d3ff94,2026-06-10T06:00:02.598328,2026-06-16T06:01:56.169917,Alfa Romeo MiTo - 1.4 T Distinctive 135 | Trekhaak |,Alfa,Romeo,2012,4950,129748,Benzine,Handgeschakeld,99,Hatchback,Wit
ec56ba7995921eb7,2026-06-10T06:00:02.601063,2026-06-12T06:01:55.865419,Opel Corsa - 1.2 Twinport 85PK Design Edition + 15''/ Airco/ Cruise/ NL a,Opel,Corsa,2014,5450,130199,Benzine,Handgeschakeld,63,Hatchback,Blauw
785f3fafc925e854,2026-06-10T06:00:02.601373,2026-06-10T06:01:55.367612,Kia Rio - 1.2 CVVT Comfort Pack|APK 4-2027|5-DEU|AIRCO|LM-VELG,Kia,Rio,2012,4890,130302,Benzine,Handgeschakeld,63,Hatchback,Zwart
2c67a5ce2c159a20,2026-06-10T06:00:02.601977,2026-06-29T06:01:55.196292,Citroën C1 - 1.0-12V Ambiance | Automaat | 5-deurs,Citroën,C1,2011,4940,90984,Benzine,Automaat,50,Hatchback,Blauw
1a81c9e228639905,2026-06-10T06:00:02.604130,2026-07-14T06:02:01.085510,Mitsubishi Colt - 1.3 Edition Two | AUTOMAAT | TREKHAAK | 12 MAANDEN BOVAG GAR,Mitsubishi,Colt,2010,5940,122835,Benzine,Automaat,70,Hatchback,Grijs
d10afea5edb7fa93,2026-06-10T06:00:02.607190,2026-06-22T06:01:54.946349,Fiat Punto - 0.9 TwinAir Easy Cruise Control & Airco,Fiat,Punto,2012,5500,120624,Benzine,Handgeschakeld,63,Hatchback,Grijs
b374552fda0a54bf,2026-06-10T06:00:02.608110,2026-07-27T06:11:07.696125,Suzuki Splash - 1.0 VVT Comfort,Suzuki,Splash,2013,5950,85606,Benzine,Handgeschakeld,50,Hatchback,Blauw
05cba805b34f1c5a,2026-06-11T06:00:02.607800,2026-07-09T06:03:57.550214,Peugeot 208 - 1.0 VTi Access 5 deurs-Airco-Cruise controle-Goed onderhoude,Peugeot,208,2013,5495,156362,Benzine,Handgeschakeld,50,Hatchback,Zwart
912c4f1abe5988eb,2026-06-11T06:00:02.613491,2026-06-13T06:01:54.178212,"Kia Picanto - 1.0 CVVT Comfort Pack , airco 76.000 KM NAP",Kia,Picanto,2011,5950,76770,Benzine,Handgeschakeld,51,Hatchback,Beige
b0de6aa46b5d9508,2026-06-11T06:00:02.621474,2026-07-29T06:02:56.256221,"Suzuki Alto - 1.0 5-drs Comfort AIRCO, TOP STAAT",Suzuki,Alto,2013,5499,64139,Benzine,Handgeschakeld,50,Hatchback,Grijs
2f2e137bcbc2f5e5,2026-06-11T06:00:02.625162,2026-07-04T06:01:54.893594,Fiat Panda - 0.9 TwinAir Lounge | Airco | 86 PK | Dealer OH | Trekhaak |,Fiat,Panda,2012,5450,98494,Benzine,Handgeschakeld,63,Hatchback,Paars
3d723b3be8d89c60,2026-06-11T06:00:02.626679,2026-07-15T06:02:31.097623,"Seat Ibiza - 1.2 Style 5 Deurs, nieuwe ketting!!!, airco",Seat,Ibiza,2014,6000,157000,Benzine,Handgeschakeld,51,Hatchback,Wit
37b2aab70788af16,2026-06-11T06:00:02.627606,2026-07-25T06:05:44.200559,Suzuki Swift - 1.3 93pk Bandit 5-DRS/Climate/Keyless/Sportstoelen,Suzuki,Swift,2009,5995,131540,Benzine,Handgeschakeld,68,Hatchback,Oranje
d06bd4555f8c96fc,2026-06-11T06:00:02.627905,2026-06-17T06:01:54.872224,Ford C-Max - 1.8-16V Titanium|Boekjes|Nap|Trekhaak,Ford,C-Max,2008,4845,102777,Benzine,Handgeschakeld,92,MPV,Grijs
1125012c9487d69d,2026-06-11T06:00:02.628837,2026-06-11T06:01:54.671653,Peugeot 2008 - 1.2 PureTech Style Panoramadak / Trekhaak / Cruise Control,Peugeot,2008,2015,5950,110083,Benzine,Handgeschakeld,60,SUV / Terreinwagen,Grijs
e79871ea261958d1,2026-06-11T06:00:02.629815,2026-06-11T06:01:54.672785,Citroën C1 - 1.0 Collection / Airco/ Elektrische ramen/ BLUETOOTH/ LMV,Citroën,C1,2013,5050,76832,Benzine,Handgeschakeld,50,Hatchback,Wit
418796c430124bed,2026-06-11T06:00:02.630125,2026-06-11T06:01:54.673202,Fiat 500 - 0.9 TwinAir Turbo 500S Airco/Nap,Fiat,500,2014,5950,136520,Benzine,Handgeschakeld,63,Hatchback,Wit
71dde6f2d46a76c8,2026-06-11T06:00:02.631069,2026-06-30T06:01:55.075580,Fiat 500 - 0.9 TwinAir Lounge | Pano | Airco |,Fiat,500,2013,4940,147127,Benzine,Handgeschakeld,63,Hatchback,Blauw
ca69a0e18d64aa0f,2026-06-11T06:00:02.631694,2026-06-11T06:01:54.675147,Opel Karl - 1.0 ecoFLEX Edition I NL auto I Airco I Cruise control I OH,Opel,Karl,2017,5700,136820,Benzine,Handgeschakeld,55,Hatchback,Grijs
659ac3769bc3cc46,2026-06-11T06:00:02.632628,2026-07-04T06:01:54.916860,Fiat Punto - 0.9 TwinAir CRUISE CONTROL 1E EIGENAAR ALL SEASON,Fiat,Punto,2014,4950,150581,Benzine,Handgeschakeld,74,Hatchback,Blauw
ffa2f559e71a3d0d,2026-06-12T06:00:02.823076,2026-06-23T06:01:55.620445,Volkswagen Golf Plus - 1.4 Trendline // Airco,Volkswagen,Golf,2010,5995,111031,Benzine,Handgeschakeld,60,MPV,Grijs
eccbf1acc762284d,2026-06-12T06:00:02.826144,2026-07-26T06:04:06.602034,Kia Rio - 1.2 CVVT Plus Pack,Kia,Rio,2013,5850,128214,Benzine,Handgeschakeld,63,Hatchback,Zwart
2700e20008025469,2026-06-12T06:00:02.828681,2026-07-30T06:02:36.881494,Alfa Romeo MiTo - 0.9 TwinAir Distinct,Alfa,Romeo,2013,4999,146244,Benzine,Handgeschakeld,63,Hatchback,Blauw
2d39b30393ffbc0f,2026-06-12T06:00:02.831373,2026-06-27T06:01:55.272886,Renault Clio - Estate 0.9 TCe NIGHT&DAY-uitv|NAVIGATIE|AIRCO|PARKEERSENSORE,Renault,Clio,2014,5950,151832,Benzine,Handgeschakeld,66,,Zwart
abde15de3b9da0b4,2026-06-12T06:00:02.831686,2026-06-12T06:01:55.850604,Mitsubishi Space Star - 1.0 Cool+,Mitsubishi,Space,2020,5950,113197,Benzine,Handgeschakeld,52,Hatchback,Grijs
9f9eb329dd819fc9,2026-06-12T06:00:02.834838,2026-07-19T06:02:53.785694,"Suzuki Swift - 1.3 Exclusive Automaat - Airco, Trekhaak",Suzuki,Swift,2009,4845,157557,Benzine,Automaat,68,Hatchback,Blauw
3af19d87c51d33f0,2026-06-12T06:00:02.836689,2026-06-12T06:01:55.855370,Peugeot 208 - 1.2 PureTech 5-Drs DEALER ONDERHOUDEN,Peugeot,208,2013,5950,73883,Benzine,Handgeschakeld,60,Hatchback,Grijs
e15a43a3806405d0,2026-06-12T06:00:02.839092,2026-07-30T06:02:37.000469,Opel Meriva - 1.6-16V Edition,Opel,Meriva,2009,4590,135909,Benzine,Automaat,77,MPV,Geel
2dbe08cd3a2fc1ea,2026-06-12T06:00:02.840116,2026-07-03T06:01:55.430996,Renault Mégane - Estate 1.2 TCe Bose|NL AUTO|TREKHAAK|112DKM|BOSE|NAVI|CLIMA|,Renault,Mégane,2012,4890,113008,Benzine,Handgeschakeld,85,,Grijs
e4a704a26e63ff4f,2026-06-12T06:00:02.842090,2026-06-12T06:01:55.860244,Peugeot 208 - 1.2 PureTech Blue Lion | LED | Carplay | Cruise | Sensoren |,Peugeot,208,2018,5885,112809,Benzine,Handgeschakeld,60,Hatchback,Grijs
2c0d7e50990e5175,2026-06-12T06:00:02.842422,2026-07-13T06:11:36.132949,Mitsubishi Space Star - 1.0 INTENSE 1e Eigenaar (All-in prijs),Mitsubishi,Space,2013,5290,115825,Benzine,Handgeschakeld,52,Hatchback,Grijs
c7b4a6213ba35bc0,2026-06-12T06:00:02.847222,2026-07-07T06:04:00.605397,Volkswagen Up! - 1.0 take up! BlueMotion |GOED ONDERHOUDEN|,Volkswagen,Up!,2014,5650,95127,Benzine,Handgeschakeld,43,Hatchback,Wit
6cf229057971b855,2026-06-12T06:00:02.853175,2026-07-04T06:01:54.913621,Smart ForFour - 1.0 Pure | Climate Control | Cruise Control | Lichtmetalen V,Smart,ForFour,2016,5400,107602,Benzine,Handgeschakeld,52,Hatchback,Grijs
fee7b59c23778a31,2026-06-12T06:00:02.853800,2026-06-12T06:01:55.871445,Peugeot 208 - 1.2 PureTech*Navi * Airco * Pdc,Peugeot,208,2016,5890,142551,Benzine,Handgeschakeld,60,Hatchback,Zwart
5c569d68bcc071a9,2026-06-12T06:00:02.854715,2026-06-12T06:01:55.872336,Fiat 500 - Fiat 1.2 Lounge 3-deurs automaat,Fiat,500,2009,5600,102575,Benzine,Automaat,51,Hatchback,Beige
32e36e401c0ceb90,2026-06-13T06:00:02.557504,2026-06-14T06:01:54.996350,Citroën DS3 - Cabrio 1.2 VTi Chic ECC/PDC/BLUETOOTH/CRUISE,Citroën,DS3,2013,5945,100427,Benzine,Handgeschakeld,60,Cabriolet,Zwart
50a29c92a546cc2a,2026-06-13T06:00:02.560056,2026-06-16T06:01:56.185235,Renault Clio - 1.5 dCi ECO Expression Navi|Airco|LMV,Renault,Clio,2013,5950,110399,Diesel,Handgeschakeld,66,Hatchback,Geel
f96522eed1edeb17,2026-06-13T06:00:02.560370,2026-07-01T06:01:54.754571,Opel Corsa - 1.2-16V Design Edition |Navigatie| Stoelverwarming| lage Kms,Opel,Corsa,2013,5900,90413,Benzine,Handgeschakeld,63,Hatchback,Zwart
86d8a916e41a34eb,2026-06-13T06:00:02.561967,2026-07-28T06:03:31.311540,Subaru Trezia - 1.3i 99pk Comfort + Airco / Trekhaak,Subaru,Trezia,2011,5950,94146,Benzine,Handgeschakeld,73,MPV,Zwart
bb5fe53445c1135c,2026-06-13T06:00:02.564719,2026-06-13T06:01:54.173156,Opel Karl - 1.0 ecoFLEX Edition cruise control,Opel,Karl,2016,5450,138445,Benzine,Handgeschakeld,55,Hatchback,Grijs
8e2f26d09e3d7583,2026-06-13T06:00:02.567157,2026-06-28T06:01:54.600693,Fiat Panda - 1.2 Edizione Cool 77.300 km +NAP NL-auto,Fiat,Panda,2011,4950,77300,Benzine,Handgeschakeld,51,Hatchback,Geel
57711197a53bae3f,2026-06-13T06:00:02.568062,2026-06-14T06:01:55.002150,Fiat 500 - 0.9 TwinAir Turbo 500S Navi|Airco|LMV|Half Leder|Sporstoelen,Fiat,500,2014,5950,90534,Benzine,Handgeschakeld,59,Hatchback,Grijs
9cf404d75ad78df8,2026-06-13T06:00:02.569327,2026-07-17T06:07:54.618728,Peugeot 108 - 1.0 e-VTi Blue Lion,Peugeot,108,2017,5750,135229,Benzine,Handgeschakeld,51,Hatchback,Wit
378ca31dff2034b2,2026-06-13T06:00:02.570846,2026-06-17T06:01:54.856638,Mitsubishi Space Star - 1.0 Bright | Climate Control | BOVAG-Garantie,Mitsubishi,Space,2015,5950,137719,Benzine,Handgeschakeld,52,Hatchback,Grijs
e432bbdd44a583e3,2026-06-13T06:00:02.573301,2026-06-26T06:01:54.872208,Volkswagen Up! - 1.0 high up! BlueMotion,Volkswagen,Up!,2016,5950,124127,Benzine,Handgeschakeld,44,Hatchback,Blauw
b23fae34b4f8af5f,2026-06-13T06:00:02.573919,2026-06-13T06:01:54.182014,DS DS 3 - 1.2 PureTech Business / Airco clima/ Navigatie/ Cruise/ PDC/,DS,DS,2015,5950,92512,Benzine,Handgeschakeld,60,Hatchback,Zwart
7940058e0df63989,2026-06-13T06:00:02.576075,2026-06-13T06:01:54.184065,Ford B-Max - 1.0 EcoBoost Titanium 125pk | Navigatie | Cruise Controle |,Ford,B-Max,2013,4950,127556,Benzine,Handgeschakeld,92,MPV,Grijs
56d3c8346cdab5a5,2026-06-13T06:00:02.577329,2026-07-17T06:07:54.483503,Renault Twingo - 1.2-16V Dynamique | Org. Panorama/Schuifdak | 91.000 KM,Renault,Twingo,2011,4500,91176,Benzine,Handgeschakeld,55,Hatchback,Wit
c8d10b1a3306aef9,2026-06-13T06:00:02.577701,2026-06-16T06:01:56.177584,Peugeot 3008 - 1.6 THP ST,Peugeot,3008,2011,4950,123316,Benzine,Automaat,115,MPV,Grijs
5be78f901a7e955c,2026-06-13T06:00:02.585927,2026-07-26T06:04:06.633392,Citroën C1 - 1.0 Collection 5drs | Airco | Radio | Toerenteller | Etc.,Citroën,C1,2012,4650,114841,Benzine,Handgeschakeld,50,Hatchback,Wit
fea116336392e003,2026-06-14T06:00:02.582206,2026-06-24T06:01:55.223530,Mitsubishi Colt - 1.3 Edition Two | Airco | Cruise | Automaat |,Mitsubishi,Colt,2010,5940,129694,Benzine,Automaat,70,Hatchback,Blauw
76ee2f95e5d57daf,2026-06-14T06:00:02.582848,2026-06-22T06:01:54.951943,Skoda Citigo - 1.0 Greentech Tour | Rijklaarprijs incl. garantie | Airco,Skoda,Citigo,2013,5445,135556,Benzine,Handgeschakeld,44,Hatchback,Wit
746bef3d4c0e4b26,2026-06-14T06:00:02.583462,2026-07-28T06:03:31.358141,Citroën C1 - 1.0 e-VTi Feel | Bluetooth | Isofix | Speedlimiter | Airco |,Citroën,C1,2017,5950,155089,Benzine,Handgeschakeld,51,Hatchback,Wit
13556f039681b2d7,2026-06-14T06:00:02.586841,2026-06-19T06:01:54.696346,Fiat Panda - 1.2 Edizione Cool 56.500 km +NAP NL-auto,Fiat,Panda,2010,4750,56543,Benzine,Handgeschakeld,51,Hatchback,Zwart
874fe5e94335bc15,2026-06-14T06:00:02.588640,2026-07-28T06:03:31.301729,Citroën Berlingo - 1.6 e-HDI Automaat 500 Club Economy / Trekhaak / Cruise,Citroën,Berlingo,2012,4950,150283,Diesel,Automaat,66,,
128d5c3f9d763771,2026-06-14T06:00:02.591060,2026-06-20T06:01:55.566649,Mitsubishi Lancer - Sportback 1.6 Edition Two,Mitsubishi,Lancer,2012,5999,121100,Benzine,Handgeschakeld,86,Hatchback,Wit
ce020867f44d4da3,2026-06-14T06:00:02.591663,2026-06-28T06:01:54.604533,Opel Corsa - 1.2-16V Rhythm Hele leuke budget Corsa met APK en beurt gele,Opel,Corsa,2013,5950,119451,Benzine,Handgeschakeld,63,Hatchback,Zwart
2f50a81774b2fc27,2026-06-14T06:00:02.601864,2026-07-26T06:04:06.601404,Suzuki Alto - 1.0 Comfort Plus Airco (APK:Nieuw) Incl.Garantie,Suzuki,Alto,2012,4745,104000,Benzine,Handgeschakeld,50,Hatchback,Blauw
8cac7da6da480c30,2026-06-14T06:00:02.602161,2026-06-15T06:01:55.482167,Mitsubishi Space Star - 1.0 Cool+ | Airco | Elektrische ramen voor | Radio-CD/MP3 sp,Mitsubishi,Space,2016,5700,100920,Benzine,Handgeschakeld,51,Hatchback,Wit
0349bc9508427bd0,2026-06-14T06:00:02.603696,2026-07-09T06:03:57.399628,Lancia Ypsilon - 1.2 Platinum AIRCO PDC ELEKTR. RAMEN START/STOP,Lancia,Ypsilon,2012,4999,98105,Benzine,Handgeschakeld,51,Hatchback,Grijs
3a05913ff01ee9bf,2026-06-14T06:00:02.604312,2026-07-26T06:04:06.824665,Suzuki Splash - 1.0 VVT Comfort EASSS // Airco // Lm velgen // Trekhaak,Suzuki,Splash,2015,5995,122269,Benzine,Handgeschakeld,50,Hatchback,Grijs
966ed22f966cddc8,2026-06-14T06:00:02.607965,2026-06-15T06:01:55.486662,"Fiat Panda - 0.9 TwinAir Lounge NL-Auto!! Airco I Stuurbekr.,",Fiat,Panda,2012,4750,151949,Benzine,Automaat,63,Hatchback,Wit
b8c6a0e7f58f4d02,2026-06-14T06:00:02.608565,2026-06-24T06:01:55.230687,Renault Twingo - 1.2-16V Collection | Dealer Onderhouden | Airco | 1e Eigenaa,Renault,Twingo,2012,4900,89756,Benzine,Handgeschakeld,55,Hatchback,Blauw
042de183099fbbe7,2026-06-14T06:00:02.608876,2026-06-23T06:01:55.611003,Hyundai i10 - 1.1 i-Drive Cool,Hyundai,i10,2011,4500,90801,Benzine,Handgeschakeld,51,Hatchback,Rood
66ae8202620ffbdc,2026-06-14T06:00:02.610724,2026-06-27T06:01:55.278585,Peugeot 107 - 1.0 Active | Airco | Dagrijverlichting | Stuurbekrachtiging,Peugeot,107,2013,4850,68068,Benzine,Handgeschakeld,50,Hatchback,Rood
193d5113b2c16a2b,2026-06-14T06:00:02.611026,2026-07-27T06:11:07.676553,Opel Agila - 1.0 Berlin||Style pakket||Airco||Rijklaar||,Opel,Agila,2012,5450,101366,Benzine,Handgeschakeld,50,Hatchback,Zwart
e7fb56e9dbd496b2,2026-06-14T06:00:02.611331,2026-07-13T06:11:36.314470,Toyota Aygo - COMFORT 5-DEURS AIRCO ONDERHOUDSHISTORIE-AANWEZIG,Toyota,Aygo,2011,4850,108690,Benzine,Handgeschakeld,50,Hatchback,Grijs
cd20a94fc3a503f2,2026-06-15T06:00:02.971739,2026-06-30T06:01:55.089150,Kia Rio - 1.2 CVVT 5-DRS PLUS PACK|CLIMA AIRCO|ISOFIX|AUX+Ipod+USB+12v,Kia,Rio,2014,5950,153204,Benzine,Handgeschakeld,63,Hatchback,Grijs
cfdf84efb1fc3e0d,2026-06-15T06:00:02.972353,2026-07-30T06:02:36.827809,Opel Corsa - 1.2-16V Berlin,Opel,Corsa,2014,4950,143478,Benzine,Handgeschakeld,63,Hatchback,Zwart
436e9b86622d9698,2026-06-15T06:00:02.972981,2026-06-20T06:01:55.572332,Volkswagen Up! - 1.0 high up! BlueMotion / Navigatie / Parkeerhulp achter / C,Volkswagen,Up!,2013,5950,121638,Benzine,Handgeschakeld,55,Hatchback,Wit
de5f6cfd732722f4,2026-06-15T06:00:02.973943,2026-07-20T06:15:00.381118,Fiat 500 - 0.9 TwinAir Lounge Pano|Navi|Airco|LMV,Fiat,500,2014,5450,73416,Benzine,Handgeschakeld,63,Hatchback,Blauw
f1c617e3f7f9d2dd,2026-06-15T06:00:02.976711,2026-07-29T06:02:56.161920,Renault Twingo - 1.0 SCe 5drs 70pk Collection Airconditioning | Cruise,Renault,Twingo,2016,5650,115885,Benzine,Handgeschakeld,52,Hatchback,Wit
e6a37676d9f7a777,2026-06-15T06:00:02.978537,2026-07-03T06:01:55.437836,Nissan Micra - 1.2 DIG-S Acenta,Nissan,Micra,2015,5950,72420,Benzine,Automaat,72,Hatchback,Paars
290d2eacba869592,2026-06-15T06:00:02.981304,2026-06-17T06:01:54.859939,Volkswagen Up! - 1.0 move up! [ Navi Airco Stoelverwarming ],Volkswagen,Up!,2014,5245,135530,Benzine,Handgeschakeld,44,Hatchback,Wit
6856b56c2be3c005,2026-06-15T06:00:02.985339,2026-07-16T06:02:36.319954,Mitsubishi Space Star - 1.0 Bright,Mitsubishi,Space,2015,5950,137554,Benzine,Handgeschakeld,52,Hatchback,Rood
1620030cb9d6b14d,2026-06-15T06:00:02.988813,2026-06-15T06:01:55.476394,Toyota Yaris - 1.3 VVT-i COMFORT 5-DEURS NL-AUTO DEALER-OND AIRCO PARK-SENS,Toyota,Yaris,2009,5700,116044,Benzine,Handgeschakeld,74,Hatchback,Beige
454f52f7a1434ff8,2026-06-15T06:00:02.989772,2026-06-30T06:01:55.074351,Dacia Sandero - 0.9 TCe Stepway Trekhaak,Dacia,Sandero,2014,5950,147212,Benzine,Handgeschakeld,66,Hatchback,Zwart
a09587e78dc0ad95,2026-06-15T06:00:02.994027,2026-07-03T06:01:55.448319,"Ford C-Max - 1.0 Titanium, CC, Navi, Clima, PDC, Winterpakket",Ford,C-Max,2013,5940,136680,Benzine,Handgeschakeld,92,MPV,Wit
ea14e5e041dea11f,2026-06-15T06:00:02.994930,2026-07-24T06:03:55.176504,Ford B-Max - 1.0 EcoBoost Titanium,Ford,B-Max,2013,5900,130092,Benzine,Handgeschakeld,88,MPV,Zwart
8a304170c8ffda03,2026-06-15T06:00:02.997709,2026-06-24T06:01:55.217863,Alfa Romeo MiTo - 0.9 TwinAir Racer,Alfa,Romeo,2015,5250,146617,Benzine,Handgeschakeld,74,Hatchback,Grijs
51832da0aa4cbbf4,2026-06-16T06:00:03.174990,2026-06-17T06:01:54.871313,"BMW 1-serie - 120i M-sport, Half leder, schuifdak,",BMW,1-serie,2007,5000,156000,Benzine,Handgeschakeld,125,Hatchback,Zwart
024d107711694a4c,2026-06-16T06:00:03.176814,2026-07-30T06:02:36.934370,Mitsubishi Space Star - 1.0 Inform,Mitsubishi,Space,2013,5750,57635,Benzine,Handgeschakeld,52,Hatchback,Wit
4e6573a81d122762,2026-06-16T06:00:03.177132,2026-07-26T06:04:06.671200,Suzuki Alto - 1.0 Comfort Plus / 1e Eigenaar / 100% onderhoud,Suzuki,Alto,2012,5420,63801,Benzine,Handgeschakeld,50,Hatchback,Grijs
4883edde726e157d,2026-06-16T06:00:03.178053,2026-06-16T06:01:56.177872,Toyota Aygo - 1.0-12V Now Radio CD | 5 Deurs | Centraal + AB | Sportvelgen,Toyota,Aygo,2011,4980,54840,Benzine,Handgeschakeld,50,Hatchback,Grijs
0ea48f037b3bbd5e,2026-06-16T06:00:03.181524,2026-06-16T06:01:56.181106,Citroën C3 Picasso - Puretech 110pk Exclusive,Citroën,C3,2015,5995,121618,Benzine,Handgeschakeld,81,MPV,Blauw
548f1bda4b05a796,2026-06-16T06:00:03.189176,2026-06-22T06:01:54.935694,Renault Twingo - 1.2 16V Dynamique | Climate control | Cruise control | Licht,Renault,Twingo,2013,4945,122360,Benzine,Handgeschakeld,55,Hatchback,Rood
592e90293c321d44,2026-06-16T06:00:03.190703,2026-07-13T06:11:36.191021,Opel Adam - 1.2,Opel,Adam,2013,5995,126352,Benzine,Handgeschakeld,51,Hatchback,Wit
8e6ee0cab23352b3,2026-06-16T06:00:03.193815,2026-06-16T06:01:56.193022,Opel Astra - 1.4 Turbo Sport automaat,Opel,Astra,2011,5700,132233,Benzine,Automaat,103,Hatchback,Grijs
c15aee6016813845,2026-06-16T06:00:03.197612,2026-07-17T06:07:54.620859,Citroën C3 - 1.0 VTi 68Pk Collection | Climate Control | Parkeersensoren,Citroën,C3,2014,5940,84705,Benzine,Handgeschakeld,50,Hatchback,Grijs
785aba463bcf601b,2026-06-16T06:00:03.197917,2026-06-16T06:01:56.196968,Ford Fiesta - 1.0 Style,Ford,Fiesta,2014,5250,98351,Benzine,Handgeschakeld,48,Hatchback,Grijs
4542c3876d4eb2d6,2026-06-16T06:00:03.198820,2026-07-17T06:07:54.765599,"Opel Agila - 1.0 Edition Airco, LM, lage km, auto",Opel,Agila,2011,5250,58169,Benzine,Handgeschakeld,50,Hatchback,Grijs
81959d823bfe3c79,2026-06-16T06:00:03.200366,2026-06-16T06:01:56.199403,Opel Meriva - 1.4 Turbo Cosmo (12 mnd BOVAG garantie),Opel,Meriva,2014,4995,146654,Benzine,Handgeschakeld,88,MPV,Grijs
b61ff8855d146231,2026-06-17T06:00:02.838483,2026-06-17T06:01:54.853303,Fiat 500 - 1.0 TwinAir Pop | WORDT VERWACHT |,Fiat,500,2015,5900,116551,Benzine,Handgeschakeld,44,Hatchback,Wit
f1c12bf809f2e437,2026-06-17T06:00:02.844792,2026-06-17T06:01:54.859349,Peugeot 208 - 1.2 PureTech Blue Lion Trekhaak | Airco | Cruise control | N,Peugeot,208,2017,5950,129842,Benzine,Handgeschakeld,60,Hatchback,Grijs
a74a00ee98f5cafa,2026-06-17T06:00:02.845185,2026-06-22T06:01:54.940126,Peugeot 208 - 1.2 PureTech Blue Lion / Keurige auto,Peugeot,208,2017,5499,123085,Benzine,Handgeschakeld,60,Hatchback,Zwart
1ff06a1dc2552680,2026-06-17T06:00:02.849836,2026-07-19T06:02:53.893408,Hyundai H 300 - 2.5 CRDi Dynamic Trekhaak/L.M. velgen/Batonplex,Hyundai,H,2009,5450,156003,Diesel,Handgeschakeld,125,,Blauw
60204f25735aa730,2026-06-17T06:00:02.850426,2026-07-27T06:11:07.730954,Volkswagen Up! - 1.0 move up! BlueMotion,Volkswagen,Up!,2014,4650,154186,Benzine,Handgeschakeld,44,Hatchback,Zwart
bcdf0011eeae155c,2026-06-17T06:00:02.851033,2026-07-17T06:07:54.646844,Opel Meriva - 1.4 Turbo Cosmo | AIRCO | TREKHAAK | 139.000KM |,Opel,Meriva,2013,5850,139008,Benzine,Handgeschakeld,88,MPV,Grijs
158f83f74cbff4d1,2026-06-17T06:00:02.854158,2026-06-19T06:01:54.669006,Ford Focus - Wagon 1.6 TI-VCT Trend,Ford,Focus,2011,5950,124004,Benzine,Handgeschakeld,92,,Zwart
fac4daee117f03e8,2026-06-17T06:00:02.859410,2026-07-01T06:01:54.765502,Renault Mégane - 1.4 TCe Dynamique CLIMATE | CRUISE | V-A PDC | KEYLESS | 2e,Renault,Mégane,2010,4999,148947,Benzine,Handgeschakeld,96,Hatchback,Zwart
c201a13134159ca1,2026-06-17T06:00:02.860013,2026-07-25T06:05:44.237603,Opel Agila - 1.0 Edition Airco dealeronderhouden,Opel,Agila,2011,5450,94496,Benzine,Handgeschakeld,50,Hatchback,Blauw
229754efa5818acc,2026-06-17T06:00:02.862828,2026-06-20T06:01:55.569648,Volkswagen Polo - 1.0 AIRCO | MULTIMEDIA SCHERM |,Volkswagen,Polo,2014,5900,146903,Benzine,Handgeschakeld,44,Hatchback,Grijs
444824bff40ea227,2026-06-17T06:00:02.863132,2026-06-20T06:01:55.564514,Suzuki Splash - 1.2 Exclusive EASSS - 1 Jaar Garantie,Suzuki,Splash,2011,4944,103054,Benzine,Handgeschakeld,69,Hatchback,Wit
477049c70fa7c929,2026-06-17T06:00:02.863428,2026-07-27T06:11:07.731618,Citroën C3 Picasso - 1.4 VTi Tendance,Citroën,C3,2014,4950,98350,Benzine,Handgeschakeld,71,MPV,Zwart
a4302406b53fc246,2026-06-17T06:00:02.866530,2026-07-30T06:02:36.826729,MINI One - Mini 1.6 Business Line 3-drs,MINI,One,2011,5900,140542,Benzine,Handgeschakeld,55,Hatchback,Zwart
7c0bfcdb4137a312,2026-06-17T06:00:02.866847,2026-07-30T06:02:36.882407,Renault Twingo - 1.2 16V Parisienne 61.100 km +NAP NL-auto,Renault,Twingo,2013,5450,61140,Benzine,Handgeschakeld,55,Hatchback,Zwart
14b49e10302bdc0d,2026-06-17T06:00:02.867153,2026-06-19T06:01:54.686114,Kia Picanto - 1.0 CVVT BusinessLine | Centrale deurvergrendeling | Navigat,Kia,Picanto,2014,5950,101625,Benzine,Handgeschakeld,51,Hatchback,Wit
5463beaaef4eb6ea,2026-06-17T06:00:02.867805,2026-06-18T06:01:54.923868,Suzuki Swift - 1.2 Exclusive EASSS,Suzuki,Swift,2011,5950,98563,Benzine,Handgeschakeld,69,Hatchback,Rood
9216cd965b8ef365,2026-06-18T06:00:02.469092,2026-07-04T06:01:54.909767,Renault Twingo - 1.2 16V Collection - Airco - Media - LMV - [URL],Renault,Twingo,2012,4990,64289,Benzine,Handgeschakeld,55,Hatchback,Wit
f78eb597e51b5cde,2026-06-18T06:00:02.471306,2026-06-18T06:01:54.904923,Opel Zafira - 2.2 Business automaat 7 pers.,Opel,Zafira,2006,5900,73463,Benzine,Automaat,110,MPV,Zwart
9c08516b3e2b622b,2026-06-18T06:00:02.471612,2026-06-24T06:01:55.231273,Opel Corsa - 1.2-16V Berlin 100% onderhouden CarPlay Android,Opel,Corsa,2013,5750,120000,Benzine,Handgeschakeld,63,Hatchback,Blauw
e2c73ae170404b19,2026-06-18T06:00:02.474086,2026-06-26T06:01:54.878189,Citroën C1 - 1.0 e-VTi Feel - 115.000 km - Stuurbekrachtiging I Comfort p,Citroën,C1,2015,4900,116605,Benzine,Handgeschakeld,51,Hatchback,Wit
68ce1c4e15b06f10,2026-06-18T06:00:02.476234,2026-06-21T06:01:54.041028,"Citroën Berlingo XL - 1.6 e-HDI Club Economy Airco, Parkeersensoren, Trehaak",Citroën,Berlingo,2013,6000,96000,Diesel,Handgeschakeld,66,,Grijs
3193f0d3757faf61,2026-06-18T06:00:02.476552,2026-06-18T06:01:54.910036,Opel Zafira - TOURER 1.4 Cosmo,Opel,Zafira,2012,5950,144915,Benzine,Handgeschakeld,103,MPV,Grijs
4823eac989eaf430,2026-06-18T06:00:02.476854,2026-07-10T06:02:30.459162,Renault Clio - Estate 0.9 TCe Authentique - 90 Pk - Euro 5 - Navi - Airco -,Renault,Clio,2013,5975,93625,Benzine,Handgeschakeld,66,,Rood
f3f2ac36dee0eb54,2026-06-18T06:00:02.479322,2026-06-24T06:01:55.225600,Renault Twingo - 1.0 SCe Collection 5-drs Airco,Renault,Twingo,2016,5950,104323,Benzine,Handgeschakeld,52,Hatchback,Zwart
99fb02320cadcefe,2026-06-18T06:00:02.482437,2026-07-28T06:03:31.282205,Fiat 500 - 0.9 TwinAir Lounge. Pano,Fiat,500,2014,5949,104055,Benzine,Handgeschakeld,63,Hatchback,Grijs
713361573add1025,2026-06-18T06:00:02.482758,2026-07-22T06:02:57.600494,Kia Venga - 1.4 CVVT X-tra,Kia,Venga,2010,5450,110659,Benzine,Handgeschakeld,66,MPV,Zwart
40697472ee288796,2026-06-18T06:00:02.483061,2026-06-18T06:01:54.916411,Peugeot Bipper - Tepee 1.4 Outdoor (12 mnd BOVAG-garantie),Peugeot,Bipper,2013,4995,113705,Benzine,Handgeschakeld,54,MPV,Blauw
d7a0f864df9d1c4c,2026-06-18T06:00:02.483363,2026-07-17T06:07:54.798597,Toyota Corolla - 1.6 VVT-i Anniversary,Toyota,Corolla,2006,4901,155746,Benzine,Handgeschakeld,81,Hatchback,Grijs
28f9996a349a93b6,2026-06-18T06:00:02.486176,2026-06-18T06:01:54.919407,Peugeot 108 - 1.0 e-VTi Active | Airco | Bluetooth Telefonie | Multifuncti,Peugeot,108,2015,5900,82864,Benzine,Handgeschakeld,50,Hatchback,Zwart
dcbf478da81ce773,2026-06-18T06:00:02.488927,2026-06-18T06:01:54.922092,Renault Clio - 1.2 TCE 100 pk Collection / Trekhaak / Ecc / Lmv / Cruise-Co,Renault,Clio,2012,4995,120339,Benzine,Handgeschakeld,76,,Wit
a84fe946a32f1ef4,2026-06-18T06:00:02.489870,2026-07-01T06:01:54.752227,Opel Karl - 1.0 ecoFLEX Edition 75PK | BOVAG garantie | 1ste eigenaar |,Opel,Karl,2015,5935,97288,Benzine,Handgeschakeld,55,Hatchback,Paars
65689a977968d872,2026-06-18T06:00:02.492315,2026-06-18T06:01:54.925408,Toyota Yaris - 1.3 VVTi Sol MMT | Automaat | Airco | Elektr. Ramen | Goed o,Toyota,Yaris,2008,5940,109556,Benzine,Automaat,64,Hatchback,Grijs
1eefde2c17dbe07e,2026-06-18T06:00:02.492943,2026-07-11T06:04:01.239205,Toyota Aygo - 1.0-12V Dynamic GARANTIE/AIRCO/ELEKRAMEN/NAP,Toyota,Aygo,2011,4600,104458,Benzine,Handgeschakeld,50,Hatchback,Zwart
8fad6426a142120d,2026-06-18T06:00:02.494192,2026-06-18T06:01:54.927180,Seat Mii - 1.0 Style Sport,Seat,Mii,2012,4750,140861,Benzine,Handgeschakeld,55,Hatchback,Wit
657edf2160a527d3,2026-06-18T06:00:02.494498,2026-06-22T06:01:54.956485,Dacia Sandero - 1.2 Blackline | Airco | Trekhaak | Volledig Onderhouden | Or,Dacia,Sandero,2011,5600,64153,Benzine,Handgeschakeld,55,Hatchback,Zwart
c55a702d466d79d6,2026-06-18T06:00:02.496948,2026-06-19T06:01:54.676448,Citroën Berlingo - 1.6-16V Multispace,Citroën,Berlingo,2010,5995,159151,Benzine,Handgeschakeld,80,MPV,Blauw
d0fb05c886e12a74,2026-06-18T06:00:02.498206,2026-07-28T06:03:31.195999,Fiat 500 - 0.9 TwinAir Turbo 500S Airco Lichtmetalen velgen Elektrische,Fiat,500,2015,4690,107075,Benzine,Handgeschakeld,59,Hatchback,Rood
b4abf385dfc4fc0a,2026-06-19T06:00:02.418128,2026-07-06T06:03:03.653088,Opel Karl - 1.0 Ecoflex Cosmo,Opel,Karl,2015,5950,129640,Benzine,Handgeschakeld,55,Hatchback,Grijs
cf2ac213dfda520b,2026-06-19T06:00:02.418779,2026-06-19T06:01:54.670772,Suzuki Swift - 1.3-16V Exclusive 5-Deurs Automaat 93 PK. Onverwoestbare aut,Suzuki,Swift,2009,4750,138195,Benzine,Automaat,68,Hatchback,Oranje
6cd9d85f1be5c0db,2026-06-19T06:00:02.419718,2026-07-11T06:04:01.122208,Skoda Citigo - 1.0 Greentech Arctic Air | Panorama | Parkeersensor | Naviga,Skoda,Citigo,2013,5450,131780,Benzine,Handgeschakeld,55,Hatchback,Grijs
5fb3e8d462548c38,2026-06-19T06:00:02.420038,2026-07-14T06:02:01.101818,Opel Meriva - 1.4 Turbo - 120 Pk - Euro 6 - Airco - Cruise Control,Opel,Meriva,2015,5749,149434,Benzine,Handgeschakeld,88,MPV,Grijs
c7725cbcf5d6103c,2026-06-19T06:00:02.420642,2026-07-26T06:04:06.673420,Kia Picanto - 1.0 CVVT Comfort Pack (APK:Nieuw) Incl.Garantie,Kia,Picanto,2012,5945,105000,Benzine,Handgeschakeld,51,Hatchback,Zwart
804ca6706b822aa2,2026-06-19T06:00:02.421899,2026-06-30T06:01:55.074666,Fiat 500 - 0.9 TwinAir by Gucci CABRIO - Automaat I Airco I Sport velge,Fiat,500,2012,5700,128227,Benzine,Automaat,63,Hatchback,Grijs
9f2590706f3f7a1b,2026-06-19T06:00:02.424921,2026-07-24T06:03:55.240238,Mercedes-Benz C-klasse - 200 CDI Classic AUT | Trekhaak | Zeer netjes,Mercedes-Benz,C-klasse,2005,4950,157617,Diesel,Automaat,90,Sedan,Grijs
b7493ee8a6eb09d9,2026-06-19T06:00:02.427861,2026-07-04T06:01:54.902630,Hyundai Atos - 1.1i Dynamic Cool | Automaat | Airco |,Hyundai,Atos,2006,4950,53832,Benzine,Automaat,46,Hatchback,Blauw
4395d769fad6fadb,2026-06-19T06:00:02.428195,2026-07-27T06:11:07.731921,Fiat Panda - 0.9 TwinAir Sempre | NL-AUTO | 1E EIGENAAR | DEALER OND. | B,Fiat,Panda,2013,5950,91150,Benzine,Handgeschakeld,63,Hatchback,Blauw
2a617c94b21aa111,2026-06-19T06:00:02.428525,2026-07-29T06:02:56.196917,Seat Mii - 1.0 Chill Out,Seat,Mii,2013,5450,117405,Benzine,Handgeschakeld,44,Hatchback,Wit
b3cfdc99b4e287c5,2026-06-19T06:00:02.432207,2026-07-29T06:02:56.162243,Toyota Auris - 1.6-16V Sol | Cruise control | Climate control |,Toyota,Auris,2007,4850,119251,Benzine,Handgeschakeld,91,Hatchback,Grijs
b8c990c432f90a8d,2026-06-19T06:00:02.434565,2026-07-05T06:01:55.091261,Volkswagen Up! - 1.0 move up! Airco (APK:Nieuw) Incl.Garantie,Volkswagen,Up!,2013,5945,120000,Benzine,Handgeschakeld,55,Hatchback,Grijs
18129f1f7bc390fe,2026-06-19T06:00:02.435840,2026-06-28T06:01:54.591826,Kia Picanto - 1.0 CVVT ISG Comfort Pack,Kia,Picanto,2013,5995,60094,Benzine,Handgeschakeld,51,Hatchback,Rood
57053ad128e754e3,2026-06-19T06:00:02.436459,2026-07-14T06:02:01.091630,"Suzuki Swift - 1.3 5-Drs Bl@ck Comfort AIRCO, KEYLESS",Suzuki,Swift,2010,5450,116053,Benzine,Handgeschakeld,68,Hatchback,Zwart
fe1d9e79136f045d,2026-06-19T06:00:02.438294,2026-07-17T06:07:54.618358,Opel Meriva - COSMO 1.4T (120PK),Opel,Meriva,2011,4950,156989,Benzine,Handgeschakeld,88,MPV,Bruin
37060bd6bbc74225,2026-06-19T06:00:02.439208,2026-07-15T06:02:31.151480,Renault Clio - Estate 1.2-16V Authentique | Airco | Cruise control | Elec r,Renault,Clio,2015,5450,149492,Benzine,Handgeschakeld,54,,Rood
27df7e15d736be04,2026-06-19T06:00:02.440116,2026-06-30T06:01:55.094164,Opel Karl - 1.0 ecoflex | Airco | Cruise Control | Lichtmetaal | NAP |,Opel,Karl,2017,5344,131462,Benzine,Handgeschakeld,55,Hatchback,Wit
f3f11cbc3f595979,2026-06-19T06:00:02.442598,2026-06-19T06:01:54.693305,Renault Clio - 0.9 TCe Expression,Renault,Clio,2015,5950,138894,Benzine,Handgeschakeld,66,Hatchback,Zwart
0135a6caaa2c40a9,2026-06-19T06:00:02.443516,2026-06-19T06:01:54.694215,"Peugeot 207 - CC 1.6 VTi Automatische airco, lederen bekleding, licht meta",Peugeot,207,2010,5450,118129,Benzine,Automaat,88,Cabriolet,Grijs
a164f8be056deb77,2026-06-19T06:00:02.446663,2026-07-27T06:11:07.695522,Suzuki Splash - 1.2 Exclusive | NL-AUTO | AIRCO | LM-VELGEN |,Suzuki,Splash,2011,5250,125283,Benzine,Handgeschakeld,63,Hatchback,Grijs
ffc118a2e29f529a,2026-06-19T06:00:02.447879,2026-07-01T06:01:54.765210,Volkswagen Up! - 1.0 high up,Volkswagen,Up!,2012,4745,157398,Benzine,Handgeschakeld,55,Hatchback,Zwart
bb4eeb934b1540fd,2026-06-20T06:00:03.263715,2026-07-21T06:04:37.017440,Kia Ceed - cee'd 1.4 CVVT X-tra|Cruise control|Elek. ramen|Airco|NAP!|,Kia,Ceed,2009,4743,146763,Benzine,Handgeschakeld,66,Hatchback,Grijs
9f4dd0614a238208,2026-06-20T06:00:03.264034,2026-07-29T06:02:56.430985,Opel Astra - TwinTop 1.8 Temptation | Cabriolet | Parkeersensoren | Keyle,Opel,Astra,2008,5950,115000,Benzine,Handgeschakeld,103,Cabriolet,Grijs
ed3836378c4dd73d,2026-06-20T06:00:03.264365,2026-07-13T06:11:36.251881,Seat Mii - 1.0 Style | Airco | Radio CD / MP3 | All-Season banden | Ele,Seat,Mii,2012,5700,91191,Benzine,Handgeschakeld,44,Hatchback,Oranje
40da769568bd060c,2026-06-20T06:00:03.266271,2026-07-23T06:04:19.371187,Ford Ka - 1.2 Style start/stop | Airco | Elektr. Ramen | Parkeersensor,Ford,Ka,2016,5440,135652,Benzine,Handgeschakeld,51,Hatchback,Wit
bca3d14694cf0ddb,2026-06-20T06:00:03.266888,2026-07-23T06:04:19.651508,Volkswagen Golf Plus - 1.2 TSI Highline BlueMotion / Stoelverwarming / Parkeersenso,Volkswagen,Golf,2010,5950,136057,Benzine,Handgeschakeld,77,MPV,Zwart
c87d52180aa17a28,2026-06-20T06:00:03.269648,2026-06-20T06:01:55.571131,Peugeot 108 - 1.0 e-VTi Active,Peugeot,108,2014,5250,133226,Benzine,Handgeschakeld,51,Hatchback,Grijs
b99b84c4f8ca26db,2026-06-20T06:00:03.279878,2026-06-26T06:01:54.866740,Toyota Aygo - 1.0 VVT-i Comfort Airco / LM velgen / Keurige zuinige auto,Toyota,Aygo,2012,5700,72144,Benzine,Handgeschakeld,50,Hatchback,Bruin
49444d16f8536566,2026-06-20T06:00:03.280824,2026-07-30T06:02:36.855797,Mercedes-Benz A-klasse - 180 BlueEFFICIENCY Business Class Avantgarde,Mercedes-Benz,A-klasse,2011,6000,132000,Benzine,Handgeschakeld,85,MPV,Grijs
4fb282b7119a40c3,2026-06-20T06:00:03.286420,2026-07-05T06:01:55.087710,"Dacia Lodgy - 1.2 TCe (GEREVISEERDE MOTOR )Ambiance 7p/AIRCO,",Dacia,Lodgy,2014,5999,143049,Benzine,Handgeschakeld,85,MPV,Wit
c61aca9f3b350713,2026-06-20T06:00:03.287796,2026-07-22T06:02:57.675448,Skoda Citigo - 1.0 Ambition airco,Skoda,Citigo,2012,4999,139998,Benzine,Handgeschakeld,44,Hatchback,Rood
943f10d2ff00ce0c,2026-06-20T06:00:03.288482,2026-06-20T06:01:55.589042,Renault Twingo - 1.2 16V Dynamique | Trekhaak | Climate control | Cruise cont,Renault,Twingo,2013,5945,63499,Benzine,Handgeschakeld,55,Hatchback,Grijs
c9f5cd2bb763d6f5,2026-06-20T06:00:03.290817,2026-07-19T06:02:54.023114,Dacia Sandero - 0.9 TCe Stepway Lauréate AIRCO | CRUISE | PDC | CARPLAY| EL.,Dacia,Sandero,2013,5749,142082,Benzine,Handgeschakeld,66,Hatchback,Zwart
97923b5ddd89342d,2026-06-20T06:00:03.291170,2026-06-20T06:01:55.591451,Opel Agila - 1.2 Enjoy Airco,Opel,Agila,2009,4950,152103,Benzine,Handgeschakeld,63,Hatchback,Zwart
9edaf16e5b31de6a,2026-06-21T06:00:02.100650,2026-07-14T06:02:01.097283,Citroën C1 - 1.0 Collection | WORDT VERWACHT | AIRCO | ELEK.RAMEN | TOURE,Citroën,C1,2014,5400,99318,Benzine,Handgeschakeld,50,Hatchback,Blauw
d88bdbe9c60c4c74,2026-06-21T06:00:02.101070,2026-07-03T06:01:55.444070,Peugeot 107 - 1.0 Envy | Airco | Elektrische ramen voor,Peugeot,107,2014,4900,107351,Benzine,Handgeschakeld,50,Hatchback,Zwart
76a3847e159608e1,2026-06-21T06:00:02.103722,2026-07-13T06:11:36.285041,Peugeot 108 - 1.2 Puretech Active,Peugeot,108,2014,5950,68101,Benzine,Handgeschakeld,60,Hatchback,Grijs
464babf527392d05,2026-06-21T06:00:02.104025,2026-07-09T06:03:57.620614,Volkswagen Caddy - 1.6 TDI BMT 2011 | Trekhaak | Airco | Elektrische Ramen | La,Volkswagen,Caddy,2011,5950,140223,Diesel,Handgeschakeld,55,,Wit
c48e8bf1fef669d3,2026-06-21T06:00:02.104970,2026-06-30T06:01:55.074975,Citroën C1 - 1.0 First Edition [ Airco LM velgen El.ramen ],Citroën,C1,2012,4845,91178,Benzine,Handgeschakeld,50,Hatchback,Grijs
cd77b9943b92c469,2026-06-21T06:00:02.105304,2026-07-12T06:03:02.721878,"Opel Agila - 1.2 Enjoy 5 Deurs Automaat - Airco, Lichtmetalen Velgen",Opel,Agila,2008,4845,134598,Benzine,Automaat,63,Hatchback,Zwart
d373de15607c47e1,2026-06-21T06:00:02.117351,2026-07-28T06:03:31.280711,Skoda Fabia - 1.0 ACTIVE 5-DRS. + AIRCO/LMV,Skoda,Fabia,2015,5950,134692,Benzine,Handgeschakeld,44,Hatchback,Grijs
92568dc598939923,2026-06-21T06:00:02.117668,2026-06-21T06:01:54.029983,Citroën C3 - 1.0 PureT Attraction AIRCO/D RIEM VV,Citroën,C3,2015,5100,122540,Benzine,Handgeschakeld,50,Hatchback,Wit
322187880812c93e,2026-06-21T06:00:02.119228,2026-07-13T06:11:36.283788,Citroën C1 - 1.0 e-VTi Shine | Airco | Getint glas | 5 drs | Radio - DAB,Citroën,C1,2015,5450,146006,Benzine,Handgeschakeld,51,Hatchback,Wit
a700434c077798d2,2026-06-21T06:00:02.123896,2026-06-30T06:01:55.101019,Peugeot 208 - 1.2 VTi Envy|Navi|Pdc|Cruise,Peugeot,208,2014,5299,146054,Benzine,Handgeschakeld,60,Hatchback,Blauw
c50e4cd190601d9a,2026-06-21T06:00:02.124205,2026-06-21T06:01:54.036265,Renault Twingo - 1.0 SCe Collection,Renault,Twingo,2016,5250,145300,Benzine,Handgeschakeld,52,Hatchback,Wit
d1d654eaa5b858c5,2026-06-21T06:00:02.124504,2026-06-21T06:01:54.036566,Kia Picanto - 1.0 CVVT ComfortLine AIRCO | EL.RAMEN | NAP | APK,Kia,Picanto,2016,5499,157970,Benzine,Handgeschakeld,48,Hatchback,Grijs
2c2329d6e9c9f8cb,2026-06-21T06:00:02.125120,2026-07-27T06:11:07.752433,Fiat Panda - 0.9 TwinAir Lounge|Dealero.h.|2e eigenaar,Fiat,Panda,2012,4950,97776,Benzine,Handgeschakeld,63,Hatchback,Grijs
93c8c43287dbcccd,2026-06-22T06:00:02.876949,2026-06-22T06:01:54.933613,Peugeot 208 - 1.2 Active Airco / Cruise control,Peugeot,208,2015,4777,141218,Benzine,Handgeschakeld,60,Hatchback,Grijs
b6c1ad2dbe038eb4,2026-06-22T06:00:02.884377,2026-06-24T06:01:55.210030,Seat Mii - 1.0 Chill Out AIRCO | PRIVACY GLAS | ELEK. RAMEN | ELEK. VER,Seat,Mii,2013,5950,92713,Benzine,Handgeschakeld,44,Hatchback,Rood
c123bff09f32acb4,2026-06-22T06:00:02.889087,2026-07-11T06:04:01.162153,Fiat Panda - 0.9 TwinAir Easy|Airco|Elek. Ramen|NAP!|,Fiat,Panda,2013,4745,82447,Benzine,Handgeschakeld,48,Hatchback,Grijs
8d09f32dfc1ddb51,2026-06-22T06:00:02.890635,2026-07-23T06:04:19.836801,Kia Picanto - 1.0 CVVT ComfortLine,Kia,Picanto,2015,5440,119208,Benzine,Handgeschakeld,48,Hatchback,Wit
0f33285bb03df4c4,2026-06-22T06:00:02.890939,2026-06-29T06:01:55.176633,Skoda Citigo - 1.0 MPI 60 pk Greentech Edition | Navi Maps & More | Airco |,Skoda,Citigo,2015,5950,130400,Benzine,Handgeschakeld,44,Hatchback,Zwart
3db41079d88b40b6,2026-06-22T06:00:02.903295,2026-06-25T06:01:55.008636,Volkswagen Up! - GRIJSKENTEKEN MARGE Milieuzone proof Bedrijfsauto,Volkswagen,Up!,2016,5990,106943,Benzine,Handgeschakeld,44,,Wit
eccbf86d58aeb389,2026-06-23T06:00:02.551576,2026-07-25T06:05:44.267261,Suzuki Swift - 1.2 Base Airco 2e Eigenaar|Garantie,Suzuki,Swift,2012,4950,133600,Benzine,Handgeschakeld,69,Hatchback,Rood
9972ba181b81dfc7,2026-06-23T06:00:02.563025,2026-06-30T06:01:55.072032,Citroën C3 - 1.2 PureTech Collection | Airco | Cruise control | Mistlampe,Citroën,C3,2015,5950,97405,Benzine,Handgeschakeld,60,Hatchback,Grijs
0e219b275a6b06d0,2026-06-23T06:00:02.563912,2026-07-07T06:04:00.973958,"Peugeot 108 - 1.0 VTi Active Top, Cabrio",Peugeot,108,2014,4950,137954,Benzine,Handgeschakeld,51,Hatchback,Rood
86307e5caf4fc0df,2026-06-23T06:00:02.564222,2026-07-13T06:11:36.283152,Volkswagen Polo - 1.2-12V Comfortline Airco | Cruise Control | Stoelverwarming,Volkswagen,Polo,2010,5950,150141,Benzine,Handgeschakeld,51,Hatchback,Blauw
1c0697e49f0917dd,2026-06-23T06:00:02.570737,2026-06-23T06:01:55.618976,"Ford Fiesta - 1.25 Titanium, Clima, Cruise, Isofix, Lichtmetaal, Parkeerse",Ford,Fiesta,2012,5950,137818,Benzine,Handgeschakeld,44,Hatchback,Zwart
b3db955a4b92e58c,2026-06-23T06:00:02.571049,2026-07-07T06:04:00.559752,Citroën DS3 - 1.6 So Chic 120pk | Climate | Cruise | HiFi | LED-Dagrij,Citroën,DS3,2011,5450,121724,Benzine,Handgeschakeld,88,Hatchback,Wit
f4f3685e43b9d4c8,2026-06-24T06:00:02.605945,2026-06-24T06:01:55.213051,Seat Altea - 2.0 FSI Lifestyle | Automaat | Trekhaak,Seat,Altea,2008,4950,108950,Benzine,Automaat,110,MPV,Grijs
dea74e430d8c0bc5,2026-06-24T06:00:02.616011,2026-07-08T06:08:02.264015,"Suzuki Splash - 1.2 Enjoy 5 Deurs Automaat - Airco, Lichtmetalen Velgen",Suzuki,Splash,2008,4845,134598,Benzine,Automaat,63,Hatchback,Zwart
f477881ef0e208c0,2026-06-24T06:00:02.619967,2026-07-27T06:11:07.613841,Ford B-Max - 1.0 EcoBoost Style NAP Airco/Cruise/Trekhaak,Ford,B-Max,2014,5850,84472,Benzine,Handgeschakeld,74,MPV,Grijs
061592d10b12d397,2026-06-24T06:00:02.622066,2026-07-19T06:02:53.924663,"Opel Meriva - 1.4 Turbo Design Edition Trekhaak, PDC V+A",Opel,Meriva,2014,5995,117274,Benzine,Handgeschakeld,88,MPV,Grijs
7f97fe8ea162b0cc,2026-06-24T06:00:02.624159,2026-06-24T06:01:55.230986,Fiat Panda - 0.9 TWINAIR LOUNGE,Fiat,Panda,2013,4950,65679,Benzine,Handgeschakeld,48,Hatchback,Grijs
42043819270a03da,2026-06-24T06:00:02.625074,2026-07-27T06:11:07.593750,Fiat 500 - 1.0 TwinAir Pop,Fiat,500,2014,5750,84396,Benzine,Handgeschakeld,44,Hatchback,Grijs
0a6774e66ce9cb92,2026-06-24T06:00:02.626604,2026-07-01T06:01:54.757575,Citroën Berlingo - 1.6 BlueHDI 75 Club 3 ZITS-AIRCO-CRUISE,Citroën,Berlingo,2016,5950,98369,Diesel,Handgeschakeld,55,,Wit
2c5a15ad2d65ff09,2026-06-24T06:00:02.627209,2026-07-30T06:02:36.880233,Opel Karl - 1.0 ecoFLEX Edition | Dealeronderhouden | Airco | Cruise Con,Opel,Karl,2018,5950,130319,Benzine,Handgeschakeld,55,Hatchback,Zwart
8bfd0b069f1281cb,2026-06-24T06:00:02.628078,2026-07-26T06:04:06.673724,Fiat 500 - Cabrio 1.2 Lounge,Fiat,500,2013,5900,146087,Benzine,Handgeschakeld,51,Cabriolet,Wit
e582355a7f3bda95,2026-06-25T06:00:02.432236,2026-06-26T06:01:54.865525,"Ford B-Max - 1.0 EcoBoost Style Airco, trekhaak afneembaar, NAP, Navigati",Ford,B-Max,2014,5350,93993,Benzine,Handgeschakeld,74,MPV,Blauw
9a6dd675f22fcb27,2026-06-25T06:00:02.435608,2026-07-13T06:11:36.225494,Toyota Aygo - 1.0 VVT-i Now,Toyota,Aygo,2013,5995,123677,Benzine,Handgeschakeld,50,Hatchback,Wit
a7a001dd2bfcb213,2026-06-25T06:00:02.436235,2026-07-12T06:03:02.586220,"Opel Karl - 1.0 ecoFLEX Edition Start/stop systeem, airco",Opel,Karl,2016,5695,137623,Benzine,Handgeschakeld,55,Hatchback,Wit
53a3ea2435a77380,2026-06-25T06:00:02.436538,2026-07-30T06:02:36.828427,Peugeot 108 - 1.0 e-VTi Active 5 Deurs | Airco | Radio | Bluetooth | Mistl,Peugeot,108,2015,5950,150006,Benzine,Handgeschakeld,50,Hatchback,Grijs
a56ec76746e2e62b,2026-06-25T06:00:02.439043,2026-06-25T06:01:55.009239,Opel Meriva - 1.4 Edition,Opel,Meriva,2011,5450,118849,Benzine,Handgeschakeld,74,MPV,Bruin
eb245b8ce2368cc5,2026-06-25T06:00:02.442785,2026-07-28T06:03:31.369008,Fiat Punto - 0.9 TwinAir Racing 100pk | 5 Deurs | Airco | Parkeerhulp ach,Fiat,Punto,2015,5950,115169,Benzine,Handgeschakeld,74,Hatchback,Grijs
a120df03a80e492d,2026-06-25T06:00:02.443416,2026-06-30T06:01:55.098050,"Hyundai i30 - CW 1.4i i-Motion, Volledig onderhouden, Clima, Cruise, Isofi",Hyundai,i30,2012,5950,152142,Benzine,Handgeschakeld,80,,Grijs
d7721378787cb9b0,2026-06-25T06:00:02.452771,2026-07-30T06:02:36.930825,Citroën C3 - 1.6i-16V eerste eigenaar,Citroën,C3,2006,4950,110010,Benzine,Automaat,80,Hatchback,Groen
d7c4ef6e670a5765,2026-06-25T06:00:02.453686,2026-07-02T06:01:54.836827,Volvo C30 - 1.6 Advantage | Climate Control | Dealeronderhouden | Lichtm,Volvo,C30,2010,5899,155910,Benzine,Handgeschakeld,74,Hatchback,Wit
279cfa10213c909c,2026-06-25T06:00:02.455913,2026-06-25T06:01:55.025419,Mitsubishi Colt - 1.3 Automaat Edition Two / Dealer Onderhouden / Airco / Crui,Mitsubishi,Colt,2011,5935,64531,Benzine,Automaat,70,Hatchback,Grijs
b0e48334de8e270b,2026-06-25T06:00:02.456226,2026-07-08T06:08:02.087369,Fiat Punto - 0.9 TwinAir Sempre AIRCO NAVIGATIE CRUISE BLUETOOTH PDC,Fiat,Punto,2017,5495,148247,Benzine,Handgeschakeld,73,Hatchback,Grijs
1257b60a125f9c24,2026-06-25T06:00:02.456828,2026-06-25T06:01:55.026317,Ford Transit - 280,Ford,Transit,2012,5950,145763,Diesel,Handgeschakeld,92,,Zilver
00b927278bc32078,2026-06-26T06:00:02.942409,2026-06-30T06:01:55.094770,Honda Jazz - 1.4 LS automaat volledig onderhouden - -alu velgen INCL AFLE,Honda,Jazz,2005,5950,133746,Benzine,Handgeschakeld,61,MPV,Grijs
ca0f31545d6adde7,2026-06-26T06:00:02.943309,2026-07-30T06:02:36.901135,Peugeot RCZ - 200pk MOTOR DEFECT !! | NW MODEL | Elektr+Verw stoelen Leer,Peugeot,RCZ,2014,5650,137677,Benzine,Handgeschakeld,147,,Bruin
a31706201dcbd16b,2026-06-26T06:00:02.955617,2026-06-26T06:01:54.875571,Kia Picanto - 1.0 CVVT ISG Comfort Pack,Kia,Picanto,2013,5750,135388,Benzine,Handgeschakeld,51,Hatchback,Zwart
2031d1095a2b5184,2026-06-26T06:00:02.964545,2026-06-26T06:01:54.882221,Toyota Yaris - 1.0 VVT-i Aspiration/ airco/ achteruitrijcamera,Toyota,Yaris,2012,4950,150830,Benzine,Handgeschakeld,51,Hatchback,Zwart
9d509589ba203d08,2026-06-26T06:00:02.964959,2026-07-29T06:02:56.223326,Citroën C1 - 1.0 Automaat Red Tendance AIRCO,Citroën,C1,2012,5450,125064,Benzine,Automaat,50,Hatchback,Rood
879fbd80bb83d6c5,2026-06-26T06:00:02.968250,2026-07-06T06:03:03.876273,Toyota Yaris - 1.0 VVT-i Comfort | Airco | LM |,Toyota,Yaris,2012,5950,123838,Benzine,Handgeschakeld,51,Hatchback,Wit
e58be95bfd0c6d26,2026-06-26T06:00:02.969391,2026-06-26T06:01:54.885752,Toyota Aygo - 1.0 VVT-i Now **AIRCO/ ELEKTRONISCHE RAAM/ 12 MAANDEN GARANT,Toyota,Aygo,2013,4950,124453,Benzine,Handgeschakeld,50,Hatchback,Bruin
c0dafa1a11716a35,2026-06-26T06:00:02.972472,2026-07-30T06:02:37.002326,Opel Agila - 1.0 Edition Style||Airco||Rijklaar||,Opel,Agila,2011,4750,95995,Benzine,Handgeschakeld,50,Hatchback,Grijs
0eb08cd88bb84b12,2026-06-26T06:00:02.974853,2026-06-26T06:01:54.890252,Volkswagen Up! - 1.0 move up! BlueMotion | Wielen 16'' | Navi | Airco |,Volkswagen,Up!,2015,5250,154714,Benzine,Handgeschakeld,44,Hatchback,Wit
a77238aec79708e5,2026-06-26T06:00:02.979874,2026-07-16T06:02:36.471645,Fiat Doblò - 1.6 MultiJet Maxi Pick-Up,Fiat,Doblò,2012,5950,59841,Diesel,Handgeschakeld,77,,
7b62ba55b2200518,2026-06-27T06:00:02.678858,2026-07-28T06:03:31.344035,Renault Twingo - 1.2 16V Dynamique / Cruise Control / Climate Control,Renault,Twingo,2013,4950,82369,Benzine,Handgeschakeld,55,Hatchback,Zwart
416807836970a000,2026-06-27T06:00:02.679807,2026-06-27T06:01:55.267808,Toyota Aygo - 1.0 VVT-i Aspiration All seasonbanden,Toyota,Aygo,2013,5499,122939,Benzine,Handgeschakeld,50,Hatchback,Bruin
0f5d534c24cdc9e0,2026-06-27T06:00:02.682009,2026-07-06T06:03:03.690706,Volkswagen Polo - 1.2 TDI Comfortline | Zeer zuinig! | Airco|1e Eig!|Cruise|LM,Volkswagen,Polo,2011,5450,103137,Diesel,Handgeschakeld,55,Hatchback,Blauw
b54ceea8e89baa43,2026-06-27T06:00:02.686051,2026-06-27T06:01:55.273773,Mitsubishi Space Star - 1.0 Bright | AIRCO |,Mitsubishi,Space,2015,5500,124019,Benzine,Handgeschakeld,52,Hatchback,Grijs
9d37fb913a172dcd,2026-06-27T06:00:02.686688,2026-06-27T06:01:55.274373,Toyota Yaris - 1.3 VVTi LUNA NL-AUTO 1E-EIG 100% DEALER ONDERHOUDEN! TREKHA,Toyota,Yaris,2008,5300,143718,Benzine,Handgeschakeld,62,Hatchback,Blauw
5e785d58b4a0780c,2026-06-27T06:00:02.692266,2026-07-14T06:02:01.105765,Citroën C1 - 1.0 e-VTi|RIJKLAAR|CARPLAY|AC|ISOFIX|DLR OH|GARAN,Citroën,C1,2015,5890,136032,Benzine,Handgeschakeld,51,Hatchback,Grijs
39f499a5e00cb053,2026-06-27T06:00:02.697850,2026-07-30T06:02:36.933415,Peugeot 108 - 1.0 e-VTi Access 5-drs LED-Dagrij,Peugeot,108,2017,5450,125445,Benzine,Handgeschakeld,51,Hatchback,Wit
e4c70b81262dd08f,2026-06-27T06:00:02.700076,2026-07-14T06:02:01.099369,Kia Picanto - 1.0 CVVT BusinessLine // AIRCO // BLUETOOTH,Kia,Picanto,2015,5945,108017,Benzine,Handgeschakeld,51,Hatchback,Wit
e3b1f8a3888df573,2026-06-27T06:00:02.701631,2026-07-01T06:01:54.755448,Volkswagen Up! - 1.0 move up! BlueMotion | Airco | Navi | Bluetooth,Volkswagen,Up!,2012,4995,131769,Benzine,Handgeschakeld,55,Hatchback,Wit
c8c056a195f52d63,2026-06-27T06:00:02.703197,2026-06-27T06:01:55.290336,Peugeot 107 - 1.0 12V 68pk 5-drs Milesim 200.,Peugeot,107,2011,4835,75484,Benzine,Handgeschakeld,50,Hatchback,Grijs
1a761ffaa012d2ec,2026-06-27T06:00:02.704126,2026-06-27T06:01:55.291252,Mazda 2 - 1.3 Silver Edition - Dealer Onderhouden,Mazda,2,2014,5950,152583,Benzine,Handgeschakeld,63,Hatchback,Grijs
0c2c7d8cd5036351,2026-06-27T06:00:02.707231,2026-07-21T06:04:37.093594,Volkswagen Caddy - 1.6 TDI Airco Bluetooth,Volkswagen,Caddy,2012,4950,133021,Diesel,Handgeschakeld,55,,Zilver
2e639503ee5cb9f2,2026-06-28T06:00:02.274267,2026-07-27T06:11:07.656166,Citroën C1 - 1.0 e-VTi Selection 2017 | Airco | Cruise Control | Stuurwie,Citroën,C1,2017,5850,144018,Benzine,Handgeschakeld,51,Hatchback,Blauw
a07c785f8f421183,2026-06-28T06:00:02.276009,2026-06-28T06:01:54.578365,Infiniti FX - 35|AUT|LEDER|PANO|280PK|138MILES|NETJES,Infiniti,FX,2006,5895,138875,Benzine,Automaat,206,SUV / Terreinwagen,Zwart
8df165ab6b1fca6c,2026-06-28T06:00:02.278250,2026-06-29T06:01:55.173647,Nissan Pulsar - 1.2 DIG-T Business Edition | TREKHAAK | 360 CAMERA | CLIMA,Nissan,Pulsar,2015,5950,153021,Benzine,Handgeschakeld,85,Hatchback,Grijs
01c5bfc1de5de904,2026-06-28T06:00:02.279827,2026-06-28T06:01:54.581973,Peugeot 2008 - 1.2 PureTech Allure - Panorama dak I Airco I Led / Xenon I P,Peugeot,2008,2015,5900,129144,Benzine,Handgeschakeld,60,SUV / Terreinwagen,Zwart
4faf69e7eea98529,2026-06-28T06:00:02.287402,2026-07-01T06:01:54.770514,Mazda CX-7 - 2.3 TS Slechts 131.000 km,Mazda,CX-7,2008,4750,131384,Benzine,Handgeschakeld,191,SUV / Terreinwagen,Grijs
22d27a03749bbe69,2026-06-28T06:00:02.293815,2026-07-29T06:02:56.195988,"Suzuki Celerio - 1.0 Exclusive, Airco, Bluetooth, NL Auto",Suzuki,Celerio,2015,5950,115103,Benzine,Handgeschakeld,50,Hatchback,Grijs
aad9e6e63ff2066e,2026-06-28T06:00:02.294184,2026-07-02T06:01:54.853169,Fiat Panda - 0.9 TwinAir Lounge CLIMA PARKEERSENSOREN PRIVACY GLASS,Fiat,Panda,2015,5950,95744,Benzine,Handgeschakeld,44,Hatchback,Zwart
dd2e7b5f9ed8bcb9,2026-06-28T06:00:02.294564,2026-06-28T06:01:54.593904,Kia Picanto - 1.0 CVVT Airco (APK:Nieuw) Incl.Garantie,Kia,Picanto,2011,5445,90000,Benzine,Handgeschakeld,51,Hatchback,Wit
0b5fd726f89932cb,2026-06-28T06:00:02.299522,2026-07-26T06:04:06.634006,Ford B-Max - 1.0 ECOB. TITANIUM,Ford,B-Max,2012,5950,134587,Benzine,Handgeschakeld,74,MPV,Grijs
fe539ef61aa12062,2026-06-28T06:00:02.301051,2026-07-28T06:03:31.280099,Renault Twingo - 1.0 SCe Collection|NL AUTO|AIRCO|Goed onderhouden,Renault,Twingo,2016,5445,98625,Benzine,Handgeschakeld,52,Hatchback,Wit
e026561d4053d003,2026-06-28T06:00:02.301356,2026-06-28T06:01:54.600396,Alfa Romeo Giulietta - ALFA 1.4 T Progression (12mnd BOVAG-garantie),Alfa,Romeo,2010,5495,151540,Benzine,Handgeschakeld,88,Hatchback,Rood
d43de152a8088150,2026-06-28T06:00:02.303311,2026-07-29T06:02:56.330216,Peugeot 108 - 1.0 VTi Active Airco|5drs|Bluetooth,Peugeot,108,2014,5395,110647,Benzine,Handgeschakeld,51,Hatchback,
66d924dc8beadd74,2026-06-28T06:00:02.303632,2026-06-28T06:01:54.602456,Volkswagen Up! - 1.0 high up! BlueMotion Cruise control/ Airco/ Elek. ramen/,Volkswagen,Up!,2015,5940,146307,Benzine,Handgeschakeld,44,Hatchback,Wit
43869368f1c1ec6b,2026-06-28T06:00:02.305184,2026-06-28T06:01:54.603947,Citroën C3 - 1.6 Ligne Business | Sensoren | Airco,Citroën,C3,2011,5250,59788,Benzine,Handgeschakeld,88,Hatchback,Beige
6ee9272a7dd63e24,2026-06-29T06:00:03.287780,2026-07-29T06:02:56.255269,Citroën C1 - 1.0 68 pk Bi-Ton 5 deurs,Citroën,C1,2014,5250,121245,Benzine,Handgeschakeld,50,Hatchback,Wit
b7c4a1dbe756a5b7,2026-06-29T06:00:03.288140,2026-07-25T06:05:44.049455,Nissan Note - 1.2 Acenta AIRCO/NAP/GARANTIE/DEALER,Nissan,Note,2016,5950,131839,Benzine,Handgeschakeld,59,MPV,Grijs
3a87f938d39238ed,2026-06-29T06:00:03.291534,2026-07-11T06:04:01.330056,Peugeot 5008 - 1.6 THP Allure 5p. NAP Clima Cruise Pano,Peugeot,5008,2012,5940,139652,Benzine,Automaat,115,MPV,Grijs
2542a08394e87902,2026-06-29T06:00:03.293384,2026-07-27T06:11:07.768242,Alfa Romeo MiTo - 1.4 T-Jet 155PK // NL auto // Carplay,Alfa,Romeo,2009,5795,143516,Benzine,Handgeschakeld,114,Hatchback,Wit
d244a7696aaf8466,2026-06-29T06:00:03.293756,2026-07-27T06:11:07.613488,Peugeot 108 - 1.0 e-VTi Prem. Top,Peugeot,108,2015,5950,115831,Benzine,Handgeschakeld,51,Hatchback,Geel
3fdf4ce69df8dc2d,2026-06-29T06:00:03.303901,2026-07-19T06:02:53.892688,Suzuki Swift - 1.3 Exclusive / NL-Auto / 70.000 KM / Airco / Radio / Elektr,Suzuki,Swift,2007,4995,70776,Benzine,Handgeschakeld,68,Hatchback,Rood
adcf9418a6c473bf,2026-06-29T06:00:03.305440,2026-07-04T06:01:54.906841,Kia Picanto - 1.0 CVVT ISG Comfort Pack | All-in prijs | Airco,Kia,Picanto,2011,5950,78246,Benzine,Handgeschakeld,51,Hatchback,Zwart
ec7c3144c1d688af,2026-06-29T06:00:03.309704,2026-07-24T06:03:55.322239,Skoda Fabia - 1.4-16V Tour Pro Airco Navi Trekhaak Dealer onderhouden,Skoda,Fabia,2010,5400,137085,Benzine,Handgeschakeld,63,Hatchback,Blauw
6871bccde1be8c20,2026-06-29T06:00:03.314747,2026-06-29T06:01:55.189131,Dacia Logan Mcv - TCe 90pk Prestige | ABD geleverd | Dealer onderhouden | Trek,Dacia,Logan,2014,5945,154164,Benzine,Handgeschakeld,66,MPV,Zwart
0d716685a8470588,2026-06-29T06:00:03.315821,2026-06-29T06:01:55.190023,"Peugeot 208 - 1.2 VTi Allure Clima Navi, Nw. db. riem",Peugeot,208,2014,5950,79619,Benzine,Handgeschakeld,60,Hatchback,Blauw
aed882c291b8bfd5,2026-06-29T06:00:03.316529,2026-06-29T06:01:55.190661,Peugeot 208 - 1.2 VTi Envy,Peugeot,208,2013,4945,125538,Benzine,Handgeschakeld,60,Hatchback,Wit
e1028798f9fb81a2,2026-06-29T06:00:03.320376,2026-07-25T06:05:44.184290,"Seat Mii - 1.0 MPI 60 pk Sport Connect | Airco | 15"" | Privacy Glass |",Seat,Mii,2013,5450,143039,Benzine,Handgeschakeld,44,Hatchback,Zwart
9e617f6f88438662,2026-06-29T06:00:03.321975,2026-07-12T06:03:02.388781,Mazda 2 - 1.3 TS (APK:Nieuw) Incl.Garantie,Mazda,2,2012,5945,120000,Benzine,Handgeschakeld,55,Hatchback,Rood
84632929ff202dbd,2026-06-30T06:00:02.393598,2026-06-30T06:01:55.077930,Mitsubishi Space Star - 1.0 Intense 118dkm Clima 2e eig. All season 5-deurs + Nwe AP,Mitsubishi,Space,2014,4950,118011,Benzine,Handgeschakeld,52,Hatchback,Wit
a1a38e5079fb8a6f,2026-06-30T06:00:02.394547,2026-06-30T06:01:55.078814,Opel Astra - Sports Tourer 1.4 Turbo Edition AIRCO CRUISE NAVI PDC TREKHA,Opel,Astra,2011,5950,142669,Benzine,Handgeschakeld,103,,Grijs
774d42295f2f6fd2,2026-06-30T06:00:02.396979,2026-07-28T06:03:31.344650,Suzuki Alto - 1.0 Comfort,Suzuki,Alto,2013,5950,62979,Benzine,Handgeschakeld,50,Hatchback,Zwart
6d153d03fee653c1,2026-06-30T06:00:02.397275,2026-07-23T06:04:19.443470,Renault Clio - 0.9 TCe Dynamique [ Navi Airco Cruise control ],Renault,Clio,2013,4909,147903,Benzine,Handgeschakeld,66,Hatchback,Rood
23ef97af11b6e271,2026-06-30T06:00:02.397584,2026-07-11T06:04:01.278967,Peugeot 2008 - 1.2 PureTech 82pk Active Apple carplay,Peugeot,2008,2015,5450,119393,Benzine,Handgeschakeld,60,SUV / Terreinwagen,Grijs
97b64eca5c3f2803,2026-06-30T06:00:02.398835,2026-07-28T06:03:31.168557,"Toyota Yaris - 1.0 VVT-i Comfort, 3-deurs",Toyota,Yaris,2012,5650,96123,Benzine,Handgeschakeld,51,Hatchback,Grijs
803aef83dd6b5110,2026-06-30T06:00:02.400052,2026-06-30T06:01:55.084175,Toyota Aygo - GERESERVEER 1.0 VVT-i Comfort 5 Drs Airco,Toyota,Aygo,2013,5899,116978,Benzine,Handgeschakeld,50,Hatchback,Wit
46abb2bff55fe5e1,2026-06-30T06:00:02.404592,2026-06-30T06:01:55.088559,Fiat 500 - 0.9 TwinAir BlackRed Sport,Fiat,500,2012,5450,153941,Benzine,Handgeschakeld,63,Hatchback,Rood
d0983f736fd315eb,2026-06-30T06:00:02.408041,2026-07-29T06:02:56.396019,"Suzuki Celerio - 1.0 Exclusive AIRCO, LMV,",Suzuki,Celerio,2015,5999,95331,Benzine,Handgeschakeld,50,Hatchback,Grijs
4a53350d1feaf615,2026-06-30T06:00:02.416600,2026-06-30T06:01:55.100139,Peugeot 207 - CC 1.6 VTi,Peugeot,207,2009,4950,80965,Benzine,Handgeschakeld,88,Cabriolet,Grijs
240c6d9be05d4549,2026-07-01T06:00:02.156225,2026-07-01T06:01:54.743951,Opel Corsa - 1.4 16V 100pk 3drs. Cosmo | Airco | Navigatie | Cruise contr,Opel,Corsa,2013,4750,115192,Benzine,Handgeschakeld,74,Hatchback,Zwart
3a6d9e06e7fba59f,2026-07-01T06:00:02.156851,2026-07-03T06:01:55.438131,Volkswagen Up! - 1.0 high up! BlueMotion | Airco | Cruise Control | Navigatie,Volkswagen,Up!,2013,5900,139409,Benzine,Handgeschakeld,44,Hatchback,Wit
d8178b058c3ff194,2026-07-01T06:00:02.160272,2026-07-25T06:05:44.113713,Volkswagen Up! - 1.0 move up! BlueMotion ✅Navi✅All Season✅Voll. Onderhoud✅Air,Volkswagen,Up!,2015,5950,143153,Benzine,Handgeschakeld,44,Hatchback,Blauw
fff9e3a4685548d5,2026-07-01T06:00:02.161478,2026-07-15T06:02:31.096357,Fiat Punto - 0.9 TWINAIR SPORT,Fiat,Punto,2012,4999,154501,Benzine,Handgeschakeld,63,Hatchback,Zwart
3cf7ce67d2a3d993,2026-07-01T06:00:02.165495,2026-07-29T06:02:56.329917,Opel Agila - 1.2 Edition Airco/Lmv/El.Pakket 1e eigenaar,Opel,Agila,2012,5799,61212,Benzine,Handgeschakeld,69,Hatchback,Zwart
9bae8d83eb5d9737,2026-07-01T06:00:02.165798,2026-07-07T06:04:00.749241,Dacia Sandero - 0.9 TCE STEPWAY LAU.,Dacia,Sandero,2014,5950,141411,Benzine,Handgeschakeld,66,Hatchback,Grijs
3d788fc6c8564609,2026-07-01T06:00:02.168581,2026-07-01T06:01:54.755741,Opel Astra - 1.0 Innovation,Opel,Astra,2016,5950,159830,Benzine,Handgeschakeld,77,Hatchback,Zwart
4ba1cf199d7f85a2,2026-07-01T06:00:02.174469,2026-07-28T06:03:31.224878,Renault Twingo - 1.0 SCe Collection | Dealer onderhouden | | Cruise control |,Renault,Twingo,2015,4500,144424,Benzine,Handgeschakeld,52,Hatchback,Wit
edad33ce698679bb,2026-07-01T06:00:02.179025,2026-07-30T06:02:36.858080,Renault Twingo - 1.0 SCe Expression,Renault,Twingo,2015,5950,98890,Benzine,Handgeschakeld,52,Hatchback,Zwart
14cd026e8b4f61cf,2026-07-01T06:00:02.179964,2026-07-29T06:02:56.198148,Fiat Qubo - 1.4 Actual 5-drs Airco|LMV,Fiat,Qubo,2012,5650,113582,Benzine,Handgeschakeld,54,MPV,Zwart
6c4584a3f6935bb5,2026-07-01T06:00:02.181800,2026-07-06T06:03:03.797783,Volkswagen Up! - 1.0 high up! Cruise|Airco|Navi .,Volkswagen,Up!,2013,5495,154048,Benzine,Handgeschakeld,55,Hatchback,Grijs
e54fd66cc2312026,2026-07-02T06:00:02.706661,2026-07-30T06:02:36.829074,Suzuki Splash - 1.0 VVT Comfort,Suzuki,Splash,2013,4680,126884,Benzine,Handgeschakeld,50,Hatchback,Zwart
89575033d3f5872c,2026-07-02T06:00:02.708542,2026-07-08T06:08:02.276974,"Alfa Romeo MiTo - 1.3 JTDm ECO Distinctive, 85Pk, 2012, Volledig leder, Origin",Alfa,Romeo,2012,4950,114837,Diesel,Handgeschakeld,63,Hatchback,Bruin
50e5a7c5a1ff2035,2026-07-02T06:00:02.709483,2026-07-10T06:02:30.352526,Skoda Yeti - 1.2 TSI Comfort,Skoda,Yeti,2011,5449,122770,Benzine,Handgeschakeld,77,SUV / Terreinwagen,Bruin
b406d2031eda8b6a,2026-07-02T06:00:02.712864,2026-07-10T06:02:30.377979,Peugeot 108 - 1.0 e-VTi Active | Airco | Bluetooth Telefonie | Multifuncti,Peugeot,108,2015,5900,82864,Benzine,Handgeschakeld,50,Hatchback,Zwart
3a67feae6f7ecebf,2026-07-02T06:00:02.713169,2026-07-24T06:03:55.216455,Peugeot 2008 - 1.2 VTi Allure Pack Premium Plus Lederen/ stof bekleding,Peugeot,2008,2013,5450,150296,Benzine,Handgeschakeld,60,SUV / Terreinwagen,Grijs
0d781f7717bf9c50,2026-07-02T06:00:02.715978,2026-07-03T06:01:55.424746,Opel Corsa - 1.2-16V BlitZ | Cruise Control | Climate Control | Stoelverw,Opel,Corsa,2014,5450,107042,Benzine,Handgeschakeld,63,Hatchback,Grijs
4a6412fb44d06220,2026-07-02T06:00:02.719392,2026-07-11T06:04:01.330361,Citroën C1 - 1.0-12V Ambiance automaat 5 deurs met NAP,Citroën,C1,2008,4750,82707,Benzine,Automaat,50,Hatchback,Rood
533f0e460805ffec,2026-07-02T06:00:02.719700,2026-07-02T06:01:54.848647,Toyota Aygo - 1.0-12V ASPERATION RED MET LEDER + SPORTPACK AIRCO SLECHTS 1,Toyota,Aygo,2010,4650,125445,Benzine,Handgeschakeld,50,Hatchback,Rood
176c36ff820ed5ec,2026-07-02T06:00:02.720634,2026-07-14T06:02:01.108275,Peugeot 108 - 1.0 VTi Active Airco (APK:Nieuw) Incl.Garantie,Peugeot,108,2016,5495,130000,Benzine,Handgeschakeld,51,Hatchback,Rood
e8a671203b46f065,2026-07-02T06:00:02.725236,2026-07-29T06:02:56.285642,Ford Focus - Wagon 1.0 EcoBoost Titanium revisie motor,Ford,Focus,2012,4950,155284,Benzine,Handgeschakeld,92,,Grijs
982465ec9e9cbe2c,2026-07-02T06:00:02.729900,2026-07-19T06:02:53.891937,Kia Picanto - 1.2 CVVT ISG Comfort Pack Sport,Kia,Picanto,2013,4950,127569,Benzine,Handgeschakeld,63,Hatchback,Rood
4135ac4c9efd9406,2026-07-02T06:00:02.730847,2026-07-24T06:03:55.215805,Seat Ibiza - 1.4 Sport-up|PANO|CRUISE|AIRCO|LMV,Seat,Ibiza,2009,5995,154354,Benzine,Handgeschakeld,63,Hatchback,Wit
88f2dca04abc194d,2026-07-02T06:00:02.731454,2026-07-29T06:02:56.395362,Citroën C3 Picasso - 1.4 VTI TENDANCE l NAP l AIRCO l CRUISE l TREKHAAK l,Citroën,C3,2014,5995,114418,Benzine,Handgeschakeld,70,MPV,Zwart
1f4bb508349b1eaa,2026-07-02T06:00:02.731787,2026-07-02T06:01:54.859462,Mitsubishi Space Star - 1.0 Entry,Mitsubishi,Space,2015,5500,129447,Benzine,Handgeschakeld,52,Hatchback,Rood
1a0b4f2c231bbd82,2026-07-02T06:00:02.733030,2026-07-23T06:04:19.329172,Citroën C1 - 1.0 Attraction ✅Airco✅Elect. Ramen✅Radio CD✅Aux✅Toerenteller,Citroën,C1,2013,4750,116805,Benzine,Handgeschakeld,50,Hatchback,Zwart
5bc72516ae359b99,2026-07-02T06:00:02.734058,2026-07-02T06:01:54.861572,"Peugeot 108 - 1.0 e-VTi Envy Airco, 5drs, Led, NL auto",Peugeot,108,2015,5995,156693,Benzine,Handgeschakeld,51,Hatchback,Wit
0ac50dca9bc4ac8e,2026-07-02T06:00:02.734396,2026-07-02T06:01:54.861883,Fiat 500 - 1.2 Elektrisch Panoramadak Automaat Airco,Fiat,500,2009,5800,116336,Benzine,Handgeschakeld,51,Hatchback,Grijs
c9d1f27badac04d5,2026-07-03T06:00:02.786144,2026-07-09T06:03:57.439172,Hyundai i20 - 1.2i i-Motion,Hyundai,i20,2011,5995,67635,Benzine,Handgeschakeld,57,Hatchback,Blauw
f3f9e3dd7d2f7798,2026-07-03T06:00:02.790070,2026-07-08T06:08:02.308781,Fiat 500 - 0.9 TwinAir Pop Airco Elektr. pakket LM velgen,Fiat,500,2012,4750,86472,Benzine,Handgeschakeld,63,Hatchback,Rood
99959475dd3dacfc,2026-07-03T06:00:02.790732,2026-07-04T06:01:54.914200,Fiat Panda - 0.9 TwinAir Lounge | Airco | Stuurbediening | Elektrische ra,Fiat,Panda,2012,4950,75565,Benzine,Handgeschakeld,63,Hatchback,Zwart
ae55204f0675589f,2026-07-03T06:00:02.793532,2026-07-26T06:04:06.776434,Hyundai i10 - 1.0 69pk i-Drive Cool | Airco | Elektrische Ramen | Radio CD,Hyundai,i10,2014,4900,99418,Benzine,Handgeschakeld,51,Hatchback,Grijs
40f6791b134b42c0,2026-07-03T06:00:02.794457,2026-07-13T06:11:36.223233,Peugeot 308 - 1.2 PureTech Active | Cruise Control | Bluetooth | Navigatie,Peugeot,308,2015,5350,148544,Benzine,Handgeschakeld,81,Hatchback,Blauw
f47ef25935e32cf1,2026-07-03T06:00:02.798160,2026-07-13T06:11:36.191394,Seat Ibiza - 1.2 TSI Chill Out plus 86pk | Cruise | Climate | LM-Velgen,Seat,Ibiza,2013,5950,141917,Benzine,Handgeschakeld,63,Hatchback,Grijs
0cb16d5e0be42fd7,2026-07-03T06:00:02.801448,2026-07-08T06:08:02.234041,Citroën C1 - 1.0 Collection (12 mnd BOVAG-garantie),Citroën,C1,2013,4745,83724,Benzine,Handgeschakeld,50,Hatchback,Wit
92cfc9791241247d,2026-07-03T06:00:02.805477,2026-07-28T06:03:31.368353,Fiat Panda - 1.2 Lounge|Dealeronderhouden,Fiat,Panda,2016,5950,142590,Benzine,Handgeschakeld,51,Hatchback,Zwart
75fd17363c0d7af7,2026-07-03T06:00:02.806217,2026-07-03T06:01:55.441429,Peugeot 108 - 1.0 e-VTi|RIJKLAAR|NAV|ANDROID|AC|ISOFIX|GARANTY,Peugeot,108,2014,5490,130108,Benzine,Handgeschakeld,51,Hatchback,Grijs
af49e0c6cdc5bc21,2026-07-03T06:00:02.807940,2026-07-27T06:11:07.733424,"Ford B-Max - 1.0 EcoBoost Style Airco, trekhaak afneembaar, NAP, Navigati",Ford,B-Max,2014,5350,93999,Benzine,Handgeschakeld,74,MPV,Blauw
d6fce6695f479fb2,2026-07-03T06:00:02.808552,2026-07-28T06:03:31.169358,Toyota iQ - 1.0 VVTi Comfort,Toyota,iQ,2010,5450,100327,Benzine,Handgeschakeld,50,Hatchback,Wit
123e91bd1e5faa66,2026-07-03T06:00:02.811651,2026-07-26T06:04:06.777663,Opel Adam - 1.2 Glam,Opel,Adam,2013,5450,128034,Benzine,Handgeschakeld,51,Hatchback,Geel
f31959b1bc4c5205,2026-07-03T06:00:02.816382,2026-07-06T06:03:03.567719,Peugeot 208 - 1.0 VTi LIKE,Peugeot,208,2014,5950,73618,Benzine,Handgeschakeld,50,Hatchback,Zwart
802da1b5b0c99484,2026-07-03T06:00:02.816989,2026-07-05T06:01:55.105306,Opel Meriva - 1.4 Turbo Design Edition l Airco l Cruise l NAP,Opel,Meriva,2013,5945,104544,Benzine,Handgeschakeld,103,MPV,Zwart
c0108548cdb127da,2026-07-04T06:00:02.392647,2026-07-11T06:04:01.159662,"Alfa Romeo MiTo - 1.4 T Distinctive, 135Pk, 2010, 1ste eigenaar, Origineel Ned",Alfa,Romeo,2010,5950,126544,Benzine,Handgeschakeld,99,Hatchback,Zwart
89fb57c0a9556c77,2026-07-04T06:00:02.393864,2026-07-28T06:03:31.198439,Volkswagen Up! - 1.0 move up! BlueMotion Airco,Volkswagen,Up!,2012,4850,138542,Benzine,Handgeschakeld,44,Hatchback,Zwart
cdc5dc6d8ed7c035,2026-07-04T06:00:02.403715,2026-07-30T06:02:37.001404,Dacia Logan Mcv - 0.9 TCe Prestige,Dacia,Logan,2015,5750,139543,Benzine,Handgeschakeld,66,MPV,Zwart
517dd71664f6410c,2026-07-04T06:00:02.410193,2026-07-07T06:04:00.560676,MINI Clubman - 1.6 Cooper | Panoramadak | Leder | slechts 130.909 km | Airc,MINI,Clubman,2008,4888,130909,Benzine,Handgeschakeld,88,,Bruin
745e4dbc8650a802,2026-07-04T06:00:02.410507,2026-07-17T06:07:54.812985,Kia Venga - 1.4 CVVT X-tra l Airco l Trekhaak l,Kia,Venga,2010,5945,125867,Benzine,Handgeschakeld,66,MPV,Zwart
f7cb04559388383b,2026-07-04T06:00:02.412019,2026-07-09T06:03:57.705692,Peugeot 2008 - 1.2 VTi Allure Pack Premium Plus | Panorama | Half leder | N,Peugeot,2008,2014,5740,149133,Benzine,Handgeschakeld,60,SUV / Terreinwagen,Zwart
d8314450d1da2ede,2026-07-04T06:00:02.414148,2026-07-17T06:07:54.735248,Opel Karl - 1.0 Edition||Cruise||Airco||PDC||Rijklaar||,Opel,Karl,2019,5950,155310,Benzine,Handgeschakeld,54,Hatchback,Wit
175d5ed3dab6626b,2026-07-04T06:00:02.414855,2026-07-28T06:03:31.225220,Mercedes-Benz A-klasse - 150 Classic Automaat|RIJKLAAR|AC|THAAK|LMV,Mercedes-Benz,A-klasse,2009,4990,152725,Benzine,Automaat,70,MPV,Grijs
ac1e546d6bac8131,2026-07-04T06:00:02.415152,2026-07-04T06:01:54.920460,Toyota Yaris - 1.3 VVTi Sol,Toyota,Yaris,2008,5950,117390,Benzine,Handgeschakeld,64,Hatchback,Grijs
4ccbda1553182fae,2026-07-05T06:00:02.759011,2026-07-20T06:15:00.284112,Suzuki Alto - 1.0 Exclusive,Suzuki,Alto,2012,4700,94254,Benzine,Handgeschakeld,50,Hatchback,Zwart
df1eb38506982889,2026-07-05T06:00:02.763795,2026-07-22T06:02:57.426224,Opel Corsa - 1.4 Edition 5-Drs | Parelmoer Metallic,Opel,Corsa,2016,5945,159959,Benzine,Handgeschakeld,66,Hatchback,Wit
ff767ea89e8c9b5f,2026-07-05T06:00:02.764731,2026-07-24T06:03:55.158241,Alfa Romeo MiTo - 1.4 Distinctive | Airco (automatisch) | Cruise control | Ele,Alfa,Romeo,2011,5950,50952,Benzine,Handgeschakeld,77,Hatchback,Zwart
154531d8228d0da7,2026-07-05T06:00:02.765029,2026-07-13T06:11:36.252201,Fiat Punto - 1.2 Street Airco - Bluetooth - Licht metalen velgen 15 inch,Fiat,Punto,2016,5999,122205,Benzine,Handgeschakeld,51,Hatchback,Zwart
721964d0b8dca3ab,2026-07-05T06:00:02.767210,2026-07-06T06:03:03.728889,Toyota Yaris - 1.0 VVTi Acces | 1e eigenaar | Airco,Toyota,Yaris,2010,4940,132768,Benzine,Handgeschakeld,51,Hatchback,Grijs
fe70a61fb1590d21,2026-07-05T06:00:02.770603,2026-07-19T06:02:53.710979,Peugeot 5008 - 1.6 THP ST 7p.,Peugeot,5008,2012,4995,156081,Benzine,Handgeschakeld,115,MPV,Blauw
1bbc5862fbed3c7d,2026-07-05T06:00:02.774299,2026-07-05T06:01:55.095764,Suzuki Alto - 1.0 Automaat * Summerdeal * Comfort,Suzuki,Alto,2011,5744,134119,Benzine,Automaat,50,Hatchback,Grijs
615989cde7e555e4,2026-07-05T06:00:02.777658,2026-07-30T06:02:36.828764,Citroën C3 - 1.2 PureTech Selection / Navi / Cruise / Climate / All Seaso,Citroën,C3,2016,5950,110870,Benzine,Handgeschakeld,60,Hatchback,Blauw
5aa66d059a86dd0c,2026-07-05T06:00:02.778605,2026-07-13T06:11:36.131980,Kia Venga - 1.4 CVVT Comfort Pack,Kia,Venga,2010,5945,99041,Benzine,Handgeschakeld,66,MPV,Grijs
f903725a88fb0b0f,2026-07-05T06:00:02.781382,2026-07-05T06:01:55.102623,MINI Clubman - 1.4 One Anniversary MKII '' Pano - CC - Clima '',MINI,Clubman,2010,5950,137923,Benzine,Handgeschakeld,70,,Wit
173c4e34647deb2e,2026-07-05T06:00:02.787602,2026-07-29T06:02:56.285319,Citroën DS3 - 1.6 THP Ultra Prestige ECC CRUISE NAVI LMV PDC,Citroën,DS3,2013,5450,128495,Benzine,Handgeschakeld,115,Hatchback,Grijs
52c999b11af0e031,2026-07-06T06:00:07.843988,2026-07-11T06:04:01.161227,Peugeot 207 - CC 1.6 VTi Roland Garros | Automaat! | Cabrio | Goed onderho,Peugeot,207,2012,5950,132853,Benzine,Automaat,88,Cabriolet,Grijs
a56089a9051a4aa1,2026-07-06T06:00:08.027962,2026-07-06T06:03:03.747826,Fiat 500C - 0.9 TwinAir Lounge sport cabriolet 2e eigenaar,Fiat,500C,2012,4650,127562,Benzine,Handgeschakeld,63,Cabriolet,Zwart
fe37834e328c77fd,2026-07-06T06:00:08.038770,2026-07-29T06:02:56.431989,Suzuki Alto - 1.0 Comfort VVT | Airco | All season banden,Suzuki,Alto,2013,5940,94745,Benzine,Handgeschakeld,50,Hatchback,Blauw
e4cf3855eda9b780,2026-07-06T06:00:08.039478,2026-07-06T06:03:03.750761,Citroën C3 - 1.2 * Trekhaak * Parkeersensoren * Cruise control,Citroën,C3,2015,5690,63670,Benzine,Handgeschakeld,60,Hatchback,Grijs
ebc19d85df7b639d,2026-07-06T06:00:08.091493,2026-07-06T06:03:03.798084,"Kia Picanto - 1.0 CVVT Comfort Pack 5 Deurs - Airco, Lichtmetalen Velgen",Kia,Picanto,2012,4845,106495,Benzine,Handgeschakeld,51,Hatchback,Bruin
9b4747ef8d9be6b2,2026-07-06T06:00:08.092140,2026-07-06T06:03:03.830630,Peugeot 308 - CC 1.6 VTi Sport,Peugeot,308,2010,4950,95412,Benzine,Handgeschakeld,88,Cabriolet,Zwart
a8d88c2e8ec7adf0,2026-07-06T06:00:08.093412,2026-07-23T06:04:19.327455,"Citroën C1 - 1.0 e-VTi Feel 5 Deurs - Airco, Lichtmetalen Velgen",Citroën,C1,2015,4845,148354,Benzine,Handgeschakeld,51,Hatchback,Zwart
59fb54ce64ba154d,2026-07-06T06:00:08.131507,2026-07-06T06:03:03.834222,Peugeot 3008 - 1.6 VTi ST,Peugeot,3008,2010,4995,93314,Benzine,Handgeschakeld,88,MPV,Zwart
76de2edf47f217a3,2026-07-06T06:00:08.133105,2026-07-11T06:04:01.329455,Fiat Sedici - 1.6-16V |Airco|Trekhaak|Cruise control!!|,Fiat,Sedici,2012,4550,158579,Benzine,Handgeschakeld,88,MPV,Grijs
24c48ed03a7c6aba,2026-07-07T06:00:10.021791,2026-07-17T06:07:54.694662,Seat Ibiza - 1.2 Reference - Airco,Seat,Ibiza,2013,4845,131844,Benzine,Handgeschakeld,51,Hatchback,Wit
5fd91816a8746148,2026-07-07T06:00:10.059869,2026-07-07T06:04:00.705913,Hyundai i10 - 1.0 i-Drive Cool | Airco | DAB |,Hyundai,i10,2013,5640,86513,Benzine,Handgeschakeld,51,Hatchback,Grijs
ec0cea9c202445d6,2026-07-07T06:00:10.252183,2026-07-07T06:04:00.816820,Opel Corsa - 1.4-16V Enjoy Automaat Airco,Opel,Corsa,2009,5650,104876,Benzine,Automaat,66,Hatchback,Grijs
e70061f47d658e68,2026-07-07T06:00:10.288711,2026-07-07T06:04:00.840209,Ford B-Max - 1.0 EcoBoost 100PK Titanium Navigatie Distributie riem verva,Ford,B-Max,2013,5950,132141,Benzine,Handgeschakeld,74,MPV,Blauw
0029a0c92ad704fa,2026-07-07T06:00:10.289652,2026-07-30T06:02:36.931851,Peugeot 107 - 1.0 Active | Airconditioning | LED | Mistlampen | NL auto |,Peugeot,107,2013,5900,76416,Benzine,Handgeschakeld,50,Hatchback,Wit
8deac39e46692c4f,2026-07-07T06:00:10.316200,2026-07-09T06:03:57.576123,Toyota Aygo - 5-DEURS AIRCO LAGE-KMSTAND AIRCO RADIO,Toyota,Aygo,2012,5390,61434,Benzine,Handgeschakeld,50,Hatchback,Wit
6a63d12e66fc131b,2026-07-07T06:00:10.316510,2026-07-20T06:15:00.349737,Skoda Citigo - 1.0 Greentech Arctic Air | Panoramadak | Airco | Cruise cont,Skoda,Citigo,2013,5995,141257,Benzine,Handgeschakeld,55,Hatchback,Zwart
b273692a9362d738,2026-07-07T06:00:10.368038,2026-07-07T06:04:00.984750,Toyota Yaris - 1.3 VVTi Aspiration,Toyota,Yaris,2011,5450,141187,Benzine,Handgeschakeld,73,Hatchback,Blauw
8f40af3ae7b730a8,2026-07-07T06:00:10.368359,2026-07-07T06:04:00.985189,Peugeot 208 - 1.2 PureTech Active 82 PK | Handgeschakeld | Airco | Cruise,Peugeot,208,2016,5950,102000,Benzine,Handgeschakeld,60,Hatchback,Zwart
8e8d9669434fbe89,2026-07-07T06:00:10.368979,2026-07-15T06:02:31.202664,Peugeot 108 - 1.0 e-VTi Allure,Peugeot,108,2016,5790,154158,Benzine,Handgeschakeld,51,Hatchback,Grijs
98455407f7ccfe5c,2026-07-07T06:00:10.455341,2026-07-07T06:04:01.103826,Kia Picanto - 1.0 CVVT APK T/M 10-2-2027,Kia,Picanto,2015,4999,117168,Benzine,Handgeschakeld,48,Hatchback,Blauw
6a200fa1cbb4b289,2026-07-08T06:05:20.508243,2026-07-23T06:04:19.715924,Skoda Fabia - 1.2 TSI Tour | Cruise control | Airco | Radio | NAP kilomete,Skoda,Fabia,2013,4950,154044,Benzine,Handgeschakeld,63,Hatchback,Zwart
5b50ac53899e1780,2026-07-08T06:05:20.510410,2026-07-08T06:08:02.090158,Alfa Romeo MiTo - 0.9 TwinAir Exclusive (12 mnd BOVAG-Garantie),Alfa,Romeo,2016,5995,149428,Benzine,Handgeschakeld,73,Hatchback,Grijs
2599097f74dab0c2,2026-07-08T06:05:20.610147,2026-07-15T06:02:31.024885,Citroën C1 - 1.0 e-VTi Style Edition Airco | Bluetooth | All Seasons Band,Citroën,C1,2015,5940,89581,Benzine,Handgeschakeld,51,Hatchback,Rood
479a63516eea0d5b,2026-07-08T06:05:20.646495,2026-07-30T06:02:37.026772,Fiat 500 - 1.2 Lounge | Schuif/kanteldak | PDC | Airco,Fiat,500,2011,5995,101172,Benzine,Handgeschakeld,51,Hatchback,Blauw
059e89f4d3d2a8cf,2026-07-08T06:05:20.667956,2026-07-08T06:08:02.202119,Opel Adam - 1.0 Turbo Glam Cruise Airco Lm Apk 13-06-2027,Opel,Adam,2014,5950,125428,Benzine,Handgeschakeld,85,Hatchback,Zwart
c88e6b14de78fe4c,2026-07-08T06:05:20.714330,2026-07-09T06:03:57.620234,Peugeot 207 - 1.6 VTi 16V 120pk Automaat Allure,Peugeot,207,2011,5435,101140,Benzine,Automaat,88,,Blauw
d781462cfd1f5fbc,2026-07-08T06:05:20.767176,2026-07-14T06:02:01.085209,Citroën C1 - 1.0 e-VTi Selection 5drs | Airco | Centr. vergr. | Goed onde,Citroën,C1,2017,5700,89604,Benzine,Handgeschakeld,51,Hatchback,Grijs
7d7c42900e4bced8,2026-07-08T06:05:20.768147,2026-07-28T06:03:31.366984,Renault Twingo - 1.2 16V Authentique,Renault,Twingo,2014,4950,91565,Benzine,Handgeschakeld,55,Hatchback,Wit
b7872d9b8603e1b1,2026-07-09T06:00:09.036914,2026-07-29T06:02:56.225491,Mazda 2 - 1.3 S,Mazda,2,2009,5950,86583,Benzine,Handgeschakeld,55,Hatchback,Grijs
7afdc69b5e762b8a,2026-07-09T06:00:09.037845,2026-07-25T06:05:44.021154,Toyota Aygo - 1.0 VVT-i Access 5-deurs | Airco | CPV,Toyota,Aygo,2012,5495,137265,Benzine,Handgeschakeld,50,Hatchback,Blauw
6f63205e31a1f76e,2026-07-09T06:00:09.038441,2026-07-13T06:11:36.098166,Fiat 500 - 1.2 Lounge,Fiat,500,2011,5450,145289,Benzine,Handgeschakeld,51,Hatchback,Wit
566e1d52fd22f10f,2026-07-09T06:00:09.100101,2026-07-25T06:05:44.046979,Opel Corsa - 1.4 16V 5D Edition *Airco,Opel,Corsa,2011,5825,146584,Benzine,Handgeschakeld,74,Hatchback,Blauw
786364e966d7e27d,2026-07-09T06:00:09.140854,2026-07-29T06:02:56.186457,Ford Fiesta - 1.0 Style|65Pk|5Drs|Airco|Boekjes,Ford,Fiesta,2015,5845,135395,Benzine,Handgeschakeld,48,Hatchback,Grijs
ca2418d1b05ec65f,2026-07-09T06:00:09.141156,2026-07-16T06:02:36.448780,Peugeot 207 - CC 1.6 Turbo Sport Leder/Ecc/17inch/Cruise/Cabrio,Peugeot,207,2009,4899,115427,Benzine,Handgeschakeld,110,Cabriolet,Grijs
4195090fcc5bb8da,2026-07-09T06:00:09.251491,2026-07-14T06:02:01.102113,Ford Fiesta - 1.25 Titanium | Climate | Verw. voorruit | Bluetooth | Senso,Ford,Fiesta,2010,5950,76152,Benzine,Handgeschakeld,60,Hatchback,Grijs
041b15883a459c43,2026-07-09T06:00:09.253356,2026-07-27T06:11:07.657085,Fiat Panda - 0.9 TwinAir Lounge | Climate control | Lichtmetalen velgen |,Fiat,Panda,2015,5950,127403,Benzine,Handgeschakeld,59,Hatchback,Rood
42d8830a42110d3e,2026-07-09T06:00:09.254107,2026-07-29T06:02:56.196296,Toyota Yaris - 1.3 VVT-i S-Line | Rijklaar |,Toyota,Yaris,2005,5550,106000,Benzine,Handgeschakeld,63,Hatchback,Grijs
722d25096fa86bd5,2026-07-09T06:00:09.334911,2026-07-09T06:03:57.676450,Ford Focus - Wagon 1.0 EcoBoost Edition | Airco | Trekhaak |,Ford,Focus,2014,5950,148654,Benzine,Handgeschakeld,74,,Blauw
4c8beadca3eebd36,2026-07-09T06:00:09.336057,2026-07-09T06:03:57.677574,Peugeot 107 - 1.0 Active |AUTOMAAT|AIRCO|CENTRALE DEURVERGRENDELING|,Peugeot,107,2012,5950,98725,Benzine,Automaat,50,Hatchback,Grijs
644572e7ee2ecd1b,2026-07-09T06:00:09.382880,2026-07-14T06:02:01.106668,Ford Fiesta - 1.0 EcoBoost Titanium LMV - AIRCO - NAVI,Ford,Fiesta,2014,4990,146041,Benzine,Handgeschakeld,74,Hatchback,Zwart
6dd7f36a8bd47f64,2026-07-09T06:00:09.384273,2026-07-09T06:03:57.747216,Citroën C3 Picasso - 1.4 VTi Tendance AIRCO,Citroën,C3,2014,5499,100499,Benzine,Handgeschakeld,70,MPV,Grijs
d5b77def78068acf,2026-07-10T06:00:05.070429,2026-07-10T06:02:30.351896,Fiat 500C - 0.9 TwinAir Lounge Pano|Navi|Airco|LMV,Fiat,500C,2014,5950,106437,Benzine,Handgeschakeld,63,Cabriolet,Wit
81eb4176435ae7fb,2026-07-10T06:00:05.084047,2026-07-30T06:02:36.975830,Kia Picanto - 1.0 CVVT ISG | Airco |,Kia,Picanto,2013,5900,135282,Benzine,Handgeschakeld,51,Hatchback,Grijs
d19efad0306c2359,2026-07-10T06:00:05.085083,2026-07-14T06:02:01.111317,Fiat 500 - 1.0 TwinAir Pop Rijklaarprijs,Fiat,500,2014,4700,123131,Benzine,Handgeschakeld,44,Hatchback,Zwart
2ed7a5cdee9cce3e,2026-07-10T06:00:05.113530,2026-07-21T06:04:36.926998,Fiat 500 - 1.0 TwinAir Pop,Fiat,500,2014,5450,144183,Benzine,Handgeschakeld,44,Hatchback,Zwart
99b055aa1ff63c18,2026-07-10T06:00:05.113848,2026-07-29T06:02:56.396933,Citroën C3 Picasso - 1.2 PureTech Exclusive|NAVI|CLIMA|AIRCO|GOED ONDERHOUDEN,Citroën,C3,2017,5945,111000,Benzine,Handgeschakeld,81,MPV,Grijs
67ffc9fdd99e1137,2026-07-10T06:00:05.136247,2026-07-30T06:02:36.957450,Toyota Auris - 1.6-16V Luna Business Automaat | Sensoren achter | Cruise Co,Toyota,Auris,2007,5900,115114,Benzine,Automaat,91,Hatchback,Blauw
f4a8085efb8b0c0f,2026-07-10T06:00:05.137411,2026-07-27T06:11:07.697932,Opel Vivaro - 1.6 CDTI L2H1 Edition EcoFlex Weinig KM,Opel,Vivaro,2016,5250,117718,Diesel,Handgeschakeld,88,,Wit
8de030e0adc67835,2026-07-10T06:00:05.138145,2026-07-14T06:02:01.084015,Hyundai i20 - 1.2i i-Drive,Hyundai,i20,2013,4750,144991,Benzine,Handgeschakeld,63,Hatchback,Zwart
8cbf47922fad317e,2026-07-10T06:00:05.166201,2026-07-12T06:03:02.546794,Ford C-Max - 1.0 Titanium Trekhaak|boekjes,Ford,C-Max,2013,5995,155202,Benzine,Handgeschakeld,92,MPV,Zwart
b4ecf0113af2535a,2026-07-10T06:00:05.166503,2026-07-24T06:03:55.272950,Citroën C1 - 1.0 Collection,Citroën,C1,2013,5445,63566,Benzine,Handgeschakeld,50,Hatchback,Wit
2a8e6313569fa914,2026-07-10T06:00:05.211094,2026-07-28T06:03:31.226215,Citroën C1 - 1.0 e-VTi Feel|LED 5DRS|Airco|Centrale vergrendeling,Citroën,C1,2015,5450,155728,Benzine,Handgeschakeld,51,Hatchback,Zwart
fe8a2520c56c8b5c,2026-07-10T06:00:05.240961,2026-07-20T06:15:00.413911,Fiat Doblò Cargo - 1.3 MJ | Euro 6 | Airco | Multimedia,Fiat,Doblò,2017,5900,113853,Diesel,Handgeschakeld,70,,
55d5a1def7d562cf,2026-07-10T06:00:05.263969,2026-07-10T06:02:30.525706,Renault Twingo - 1.0 SCe Dynamique | Airco | 5-Deurs | BT,Renault,Twingo,2017,4990,151259,Benzine,Handgeschakeld,52,Hatchback,Blauw
5b5ab1224e547c03,2026-07-11T06:01:09.999325,2026-07-30T06:02:36.856511,Mitsubishi Space Star - 1.0 Inform | Airco | Incl. fietsendrager,Mitsubishi,Space,2014,5990,154512,Benzine,Handgeschakeld,52,Hatchback,Grijs
98def1139bcd63d8,2026-07-11T06:01:10.001603,2026-07-30T06:02:36.966989,Volkswagen Up! - 1.0 move up! BlueMotion airco Volkswagen Up! 1.0 move up! Bl,Volkswagen,Up!,2013,5300,139470,Benzine,Handgeschakeld,44,Hatchback,Zwart
845a76d724cda2ac,2026-07-11T06:01:10.002291,2026-07-17T06:07:54.699076,Volkswagen Up! - 1.0 take up! BlueMotion cruise control/PDC/Bluetooth,Volkswagen,Up!,2012,5450,145232,Benzine,Handgeschakeld,44,Hatchback,Grijs
93807dfea023680d,2026-07-11T06:01:10.035166,2026-07-11T06:04:01.118779,Renault Clio - 0.9 TCe Expression Rijklaar! Incl. APK en beurt - 3 mnd. gar,Renault,Clio,2014,5450,159553,Benzine,Handgeschakeld,66,Hatchback,Grijs
1359887c7fe15ec3,2026-07-11T06:01:10.036426,2026-07-12T06:03:02.388468,Nissan Qashqai - 1.6 Acenta Clima / Trekhaak / PDC,Nissan,Qashqai,2009,5950,144481,Benzine,Handgeschakeld,84,SUV / Terreinwagen,Grijs
abca8ca8ca79d8af,2026-07-11T06:01:10.121457,2026-07-30T06:02:36.900497,"Citroën C4 - 1.6 VTi Tendance, Automaat",Citroën,C4,2012,4950,141565,Benzine,Automaat,88,Hatchback,Blauw
ec5bf7526fdbd0ca,2026-07-11T06:01:10.181594,2026-07-30T06:02:36.829694,Fiat Panda - 0.9 TwinAir Lounge CLIMA PARKEERSENSOREN PRIVACY GLASS,Fiat,Panda,2015,5950,95744,Benzine,Handgeschakeld,44,Hatchback,Zwart
8ab36fd1ca841521,2026-07-11T06:01:10.243139,2026-07-28T06:03:31.281608,Peugeot 108 - 1.2 VTi Allure | Airco,Peugeot,108,2014,5950,98099,Benzine,Handgeschakeld,60,Hatchback,Grijs
9f3eecfa97e66f6f,2026-07-11T06:01:10.244598,2026-07-26T06:04:06.854579,Toyota Aygo - 1.0-12V Cool | Airco,Toyota,Aygo,2011,4890,62254,Benzine,Handgeschakeld,50,Hatchback,Wit
f9a3723c580bb43c,2026-07-11T06:01:10.246413,2026-07-29T06:02:56.396323,Suzuki Splash - 1.0 VVT Comf. EASSS,Suzuki,Splash,2015,5950,150552,Benzine,Handgeschakeld,50,Hatchback,Grijs
e1b023ac127da665,2026-07-12T06:00:07.035645,2026-07-17T06:07:54.736465,Hyundai i10 - 1.0 i-Drive Cool,Hyundai,i10,2013,4950,93500,Benzine,Handgeschakeld,51,Hatchback,Grijs
be7dc69f86e9baf9,2026-07-12T06:00:07.072410,2026-07-23T06:04:19.836416,Renault Twingo - 1.2 16V Parisienne 81dkm Airco NL-auto Zuinig Nwe APK,Renault,Twingo,2013,4850,81932,Benzine,Handgeschakeld,55,Hatchback,Wit
0da1b30c685d9329,2026-07-12T06:00:07.143920,2026-07-30T06:02:36.800656,Nissan Note - 1.6 Acenta automaat airco Nissan Note 1.6 Acenta,Nissan,Note,2007,5500,93847,Benzine,Automaat,81,MPV,Grijs
ebf757b9bc63b7c3,2026-07-12T06:00:07.177446,2026-07-14T06:02:01.117406,Citroën C1 - 1.0 First Edition,Citroën,C1,2012,4500,104585,Benzine,Handgeschakeld,50,Hatchback,Wit
e30582e414ce0ae4,2026-07-12T06:00:07.186860,2026-07-17T06:07:54.765286,Volkswagen Caddy - 1.6 TDI Economy Baseline AIRCO-CRUISE,Volkswagen,Caddy,2014,5950,156094,Diesel,Handgeschakeld,55,,
23dcfed2f894e902,2026-07-12T06:00:07.188746,2026-07-21T06:04:36.953951,Fiat 500 - 0.9 TwinAir Turbo | Cabrio | Sport,Fiat,500,2014,5950,146428,Benzine,Handgeschakeld,77,Cabriolet,Grijs
29abcd307d670d9c,2026-07-12T06:00:07.228166,2026-07-12T06:03:02.626829,Citroën C1 - 1.0 e-VTi Shine | Airco | Achteruitrijcamera | Bluetooth | 1,Citroën,C1,2014,5995,87576,Benzine,Handgeschakeld,51,Hatchback,Wit
94ec39f6d5815d4d,2026-07-12T06:00:07.228832,2026-07-30T06:02:36.899229,Citroën C1 - 1.0 e-VTi Feel 5 Deurs | LED | Airco |,Citroën,C1,2015,4885,148186,Benzine,Handgeschakeld,51,Hatchback,Blauw
12a9266a55a1c3ef,2026-07-12T06:00:07.229429,2026-07-12T06:03:02.628263,Peugeot 308 - 1.2 PureTech Blue Lease Executive. Pano+Trekhaak,Peugeot,308,2017,5449,155148,Benzine,Handgeschakeld,82,Hatchback,Grijs
61026ca08355d07d,2026-07-12T06:00:07.230027,2026-07-21T06:04:37.029850,Fiat 500C - 0.9 TwinAir 500S | Uitstraling | Airco | Blue&Me,Fiat,500C,2014,5750,144896,Benzine,Handgeschakeld,63,Cabriolet,Zwart
a5708984b9b5cad1,2026-07-12T06:00:07.271494,2026-07-26T06:04:06.876147,Ford Fiesta - 1.0 Style | AIRCONDITIONING | WORDT VERWACHT |,Ford,Fiesta,2013,5795,136975,Benzine,Handgeschakeld,48,Hatchback,Wit
34b06d3eb4e7b868,2026-07-12T06:00:07.315109,2026-07-12T06:03:02.661691,Renault Grand Scénic - 1.2 TCe Bose CLIMATE | CRUISE | NAVI | PDC | KEYLESS | EL.RA,Renault,Grand,2013,5999,136577,Benzine,Handgeschakeld,97,MPV,Bruin
fd0fb9651f350aa2,2026-07-12T06:00:07.315435,2026-07-12T06:03:02.662002,Opel Karl - 1.0 ECOFLEX EDITION,Opel,Karl,2016,5999,115473,Benzine,Handgeschakeld,55,Hatchback,Zwart
4d775b9bf8819f7e,2026-07-12T06:00:07.316453,2026-07-12T06:03:02.697602,Citroën C1 - 1.0 e-VTi Selection,Citroën,C1,2016,5950,149328,Benzine,Handgeschakeld,51,Hatchback,Zwart
35f3b44400aadd7d,2026-07-13T06:08:54.229548,2026-07-22T06:02:57.674042,Toyota Aygo - 1.0 VVT-i Comfort Orange | Airco | Elektrische ramen voor |,Toyota,Aygo,2013,5950,94091,Benzine,Handgeschakeld,50,Hatchback,Oranje
ced48d8cfa2d6a74,2026-07-13T06:08:54.270005,2026-07-30T06:02:37.027472,Alfa Romeo MiTo - 0.9 TwinAir Distinctive – 2012 | Origineel Nederlandse auto,Alfa,Romeo,2012,5450,89499,Benzine,Handgeschakeld,63,Hatchback,Grijs
64c47f706f0ec588,2026-07-13T06:08:54.306156,2026-07-13T06:11:36.131332,"Opel Karl - 1.0 ecoFLEX Edition. Apple Carplay/Android Auto, DAB, Parkee",Opel,Karl,2017,5150,146145,Benzine,Handgeschakeld,55,Hatchback,Groen
2c1ffd8b786d67cb,2026-07-13T06:08:54.338172,2026-07-29T06:02:56.283453,"Peugeot 308 - CC 1.6 THP Feline Airco, Leder, Nekverwarming",Peugeot,308,2010,5950,122054,Benzine,Handgeschakeld,115,Cabriolet,Grijs
83a292647f79071f,2026-07-13T06:08:54.388116,2026-07-14T06:02:01.099707,Toyota Yaris - 1.3 VVTi Terra | All-season | Airco | Trekhaak | Radio |,Toyota,Yaris,2007,5900,135704,Benzine,Handgeschakeld,64,Hatchback,Blauw
21b41a6b17ba8380,2026-07-13T06:08:54.388424,2026-07-24T06:03:55.128486,Ford Ka - 1.2 Titanium X start/stop,Ford,Ka,2013,5750,97547,Benzine,Handgeschakeld,51,Hatchback,Grijs
806d75e0ef78c406,2026-07-13T06:08:54.496034,2026-07-26T06:04:06.856897,Citroën C-Zero - 4-persoons 16 kWh / Climatronic / Lichtmetaal / Bluetooth,Citroën,C-Zero,2012,5900,91336,Elektrisch,Automaat,49,Hatchback,Wit
0e161fc95f9f802a,2026-07-13T06:08:54.497576,2026-07-19T06:02:53.714025,Ford Fiesta - 1.25 Limited (APK:Nieuw) Incl.Garantie,Ford,Fiesta,2010,4745,119000,Benzine,Handgeschakeld,44,Hatchback,Wit
0fde1a56fa9c2a38,2026-07-13T06:08:54.497874,2026-07-28T06:03:31.357441,Ford Fiesta - 1.25 Limited 5 Drs Airco,Ford,Fiesta,2011,5900,101908,Benzine,Handgeschakeld,44,Hatchback,Grijs
bbb821422eeb4141,2026-07-13T06:08:54.524254,2026-07-29T06:02:56.395698,Ford Transit - Kombi 330L 2.0TDdi L2H3 | MARGE | Camper | Airco | Camera,Ford,Transit,2005,5000,129496,Diesel,Handgeschakeld,74,,Wit
f52fbcb5285a97a3,2026-07-13T06:08:54.525870,2026-07-30T06:02:36.827165,Opel Adam - 1.2 Glam,Opel,Adam,2014,5250,115805,Benzine,Handgeschakeld,51,Hatchback,Paars
4da55820a45b661e,2026-07-13T06:08:54.536810,2026-07-16T06:02:36.318967,Kia Venga - 1.6 CVVT X-tra,Kia,Venga,2010,5950,133575,Benzine,Automaat,92,MPV,Grijs
77e859f236528454,2026-07-14T06:00:02.796978,2026-07-25T06:05:44.237935,MINI Cooper S - 1.6 COOPER S,MINI,Cooper,2005,4750,131438,Benzine,Automaat,125,Hatchback,Zwart
4eab5d441cbb5601,2026-07-14T06:00:02.798426,2026-07-14T06:02:01.082819,Opel Agila - 1.2 Edition | Cruise Control | Achteruitrijcamera | Trekhaak,Opel,Agila,2011,4950,103218,Benzine,Handgeschakeld,69,Hatchback,Grijs
8d4fa37a0df9f34a,2026-07-14T06:00:02.803356,2026-07-25T06:05:44.183517,Peugeot 308 - Coupe Cabrio 120pk Climat | Windscherm | Stoelverw,Peugeot,308,2011,4995,143068,Benzine,Handgeschakeld,88,Cabriolet,Zwart
0d9c9a2e95c195b4,2026-07-14T06:00:02.804572,2026-07-14T06:02:01.091932,Volkswagen Polo - 1.4-16V Comfortline | Airco | Android auto / Apple Carplay |,Volkswagen,Polo,2011,5950,157070,Benzine,Handgeschakeld,63,Hatchback,Blauw
db987ee399b22137,2026-07-14T06:00:02.805821,2026-07-14T06:02:01.093134,Hyundai i10 - 1.1 i-Drive Cool,Hyundai,i10,2012,4950,70162,Benzine,Handgeschakeld,51,Hatchback,Blauw
cecef16253d254ac,2026-07-14T06:00:02.809547,2026-07-15T06:02:31.025800,Citroën C1 - 1.0 e-VTi Selection | 5 Deurs | Airco | Cruise Control,Citroën,C1,2017,4900,126600,Benzine,Handgeschakeld,51,Hatchback,Blauw
6053bb71859e3c6b,2026-07-14T06:00:02.810501,2026-07-28T06:03:31.252273,Renault Clio - 0.9 TCe Night & Day | Cruise | Navi | Bluetooth | LM Velgen,Renault,Clio,2016,5945,156928,Benzine,Handgeschakeld,66,Hatchback,Grijs
a68462a076da5d3c,2026-07-14T06:00:02.814298,2026-07-29T06:02:56.286247,"Kia Picanto - 1.0 CVVT ComfortLine Airco, 5 DRS, NL/NAP",Kia,Picanto,2015,5940,109516,Benzine,Handgeschakeld,49,Hatchback,Rood
2e16f8a9d16308cc,2026-07-14T06:00:02.816901,2026-07-24T06:03:55.240545,Suzuki Alto - 1.0 Comfort Plus,Suzuki,Alto,2010,4950,66321,Benzine,Handgeschakeld,50,Hatchback,Blauw
14cac25f6dc68ba7,2026-07-14T06:00:02.824713,2026-07-24T06:03:55.341410,Citroën Berlingo - 1.6 HDI 75 Comfort 1e EIG! AIRCO | CRUISE | BLUETOOTH,Citroën,Berlingo,2016,5750,149243,Diesel,Handgeschakeld,55,,Wit
aeea83447a23a213,2026-07-14T06:00:02.827449,2026-07-22T06:02:57.425521,Smart ForFour - 1.0 Cool & Audio NL-Auto / Clima / Cruise / 5 deurs / Hoge z,Smart,ForFour,2016,5890,65312,Benzine,Handgeschakeld,52,Hatchback,Zwart
fb574a7f2a976755,2026-07-15T06:00:05.662381,2026-07-15T06:02:31.024239,Kia Rio - 1.2 CVVT Super Pack | Mistlampen | Navigatie | Airco,Kia,Rio,2012,5995,137013,Benzine,Handgeschakeld,63,Hatchback,Rood
47a77ec0031f8962,2026-07-15T06:00:05.690234,2026-07-15T06:02:31.049277,Dacia Lodgy - 1.2 TCe Lauréate 5p.|Airco|Orig. NL|Navi|,Dacia,Lodgy,2013,4950,142949,Benzine,Handgeschakeld,85,MPV,Zwart
04aae9a03d2fbb1f,2026-07-15T06:00:05.707477,2026-07-25T06:05:44.047309,Renault Twingo - 1.0 SCe Expression BLUETOOTH / AIRCO,Renault,Twingo,2016,5450,125023,Benzine,Handgeschakeld,52,Hatchback,Blauw
44859f234ce24757,2026-07-15T06:00:05.707834,2026-07-29T06:02:56.284092,Mazda 2 - 1.3 S-VT Touring - Airco | Stoelverw | Lichtmetaal |,Mazda,2,2008,6000,144563,Benzine,Handgeschakeld,55,Hatchback,Rood
bd21f1e86b55b1f3,2026-07-15T06:00:05.709209,2026-07-16T06:02:36.346368,Mitsubishi Space Star - 1.0 Inform / 1e Eigenaar / Airco / Elektr. Verstelbare Spieg,Mitsubishi,Space,2014,5885,86261,Benzine,Handgeschakeld,52,Hatchback,Blauw
9d3238371a7aafd8,2026-07-15T06:00:05.741852,2026-07-17T06:07:54.729345,Volkswagen Up! - 1.0 BMT move 59pk | Airco | DAB+ | Elektrisch verstelb. buit,Volkswagen,Up!,2018,5900,145760,Benzine,Handgeschakeld,43,Hatchback,Wit
842287f1eef37d5f,2026-07-15T06:00:05.764747,2026-07-15T06:02:31.117305,Hyundai i20 - 1.2I 5-DRS,Hyundai,i20,2013,5950,69284,Benzine,Handgeschakeld,63,Hatchback,Grijs
bf0a97d2829ce140,2026-07-15T06:00:05.765773,2026-07-23T06:04:19.443843,Suzuki Swift - 1.2 Comfort EASSS,Suzuki,Swift,2012,5750,134884,Benzine,Handgeschakeld,69,Hatchback,Wit
326db25c2fba9628,2026-07-15T06:00:05.803585,2026-07-15T06:02:31.152428,Toyota Aygo - 1.0 VVT-i Comfort | Origineel NL | Airco | Elektrische ramen,Toyota,Aygo,2012,5999,106380,Benzine,Handgeschakeld,50,Hatchback,Grijs
16caa801c21d6f45,2026-07-15T06:00:05.804240,2026-07-29T06:02:56.284706,"Citroën C4 - 1.2 PureTech Exclusive Nieuwe db-set, Navigatie, Trekhaak",Citroën,C4,2014,5000,121000,Benzine,Handgeschakeld,96,Hatchback,Zwart
0abeb215e8108ba5,2026-07-15T06:00:05.805182,2026-07-29T06:02:56.254906,Opel Agila - 1.2 16V 94pk Edition,Opel,Agila,2011,5725,71660,Benzine,Handgeschakeld,69,Hatchback,Grijs
0fc5f0db12615ef1,2026-07-15T06:00:05.821207,2026-07-15T06:02:31.177566,Renault Mégane - Coupé-Cabriolet 1.4 TCE Dynamique,Renault,Mégane,2010,5490,149705,Benzine,Handgeschakeld,96,Cabriolet,Wit
1ccd1ebd3aeedbf1,2026-07-15T06:00:05.852708,2026-07-16T06:02:36.473157,Renault Clio - Estate 0.9 TCe Expression | Airco | Parkeersensoren | Cruise,Renault,Clio,2013,5900,130146,Benzine,Handgeschakeld,66,,Rood
1b787c1da854a8b2,2026-07-15T06:00:05.863261,2026-07-15T06:02:31.226776,Volkswagen Up! - 1.0 BMT move UP! Airco 5DRS (2018),Volkswagen,Up!,2018,5750,156436,Benzine,Handgeschakeld,,Hatchback,
012714ae2f3fc0e2,2026-07-16T06:00:05.332655,2026-07-27T06:11:07.716277,Ford Fiesta - 1.25 Limited 5 Drs Airco,Ford,Fiesta,2011,5900,93855,Benzine,Handgeschakeld,44,Hatchback,Grijs
2e354432baa47ad4,2026-07-16T06:00:05.359120,2026-07-16T06:02:36.393124,Peugeot 108 - 1.0 e-VTi Active,Peugeot,108,2018,5650,112619,Benzine,Handgeschakeld,51,Hatchback,Wit
be4170fc7e25c052,2026-07-16T06:00:05.361065,2026-07-30T06:02:37.027144,Opel Karl - 1.0 ecoFLEX 75pk Selection,Opel,Karl,2017,5925,147500,Benzine,Handgeschakeld,55,Hatchback,Wit
6fae38144336ce1b,2026-07-16T06:00:05.417590,2026-07-23T06:04:19.444198,"Peugeot 308 - SW 1.2 PureTech Active, PDC, Clima, Navi, Panodak, CC",Peugeot,308,2014,5940,139950,Benzine,Handgeschakeld,96,,Zwart
8fc53a07248e2f48,2026-07-16T06:00:05.445260,2026-07-25T06:05:44.269206,MINI Cooper - 1.6 Business Line,MINI,Cooper,2010,5350,152713,Benzine,Handgeschakeld,90,Hatchback,Zwart
5b937831c53c28c7,2026-07-16T06:00:05.445567,2026-07-19T06:02:53.747186,Renault Mégane - Estate 2.0T 180pk PRIVILEGE PANO | MEMORY | XENON | STOELVER,Renault,Mégane,2010,5750,149981,Benzine,Handgeschakeld,132,,Blauw
39a10b8bc3e7e932,2026-07-16T06:00:05.471968,2026-07-21T06:04:37.015756,Opel Agila - 1.2 Edition Airco trekhaak,Opel,Agila,2011,5750,98767,Benzine,Handgeschakeld,69,Hatchback,Blauw
14c9541088605550,2026-07-17T06:00:09.810401,2026-07-17T06:07:54.476761,Citroën DS3 - 1.2 PureTech So Chic - TOP onderhouden,Citroën,DS3,2015,4949,110611,Benzine,Handgeschakeld,60,Hatchback,Zwart
acdb0eb84184b073,2026-07-17T06:00:09.869072,2026-07-17T06:07:54.484432,Ford Fiesta - 1.0 Titanium Apk |Led |5DR |Lm velgen,Ford,Fiesta,2016,5995,145892,Benzine,Handgeschakeld,59,Hatchback,Grijs
796b7e24bcc8a9c7,2026-07-17T06:00:09.937968,2026-07-27T06:11:07.714587,Fiat Panda - 1.2 Edizione Cool automaat,Fiat,Panda,2010,4950,108780,Benzine,Automaat,44,Hatchback,Beige
2e7a2170a1074a98,2026-07-17T06:00:09.968878,2026-07-27T06:11:07.635163,Suzuki Alto - 1.0 Celebrat. EASSS,Suzuki,Alto,2014,5250,85598,Benzine,Handgeschakeld,50,Hatchback,Wit
16db54594863aeab,2026-07-17T06:00:10.022145,2026-07-28T06:03:31.342621,Peugeot 107 - 1.0-12V XS Automaat-5 Deurs-Electrisch pakket ramen en vergr,Peugeot,107,2010,4995,143492,Benzine,Automaat,50,Hatchback,Grijs
8cbd6726ff27acf6,2026-07-17T06:00:10.077238,2026-07-21T06:04:36.966661,Seat Mii - 1.0 Style | AIRCO | 5-DEURS | ELEKTRISCHE RAMEN | RADIO | AU,Seat,Mii,2013,5900,89214,Benzine,Handgeschakeld,44,Hatchback,Zwart
0753663995636742,2026-07-17T06:00:10.078240,2026-07-22T06:02:57.390167,Peugeot 107 - 1.0 Active | Afn. trekhaak | Airco | Elek. ramen | Led | Cen,Peugeot,107,2013,4950,92745,Benzine,Handgeschakeld,50,Hatchback,Zwart
acf89ec055d99b3b,2026-07-17T06:00:10.113104,2026-07-28T06:03:31.223578,Seat Mii - 1.0 Style | 1e eigenaar | Airco | FM-Radio | Elektrische ram,Seat,Mii,2012,4740,126798,Benzine,Handgeschakeld,55,Hatchback,Wit
70e874d6ea244a1c,2026-07-17T06:00:10.266945,2026-07-20T06:15:00.507378,Fiat 500C - 0.9 TwinAir Turbo Easy,Fiat,500C,2014,5450,153015,Benzine,Handgeschakeld,59,Cabriolet,Blauw
bd350bc54b784b40,2026-07-17T06:00:10.267403,2026-07-26T06:04:06.633698,Opel Corsa - 1.2-16V Design Edition |Navigatie| Stoelverwarming| lage Kms,Opel,Corsa,2013,5630,90413,Benzine,Handgeschakeld,63,Hatchback,Zwart
3935dd683739b366,2026-07-17T06:00:10.267855,2026-07-30T06:02:36.801296,"Smart ForFour - 1.0 5 Deurs - Airco, Cruise",Smart,ForFour,2018,5845,117738,Benzine,Handgeschakeld,52,Hatchback,Grijs
13343fee4068b200,2026-07-17T06:00:10.269635,2026-07-26T06:04:06.631174,Volkswagen Up! - 1.0 move up! BlueMotion | Stoelverwarming | Airco | Nette St,Volkswagen,Up!,2012,4995,123122,Benzine,Handgeschakeld,55,Hatchback,Rood
9d9cbbf00fd5e121,2026-07-17T06:00:10.270341,2026-07-21T06:04:37.168996,Fiat Punto - 0.9 TwinAir Lounge,Fiat,Punto,2014,5490,127672,Benzine,Handgeschakeld,74,Hatchback,Grijs
5afafc45ea1f293d,2026-07-19T06:00:06.563923,2026-07-30T06:02:36.932794,Peugeot 108 - 1.0 e-VTi Access | Airco | Stuurbekrachtiging | Achterbank n,Peugeot,108,2014,5950,109872,Benzine,Handgeschakeld,50,Hatchback,Blauw
868d68019b5137ad,2026-07-19T06:00:06.565240,2026-07-27T06:11:07.697036,Skoda Fabia - 1.6-16V SPRINT Trekhaak 100%NL (All-in prijs),Skoda,Fabia,2010,4990,132608,Benzine,Handgeschakeld,77,Hatchback,Grijs
9b6c0d70f56651c5,2026-07-19T06:00:06.611254,2026-07-21T06:04:37.029085,Suzuki Swift - 1.3 Exclusive Automaat,Suzuki,Swift,2007,5250,126986,Benzine,Automaat,68,Hatchback,Rood
3627d3ceb0d4ea52,2026-07-19T06:00:06.613779,2026-07-30T06:02:36.881801,Fiat 500 - 1.0 TwinAir Pop |NL auto|goed onderhouden|airco|elek ramen|,Fiat,500,2014,4995,109194,Benzine,Handgeschakeld,44,Hatchback,Grijs
76af97921e36d9e3,2026-07-19T06:00:06.614076,2026-07-24T06:03:55.105905,Seat Ibiza - SC 1.2 TSI Style 105 PK XENON LED CRUISE CLIMA STOELVERW,Seat,Ibiza,2011,4999,138619,Benzine,Handgeschakeld,77,Hatchback,Wit
9e8b3f3b3cf142f8,2026-07-19T06:00:06.641695,2026-07-30T06:02:37.000789,Fiat 500 - 1.2 Sport Airco / Half-Leder / PDC / Bluetooth / LM-Velgen,Fiat,500,2013,5493,101644,Benzine,Handgeschakeld,51,Hatchback,Rood
f9ab76cc6aa20919,2026-07-19T06:00:06.642392,2026-07-29T06:02:56.139439,Fiat 500C - 1.2 | Cabrio | Carplay | Airco | NAP | PDC,Fiat,500C,2010,5995,104279,Benzine,Handgeschakeld,51,Cabriolet,Grijs
ae8b978f44bae15c,2026-07-19T06:00:06.673715,2026-07-20T06:15:00.285626,"Renault Clio - 0, 9 TCe Expression [ Airco Cruise Navigatie]",Renault,Clio,2015,4945,154388,Benzine,Handgeschakeld,66,Hatchback,Grijs
4589049649e37526,2026-07-19T06:00:06.674080,2026-07-25T06:05:44.268288,Renault Kangoo - 1.5dCi 90pk Euro 6,Renault,Kangoo,2020,5850,157110,Diesel,Handgeschakeld,66,,Groen
acc32f96a96753ca,2026-07-19T06:00:06.704203,2026-07-20T06:15:00.315259,Fiat Panda - 1.2 Classic | Airco | Elektrische ramen | Centrale vergrende,Fiat,Panda,2012,4750,74584,Benzine,Handgeschakeld,50,Hatchback,Grijs
e5506f1a613fe4cf,2026-07-19T06:00:06.704884,2026-07-28T06:03:31.224549,Peugeot 108 - 1.0 5-DRS e-VTi Active Pack Premium Airco Bluetooth Led 5 de,Peugeot,108,2014,4740,144008,Benzine,Handgeschakeld,51,Hatchback,Zwart
72d9286d9e2263cb,2026-07-19T06:00:06.706256,2026-07-27T06:11:07.753344,Hyundai i30 - CW 1.6i i-Drive Cool | Stoelverwarming | Trekhaak,Hyundai,i30,2011,5450,128478,Benzine,Handgeschakeld,93,,Grijs
fc0b4573620f3316,2026-07-19T06:00:06.740458,2026-07-29T06:02:56.196612,Seat Mii - 1.0 Sport Connect,Seat,Mii,2015,5950,124774,Benzine,Handgeschakeld,44,Hatchback,Rood
c1267bd42806d701,2026-07-19T06:00:06.770333,2026-07-19T06:02:53.894111,Peugeot 207 - CC 1.6 VTi Roland Garros (12 mnd BOVAG-garantie),Peugeot,207,2012,5745,119697,Benzine,Automaat,88,Cabriolet,Wit
f2d584ac8fe2817e,2026-07-19T06:00:06.790805,2026-07-23T06:04:19.394215,Toyota Yaris - 1.0 VVTi Cool,Toyota,Yaris,2010,5950,104486,Benzine,Handgeschakeld,51,Hatchback,Wit
89d0d63651c479ea,2026-07-19T06:00:06.792738,2026-07-26T06:04:06.775812,Nissan Micra - 1.2 Acenta AIRCO-5DRS-CV,Nissan,Micra,2011,4950,112410,Benzine,Handgeschakeld,60,Hatchback,Grijs
9aac749e33773dc7,2026-07-19T06:00:06.831442,2026-07-29T06:02:56.360670,Peugeot 208 - 1.2 PureTech Urban Soul - Navigatie I Airco Sport velgen I P,Peugeot,208,2016,5900,91071,Benzine,Handgeschakeld,60,Hatchback,Grijs
0cd56310015c4aa0,2026-07-19T06:00:06.831767,2026-07-30T06:02:36.878873,Ford Ka - 1.2 Titanium X start/stop | Airco | Mistlampen,Ford,Ka,2016,5995,81124,Benzine,Handgeschakeld,51,Hatchback,Rood
dc5aa712795e6a9e,2026-07-19T06:00:06.833949,2026-07-27T06:11:07.634687,Fiat Punto - 0.9 TwinAir 5-DRS Street AIRCO NAVI CRUISE BLUE&ME NAP,Fiat,Punto,2014,4750,110805,Benzine,Handgeschakeld,74,Hatchback,Grijs
a464132c1bf7109f,2026-07-19T06:00:06.834248,2026-07-25T06:05:44.267656,Opel Agila - 1.0 5-DRS Berlin AIRCO LMV STYLE PAKKET NAP,Opel,Agila,2013,5500,72560,Benzine,Handgeschakeld,50,Hatchback,Bruin
7f354decc0878091,2026-07-20T06:12:19.409560,2026-07-29T06:02:56.397859,Fiat Panda - 0.9 TwinAir Edizione Cool - Airco I Comfort pakket I 74.000,Fiat,Panda,2014,5900,74633,Benzine,Handgeschakeld,59,Hatchback,Zwart
6976b4144e2d55da,2026-07-20T06:12:19.429605,2026-07-20T06:15:00.317248,Volkswagen Up! - 1.0 BMT take up! [ Airco El ramen Bluetooth ],Volkswagen,Up!,2017,5945,114037,Benzine,Handgeschakeld,44,Hatchback,Wit
1cd82e64da1f8d5b,2026-07-20T06:12:19.451507,2026-07-26T06:04:06.776116,Citroën C1 - 1.0 e-VTi Feel | Airconditioning | 5 Deurs,Citroën,C1,2015,5900,118308,Benzine,Handgeschakeld,51,Hatchback,Grijs
3544f2df5d33777e,2026-07-20T06:12:19.454303,2026-07-27T06:11:07.769312,Toyota Aygo - 1.0 l AIRCO l ELEK. RAMEN l APK l ALL-IN PRIJS,Toyota,Aygo,2010,4950,52098,Benzine,Handgeschakeld,50,Hatchback,Grijs
982c07ca2b71a576,2026-07-20T06:12:19.490719,2026-07-20T06:15:00.379578,Peugeot 107 - 1.0 Envy | Airco | Elektrische ramen voor,Peugeot,107,2014,4900,107351,Benzine,Handgeschakeld,50,Hatchback,Zwart
64faaea2e4e7dd4c,2026-07-20T06:12:19.494465,2026-07-21T06:04:37.129416,Volkswagen Up! - 5drs Airco CUP Pano+stoelverw,Volkswagen,Up!,2014,5950,122000,Benzine,Handgeschakeld,44,Hatchback,Blauw
0c03887ccf0a7726,2026-07-20T06:12:19.552893,2026-07-29T06:02:56.360030,Peugeot 2008 - 1.2 PureTech Active 110PK | Airco | Panoramadak | Cruise Con,Peugeot,2008,2016,5995,115415,Benzine,Handgeschakeld,81,SUV / Terreinwagen,Grijs
48f49d51cce5bf5f,2026-07-20T06:12:19.554222,2026-07-20T06:15:00.474740,Citroën C4 Cactus - 1.2 PureTech Business Plus Panoramadak Trekhaak Camera Parke,Citroën,C4,2016,5890,153256,Benzine,Handgeschakeld,81,SUV / Terreinwagen,Wit
294a87ad16e258bb,2026-07-20T06:12:19.584602,2026-07-28T06:03:31.197834,Peugeot 107 - 1.0-12V XS | Airco | Radio | Centrale deurvergrendeling | El,Peugeot,107,2012,4950,127495,Benzine,Handgeschakeld,50,Hatchback,Zwart
60a3c2b9126642db,2026-07-21T06:00:09.167495,2026-07-30T06:02:36.855156,Citroën C1 - 1.0 e-VTi Feel AIRCO | MF STUUR | LMV,Citroën,C1,2014,4950,131176,Benzine,Handgeschakeld,51,Hatchback,Wit
f71724e3bf0b8420,2026-07-21T06:00:09.168233,2026-07-25T06:05:44.152190,Toyota Aygo - 1.0-12V Now,Toyota,Aygo,2012,5495,159680,Benzine,Handgeschakeld,50,Hatchback,Zwart
0ba2f71f875e48f6,2026-07-21T06:00:09.217305,2026-07-29T06:02:56.328701,Renault Clio - Estate 0.9 TCe Night&Day,Renault,Clio,2015,5950,159000,Benzine,Handgeschakeld,66,,Zwart
fe9007d559574b3b,2026-07-21T06:00:09.244078,2026-07-25T06:05:44.235642,Ford Fiesta - 1.0 EcoBoost Titanium| Airco | NWE RIEM | LMV |,Ford,Fiesta,2013,5950,144762,Benzine,Handgeschakeld,74,Hatchback,Zwart
3856fd8e4aa51295,2026-07-21T06:00:09.244423,2026-07-25T06:05:44.202021,Seat Ibiza - 1.2 ST Airco / Electr ramen voor airco,Seat,Ibiza,2012,4950,146225,Benzine,Handgeschakeld,44,,Wit
f5002c2b6663313c,2026-07-21T06:00:09.245121,2026-07-25T06:05:44.201667,Fiat 500C - 0.9 TwinAir Lounge Cabrio | Origineel nederlands,Fiat,500C,2012,5945,84173,Benzine,Handgeschakeld,63,Hatchback,Blauw
b79cb635394fd6a2,2026-07-21T06:00:09.322450,2026-07-22T06:02:57.498211,Hyundai i20 - 1.2i Plus,Hyundai,i20,2012,5950,118622,Benzine,Handgeschakeld,57,Hatchback,Blauw
89ac366ce2ea9e89,2026-07-21T06:00:09.438249,2026-07-23T06:04:19.328394,Peugeot 108 - 1.2 VTi Allure | Camera | 100% Dealer OH! | NL-auto | Cruise,Peugeot,108,2014,4895,127252,Benzine,Handgeschakeld,60,Hatchback,Wit
d55c97ebee9837a4,2026-07-21T06:00:09.504214,2026-07-30T06:02:36.999844,"Nissan Micra - 1.2 DIG-S Connect Edition, Airco, Nieuwe koppeling, All seas",Nissan,Micra,2015,5950,100345,Benzine,Handgeschakeld,72,Hatchback,Grijs
f5c6169c1871b524,2026-07-21T06:00:09.537995,2026-07-30T06:02:36.899867,Renault Twingo - 1.0 SCe Collection | Cruise Control | Airco | Radio |,Renault,Twingo,2016,5900,131346,Benzine,Handgeschakeld,52,Hatchback,Wit
a97cb6eeafcb05b1,2026-07-22T06:00:07.540825,2026-07-26T06:04:06.703912,Suzuki Alto - 1.0 Comfort VVT Airco Parkeersensor,Suzuki,Alto,2012,4950,102310,Benzine,Handgeschakeld,50,Hatchback,Grijs
6e6dab48af91dbda,2026-07-22T06:00:07.542432,2026-07-29T06:02:56.255915,"Hyundai i20 - 1.2i i-Deal, Airco, elek pakket, Led",Hyundai,i20,2014,5940,104479,Benzine,Handgeschakeld,63,Hatchback,Grijs
68835ba0fefd5109,2026-07-22T06:00:07.567584,2026-07-22T06:02:57.425220,"Hyundai i20 - 1.2i Business Edition, Airco, Achteruitrijcamera, Scherpe pr",Hyundai,i20,2013,5950,122106,Benzine,Handgeschakeld,63,Hatchback,Grijs
feadbc9e77905c53,2026-07-22T06:00:07.571259,2026-07-30T06:02:36.957836,Peugeot 208 - 1.2 PureTech Active NAVI | PDC | CRUISE CONTROL,Peugeot,208,2017,4999,159458,Benzine,Handgeschakeld,60,Hatchback,Wit
0aa0d249f362f8ed,2026-07-22T06:00:07.573777,2026-07-28T06:03:31.309787,Hyundai i20 - 1.2i i-DEAL 5-DRS + AIRCO,Hyundai,i20,2014,5950,119592,Benzine,Handgeschakeld,63,Hatchback,Grijs
b0f1013df0552b69,2026-07-22T06:00:07.574399,2026-07-28T06:03:31.312147,"Nissan Qashqai - 2.0 Acenta climat control, Cimat-en Cruise Control, Trekhaak",Nissan,Qashqai,2009,5950,148282,Benzine,Handgeschakeld,104,SUV / Terreinwagen,Zwart
4c53e9d9bf45ccd8,2026-07-22T06:00:07.642889,2026-07-27T06:11:07.753688,Suzuki SX4 - 1.6 Limited,Suzuki,SX4,2011,5900,105875,Benzine,Handgeschakeld,88,MPV,Zilver
eed5358c8a18016f,2026-07-22T06:00:07.644928,2026-07-28T06:03:31.301420,Fiat 500 - 0.9 TwinAir Lounge Cabrio met nieuw dak,Fiat,500,2014,5995,124331,Benzine,Handgeschakeld,63,Hatchback,Zwart
61552f309c84240c,2026-07-22T06:00:07.678250,2026-07-29T06:02:56.433216,Volkswagen Up! - 1.0 60PK 3D BMT Take up,Volkswagen,Up!,2018,5950,157682,Benzine,Handgeschakeld,44,Hatchback,Wit
61d6fcc64a2ddaf6,2026-07-22T06:00:07.690339,2026-07-24T06:03:55.342068,"Renault Twingo - 1.2 16V Dynamique Climate Control, Cruise Control, El.ramen,",Renault,Twingo,2012,5840,86666,Benzine,Handgeschakeld,55,Hatchback,Geel
284c31c7a5318080,2026-07-22T06:00:07.711558,2026-07-27T06:11:07.715667,"Dacia Sandero - 0.9 TCE Laureate - Cruise, Airco",Dacia,Sandero,2019,5845,151516,Benzine,Handgeschakeld,54,Hatchback,Grijs
c904218d4ad3a1be,2026-07-22T06:00:07.711926,2026-07-25T06:05:44.270082,Peugeot 308 - SW 1.6 VTi (120 pk) Premiere - panoramadak - trekhaak,Peugeot,308,2011,5425,85440,Benzine,Handgeschakeld,88,,Grijs
76b0573facf3dcf8,2026-07-22T06:00:07.714006,2026-07-30T06:02:36.967953,Suzuki Swift - 1.2 Comfort EASSS,Suzuki,Swift,2011,5995,148210,Benzine,Handgeschakeld,69,Hatchback,Grijs
108a7d0e498671d4,2026-07-22T06:00:07.742814,2026-07-29T06:02:56.223652,Suzuki Splash - 1.2 Exclusive,Suzuki,Splash,2011,5950,150553,Benzine,Automaat,63,Hatchback,Grijs
1ef4ccc57a68fbcf,2026-07-22T06:00:07.817755,2026-07-30T06:02:37.028738,Renault Clio - 0.9 TCe Dynamique | Climate Control | R-Link Navigatie | Cam,Renault,Clio,2013,5400,150877,Benzine,Handgeschakeld,66,Hatchback,Rood
95abf870c24cf585,2026-07-23T06:00:06.683644,2026-07-30T06:02:36.857138,Ford Fiesta - 1.4 Ghia / CLIMA,Ford,Fiesta,2009,4995,133157,Benzine,Handgeschakeld,71,Hatchback,Zwart
07687cf7a72f6e72,2026-07-23T06:00:06.686065,2026-07-23T06:04:19.387540,Citroën C4 Picasso - 1.6 VTi Collection Trekhaak | Leder | Climate Control | Pdc,Citroën,C4,2012,4999,89547,Benzine,Handgeschakeld,88,MPV,Bruin
17ee7a791a478aa4,2026-07-23T06:00:06.689094,2026-07-23T06:04:19.431097,Renault Mégane - Coupé-Cabriolet 2.0-16V Tech Line,Renault,Mégane,2009,4750,152614,Benzine,Handgeschakeld,99,Cabriolet,Blauw
2f1cda0357cccf2d,2026-07-23T06:00:06.693927,2026-07-30T06:02:36.854782,"Toyota Aygo - 1.0 VVT-i Aspiration Airco, 5Deuren (APK:Nieuw) Incl.Garanti",Toyota,Aygo,2014,4745,120000,Benzine,Handgeschakeld,50,Hatchback,Blauw
b75cdcf2943a5df8,2026-07-23T06:00:06.698467,2026-07-30T06:02:37.029045,Peugeot 108 - 1.0 e-Vti Active [ Airco Bluetooth LED ],Peugeot,108,2017,5245,152778,Benzine,Handgeschakeld,51,Hatchback,Grijs
7ec1b7c31d00b24d,2026-07-23T06:00:06.702086,2026-07-30T06:02:36.882105,Fiat Sedici - 1.6-16V Emotion Airco | Carplay-Android | Tr.hk,Fiat,Sedici,2012,5950,104881,Benzine,Handgeschakeld,88,MPV,Grijs
b76dfcb30e8bbc0e,2026-07-23T06:00:06.706049,2026-07-23T06:04:19.769970,Fiat Tipo - 1.4 16v Lounge,Fiat,Tipo,2016,5450,137801,Benzine,Handgeschakeld,70,Hatchback,Blauw
cd72cc53aceb6478,2026-07-23T06:00:06.709112,2026-07-23T06:04:19.835912,Toyota Yaris - Automaat 1.3 VVTi Sol MMT,Toyota,Yaris,2009,4950,133165,Benzine,Automaat,64,Hatchback,Grijs
6b0078567a611bf6,2026-07-24T06:00:09.713074,2026-07-29T06:02:56.226108,Citroën C3 - 1.2 PureTech Feel | Trekhaak | Airco | Cruise control,Citroën,C3,2017,5450,146173,Benzine,Handgeschakeld,60,Hatchback,Grijs
7ae5b087aa2bbac2,2026-07-24T06:00:09.748537,2026-07-30T06:02:36.974787,Kia Picanto - 1.0 CVVT EconomyLine 3-d - Cruise control - Radio/cd - Bluet,Kia,Picanto,2015,5500,95571,Benzine,Handgeschakeld,49,Hatchback,Wit
0e1a549ba9c7817a,2026-07-24T06:00:09.749961,2026-07-28T06:03:31.251005,"Dacia Sandero - 1.0 SCe Laureate - Airco, Cruise",Dacia,Sandero,2019,5845,141538,Benzine,Handgeschakeld,54,Hatchback,Zwart
0ffa937560cefc2c,2026-07-24T06:00:09.824137,2026-07-29T06:02:56.115514,Citroën C3 - 100% Onderhoud / Geen Import / Trekhaak,Citroën,C3,2015,5440,121024,Benzine,Handgeschakeld,50,Hatchback,Rood
cb6fbedf536e08f3,2026-07-24T06:00:09.825215,2026-07-24T06:03:55.174621,"Ford Fiesta - 1.25 Titanium, Lage km stand, 100% onderhouden, Airco, Blue",Ford,Fiesta,2012,5950,54978,Benzine,Handgeschakeld,60,Hatchback,Grijs
9c722eb6da4e808c,2026-07-24T06:00:09.857370,2026-07-29T06:02:56.285014,Hyundai i10 - 1.1 Dynamic Cool | Airco | Elek. ramen |,Hyundai,i10,2008,4950,81080,Benzine,Automaat,49,Hatchback,Rood
93a99b6af1cf252d,2026-07-24T06:00:09.888236,2026-07-24T06:03:55.215460,Suzuki Swift - 1.2 Comfort,Suzuki,Swift,2011,5995,125789,Benzine,Handgeschakeld,69,Hatchback,Wit
39c0bcc28e674284,2026-07-24T06:00:09.985026,2026-07-30T06:02:36.801959,Fiat 500 - 1.2 Popstar,Fiat,500,2015,5495,104809,Benzine,Handgeschakeld,51,Hatchback,Wit
dc54ee9e2b0fb71f,2026-07-24T06:00:10.016130,2026-07-28T06:03:31.309436,Peugeot 107 - 1.0 12V 5-Drs Automaat NW APK,Peugeot,107,2012,5499,144393,Benzine,Automaat,50,Hatchback,Paars
21c6c6877498ab9a,2026-07-24T06:00:10.017794,2026-07-30T06:02:36.975143,Fiat Panda - 1.2 Edizione Cool Automaat|Airco|Goed onderhouden.,Fiat,Panda,2009,4950,102008,Benzine,Automaat,44,Hatchback,Zwart
d16fd6fc57065236,2026-07-24T06:00:10.107788,2026-07-29T06:02:56.329312,Opel Corsa - 1.4-16V Cosmo,Opel,Corsa,2011,4750,105526,Benzine,Handgeschakeld,74,Hatchback,Bruin
87741da7cfd50ec8,2026-07-25T06:03:00.832860,2026-07-25T06:05:44.048560,Opel Corsa - 1.4 16V Berlin | Cruise control | Airco | Elektrische ramen,Opel,Corsa,2014,5749,115376,Benzine,Handgeschakeld,74,Hatchback,Grijs
56f6cd8d9e2908c1,2026-07-25T06:03:00.834375,2026-07-25T06:05:44.049749,Renault Twingo - 1.0 SCe Collection | Cruise Control | Airco | Bluetooth Tele,Renault,Twingo,2017,5940,120122,Benzine,Handgeschakeld,52,Hatchback,Wit
49f0500fd3a7b452,2026-07-25T06:03:00.901517,2026-07-29T06:02:56.329007,Peugeot 2008 - 1.2 VTi Active Full map navigatie | Parkeersensoren | Climat,Peugeot,2008,2014,5440,130881,Benzine,Handgeschakeld,60,SUV / Terreinwagen,Grijs
7173d8ead9d6e5f7,2026-07-25T06:03:00.975025,2026-07-26T06:04:06.856592,"Peugeot 308 - SW 1.2 PureTech - Navi, Cruise, Trekhaak",Peugeot,308,2017,5845,154425,Benzine,Handgeschakeld,81,,Wit
a24bf758f688a661,2026-07-25T06:03:00.992401,2026-07-27T06:11:07.635934,Ford B-Max - 1.0 EcoBoost Titanium NAP NAVI CAMERA,Ford,B-Max,2016,5990,105901,Benzine,Handgeschakeld,74,MPV,Blauw
9dedbb4dc7ffc864,2026-07-25T06:03:00.993166,2026-07-25T06:05:44.151265,Ford Fiesta - 150PK 2.0-16V ST | Origineel NL! | 100% Onderhoudshistorie!,Ford,Fiesta,2007,5950,156965,Benzine,Handgeschakeld,110,Hatchback,Zwart
2607c267edb64c10,2026-07-25T06:03:01.073596,2026-07-25T06:05:44.199039,Toyota Aygo - 1.0 12V VVT-I 5DRS Access,Toyota,Aygo,2012,4945,63874,Benzine,Handgeschakeld,50,Hatchback,Zwart
033bb2cbb55f0161,2026-07-25T06:03:01.159205,2026-07-29T06:02:56.327423,Opel Corsa - 1.4 Edition. Cruise,Opel,Corsa,2016,5949,136465,Benzine,Handgeschakeld,66,Hatchback,Wit
96bbcea6d7c2a304,2026-07-25T06:03:01.273383,2026-07-28T06:03:31.345249,Renault Clio - Estate 0.9 TCe Night&Day / Navigatie / Airco / LM Velgen / C,Renault,Clio,2014,5950,139715,Benzine,Handgeschakeld,66,,Grijs
c8a67aea84eb4dff,2026-07-26T06:00:13.302630,2026-07-26T06:04:06.674020,Peugeot 308 - 1.2 PureTech Active Trekhaak,Peugeot,308,2015,5950,131947,Benzine,Handgeschakeld,60,Hatchback,Grijs
3622a27fc1dda777,2026-07-26T06:00:13.420602,2026-07-28T06:03:31.196315,Peugeot 308 - 1.6 VTI ACTIVE / NW APK / Bluetooth / Trekhaak / Airco,Peugeot,308,2012,4750,137472,Benzine,Handgeschakeld,88,Hatchback,Grijs
8da9d47225ee624e,2026-07-26T06:00:13.507099,2026-07-26T06:04:06.740010,Alfa Romeo MiTo - 1.4T 170pk Quadrifoglio Verde CLIMATE CONTROL | PDC | LMV 18,Alfa,Romeo,2010,5750,132870,Benzine,Handgeschakeld,125,Hatchback,Zwart
0e4d4a77c5081ef2,2026-07-26T06:00:13.681211,2026-07-28T06:03:31.197529,Renault Twingo - 1.2 16V Dynamique | Climate Control | Cruise Control | 1e Ei,Renault,Twingo,2013,5740,53885,Benzine,Handgeschakeld,55,Hatchback,Zwart
02ec94c782879dac,2026-07-26T06:00:13.874890,2026-07-29T06:02:56.432917,Peugeot 108 - 1.2 Puretech Active Top Pack Premium Airco Cabriodak,Peugeot,108,2015,5900,157671,Benzine,Handgeschakeld,60,Hatchback,Zwart
f226e2725f460b59,2026-07-26T06:00:13.875339,2026-07-26T06:04:06.855344,Ford C-Max - 1.6 EcoBoost 150 Pk Titanium Trekhaak | Stoelverw | Blindspo,Ford,C-Max,2012,5999,157335,Benzine,Handgeschakeld,110,MPV,Oranje
e2b5dfdace95bdc8,2026-07-26T06:00:13.876077,2026-07-27T06:11:07.767484,Opel Astra - 1.6 16V 5D 85KW Edition *AIRCO,Opel,Astra,2010,5325,93607,Benzine,Handgeschakeld,85,Hatchback,Zwart
f43ee578f6ff841d,2026-07-26T06:00:14.000328,2026-07-26T06:04:06.874873,Seat Mii - 1.0 Style Chic Airco 2X SLEUTEL + BOEKJES,Seat,Mii,2014,4995,78129,Benzine,Handgeschakeld,44,Hatchback,Wit
fe27a4666608ea71,2026-07-26T06:00:14.054960,2026-07-26T06:04:06.915110,Opel Astra - 1.4 Turbo Edition Airco | LMV | Tr.hk,Opel,Astra,2010,4950,150527,Benzine,Handgeschakeld,103,Hatchback,Grijs
7b19c63646aa4ba2,2026-07-27T06:08:46.645361,2026-07-27T06:11:07.611178,Renault Twingo - 1.2 16V Collection AIRCO,Renault,Twingo,2013,4995,76925,Benzine,Handgeschakeld,55,Hatchback,Blauw
e5f3af7aa79fa82b,2026-07-27T06:08:46.686911,2026-07-27T06:11:07.614194,Skoda Yeti - 1.2 TSI Active Plus NAVI L.M. VELGEN ELEKTR PAKKET NWE APK,Skoda,Yeti,2010,5999,159828,Benzine,Handgeschakeld,77,SUV / Terreinwagen,Grijs
af4d94226177176a,2026-07-27T06:08:46.705087,2026-07-27T06:11:07.636337,Toyota Yaris - 1.0 VVT-i Aspiration | Airco | Camera | Bluetooth | El ramen,Toyota,Yaris,2012,5950,151247,Benzine,Handgeschakeld,51,Hatchback,Zwart
54dd0333b9c0e2b2,2026-07-27T06:08:46.705620,2026-07-27T06:11:07.636704,Alfa Romeo GT - 1.8 T.Spark imola,Alfa,Romeo,2008,5450,142660,Benzine,Handgeschakeld,103,,Grijs
0bc235040c7faad0,2026-07-27T06:08:46.706415,2026-07-30T06:02:36.932479,Fiat Panda - 0.9 TwinAir Lounge | AIRCO | TREKHAAK,Fiat,Panda,2012,5485,97437,Benzine,Handgeschakeld,63,Hatchback,Grijs
c6268104f4ef9875,2026-07-27T06:08:46.742502,2026-07-27T06:11:07.658012,Citroën C1 - 1.0 Tendance,Citroën,C1,2012,4940,55985,Benzine,Handgeschakeld,50,Hatchback,Zwart
e123d331d76a62ca,2026-07-27T06:08:46.799814,2026-07-27T06:11:07.677632,Opel Meriva - 1.6-16V Cosmo AUTOMAAT,Opel,Meriva,2010,4950,87087,Benzine,Automaat,77,MPV,Beige
d6e01b2b3c1850d8,2026-07-27T06:08:46.818512,2026-07-27T06:11:07.697336,"Ford Fiesta - 1.4 Titanium Stoelverwarming, Clima & LM 16''",Ford,Fiesta,2011,4850,124351,Benzine,Handgeschakeld,71,Hatchback,Wit
38a0198cb7973838,2026-07-27T06:08:46.825002,2026-07-30T06:02:36.967319,Fiat 500C - 0.9 TwinAir Turbo 500S Airco - Parkeersensor achter - Open d,Fiat,500C,2014,5950,150504,Benzine,Handgeschakeld,60,Cabriolet,Grijs
abecf080ceeed4cd,2026-07-27T06:08:46.890220,2026-07-30T06:02:36.932169,"Hyundai i20 - 1.2I 86Pk, Apple/Carplay, 4 Nwe Banden, Trekhaak",Hyundai,i20,2014,5490,154248,Benzine,Handgeschakeld,64,Hatchback,Grijs
2a8776c043037c22,2026-07-27T06:08:46.924086,2026-07-27T06:11:07.752734,Peugeot 107 - 1.0 Envy,Peugeot,107,2013,4750,121637,Benzine,Handgeschakeld,50,Hatchback,Zwart
20b526fd0d8ccd6e,2026-07-28T06:00:15.286225,2026-07-29T06:02:56.328382,Peugeot Expert - 2.0HDI L2/H1 Trekhaak Apk tot 24-2-2027,Peugeot,Expert,2014,4950,141589,Diesel,Handgeschakeld,121,,Wit
6fa8af352e6cd445,2026-07-28T06:00:15.337087,2026-07-30T06:02:36.856115,Kia Picanto - 1.0 CVVT ComfortLine | Airco | Radio |,Kia,Picanto,2016,5900,144826,Benzine,Handgeschakeld,51,Hatchback,Zwart
f45a7d520b1a4fac,2026-07-28T06:00:15.442399,2026-07-30T06:02:36.902068,Opel Meriva - 1.4 Turbo Edition | Trekhaak | Cruise Control | Airco | Hoge,Opel,Meriva,2011,5950,116491,Benzine,Handgeschakeld,88,MPV,Zwart
3acb6a81dc514eb8,2026-07-28T06:00:15.481160,2026-07-28T06:03:31.223886,Kia Venga - 1.4 CVVT X-tra Airco|pdc|Cruise,Kia,Venga,2011,5249,112453,Benzine,Handgeschakeld,65,MPV,Grijs
cddf675fc69d3f7b,2026-07-28T06:00:15.739535,2026-07-30T06:02:36.898857,Renault Twingo - 1.2 16V 75pk Collection,Renault,Twingo,2013,4835,109454,Benzine,Handgeschakeld,55,Hatchback,Zwart
d56abc83c39df719,2026-07-28T06:00:15.770761,2026-07-28T06:03:31.254496,Fiat 500 - 0.9 TwinAir Lounge,Fiat,500,2012,4750,159053,Benzine,Handgeschakeld,63,Hatchback,Grijs
2f430563c0a2010c,2026-07-28T06:00:15.771120,2026-07-29T06:02:56.198451,Opel Corsa - Ecoflex-1.2-16V 2013|5-Deurs|Airco|Cruise|,Opel,Corsa,2013,4950,117000,Benzine,Handgeschakeld,63,Hatchback,Zwart
277eecd3e1ac1293,2026-07-28T06:00:15.773503,2026-07-28T06:03:31.281005,Fiat Panda - 1.2 Classic | Airco | Elektrische ramen | Centrale vergrende,Fiat,Panda,2012,4750,74628,Benzine,Handgeschakeld,50,Hatchback,Grijs
1589073f391f4489,2026-07-28T06:00:15.907075,2026-07-29T06:02:56.431339,Fiat Punto - 0.9 TwinAir Street TREKHAAK,Fiat,Punto,2014,4990,105924,Benzine,Handgeschakeld,74,Hatchback,Zwart
65e45f6ee9180dfe,2026-07-28T06:00:16.260993,2026-07-28T06:03:31.395737,Kia Venga - 1.4 CVVT Plus Pack | AIRCO |,Kia,Venga,2012,5950,120975,Benzine,Handgeschakeld,66,MPV,Zwart
ba1b1654e9885d35,2026-07-28T06:00:16.261937,2026-07-28T06:03:31.396664,Volkswagen Up! - 1.0 MOVE UP! BLUEM.,Volkswagen,Up!,2013,4750,138261,Benzine,Handgeschakeld,44,Hatchback,Wit
68c2eb080e4d6ebf,2026-07-29T06:00:06.645007,2026-07-29T06:02:56.116012,Fiat Punto - 0.9 TwinAir Lounge/ ZEER ZUINIG/ LAAG KM,Fiat,Punto,2016,4995,96689,Benzine,Handgeschakeld,73,Hatchback,Grijs
4b5441fd3cbb7b51,2026-07-29T06:00:06.697348,2026-07-29T06:02:56.224113,Fiat 500 - 0.9 TwinAir 500S,Fiat,500,2013,4950,112110,Benzine,Handgeschakeld,63,Hatchback,Blauw
a00887a02d0ec1ea,2026-07-29T06:00:06.697974,2026-07-29T06:02:56.224801,"Peugeot 2008 - 1.2 PureTech Blue Lion, Airco, Navi, PDC, Airco, Trekhaak",Peugeot,2008,2016,5940,148875,Benzine,Handgeschakeld,60,SUV / Terreinwagen,Wit
f7733520c9b61e9c,2026-07-29T06:00:06.780117,2026-07-30T06:02:36.900828,Citroën C1 - FEEL 5DRS AIRCO,Citroën,C1,2014,5750,133227,Benzine,Handgeschakeld,51,Hatchback,Rood
29af98ef1912f350,2026-07-29T06:00:06.811741,2026-07-29T06:02:56.359048,Mitsubishi Space Star - 1.0 Active 5-Drs 1e EIGENAAR,Mitsubishi,Space,2019,5750,84590,Benzine,Handgeschakeld,52,Hatchback,Wit
e572724001cbd20e,2026-07-29T06:00:06.846283,2026-07-29T06:02:56.397552,Mitsubishi Space Star - 1.0 Inform,Mitsubishi,Space,2015,4950,102845,Benzine,Handgeschakeld,52,Hatchback,Wit
3e4fb6711068dd62,2026-07-29T06:00:06.871581,2026-07-29T06:02:56.398463,"Mercedes-Benz B-klasse - 160 BlueEFFICIENCY Business Class, Airco, Navi, Lmv's, ...",Mercedes-Benz,B-klasse,2011,5250,141659,Benzine,Handgeschakeld,70,MPV,Zwart
4249d0599925ad5c,2026-07-29T06:00:06.872616,2026-07-29T06:02:56.431678,Toyota Aygo - 1.0 VVT-i x-fun/ SIDE BARS/ AIRCO/ ZEER ZUINIG,Toyota,Aygo,2017,5945,144927,Benzine,Handgeschakeld,51,Hatchback,Rood
105d8f2862f0888c,2026-07-30T06:00:04.318542,2026-07-30T06:02:36.800235,"Peugeot 107 - 1.0 Access Accent Airco, 5-deurs, Nederlandse auto welke van",Peugeot,107,2014,5899,83436,Benzine,Handgeschakeld,50,Hatchback,Zwart
39b1ea7a02513394,2026-07-30T06:00:04.329713,2026-07-30T06:02:36.879258,Peugeot 108 - 1.0 e-VTi Access,Peugeot,108,2017,4950,105572,Benzine,Handgeschakeld,51,Hatchback,Zwart
bb77316b4dc0a9bd,2026-07-30T06:00:04.330327,2026-07-30T06:02:36.879914,Fiat 500C - 0.9 TwinAir Lounge | NAP | Cabrio | Airco |,Fiat,500C,2013,5950,98882,Benzine,Handgeschakeld,63,Cabriolet,Grijs
f661bb4d29fb44c5,2026-07-30T06:00:04.331604,2026-07-30T06:02:36.881185,Opel Agila - 1.0 Edition,Opel,Agila,2012,4990,81750,Benzine,Handgeschakeld,50,Hatchback,Grijs
4c6ad0ecb860cf24,2026-07-30T06:00:04.340093,2026-07-30T06:02:36.901765,Toyota Aygo - 1.0-12V Comfort Nav.,Toyota,Aygo,2012,5950,139685,Benzine,Automaat,50,Hatchback,Wit
a89f6960db70279f,2026-07-30T06:00:04.340707,2026-07-30T06:02:36.902380,Ford Fiesta - 1.0 STYLE ULTIMATE,Ford,Fiesta,2016,5950,137219,Benzine,Handgeschakeld,59,Hatchback,Bruin
0803b003919770b1,2026-07-30T06:00:04.351960,2026-07-30T06:02:36.999522,"Dacia Sandero - 0.9 TCe Stepway Lauréate Airco, Cruise Control, Navigatie, P",Dacia,Sandero,2013,5950,110945,Benzine,Handgeschakeld,66,Hatchback,Grijs
